{
"__comment": "Designed by Sibsib92 with BDcraft Cubik PRO 0.90 Beta - http://bdcraft.net",
"ambientocclusion": false,
"textures": {
    "particle": "blocks/door_acacia_lower",
    "texture": "blocks/planks_acacia",
    "hinge": "blocks/cauldron_inner"
},
"elements": [ 
{
    "__comment": "Hinge",
    "from": [ -0.25, 4, -0.25 ],
    "to": [ 3.25, 6, 0.75 ],
    "faces": {
        "down":  { "uv": [ 3, 1, 0, 0 ], "texture": "#hinge" },
        "up":    { "uv": [ 0, 0, 3, 1 ], "texture": "#hinge" },
        "north": { "uv": [ 0, 0, 3, 2 ], "texture": "#hinge" },
        "south": { "uv": [ 0, 0, 3, 2 ], "texture": "#hinge" },
        "west":  { "uv": [ 0, 0, 1, 2 ], "texture": "#hinge" },
        "east":  { "uv": [ 0, 0, 1, 2 ], "texture": "#hinge" }
    }
},
{
    "__comment": "Hinge",
    "from": [ -0.25, 15, -0.25 ],
    "to": [ 3.25, 17, 0.75 ],
    "faces": {
        "down":  { "uv": [ 3, 1, 0, 0 ], "texture": "#hinge" },
        "up":    { "uv": [ 0, 0, 3, 1 ], "texture": "#hinge" },
        "north": { "uv": [ 0, 0, 3, 2 ], "texture": "#hinge" },
        "south": { "uv": [ 0, 0, 3, 2 ], "texture": "#hinge" },
        "west":  { "uv": [ 0, 0, 1, 2 ], "texture": "#hinge" },
        "east":  { "uv": [ 0, 0, 1, 2 ], "texture": "#hinge" }
    }
},
{
    "__comment": "Hinge",
    "from": [ -0.25, 26, -0.25 ],
    "to": [ 3.25, 28, 0.75 ],
    "faces": {
        "down":  { "uv": [ 3, 1, 0, 0 ], "texture": "#hinge" },
        "up":    { "uv": [ 0, 0, 3, 1 ], "texture": "#hinge" },
        "north": { "uv": [ 0, 0, 3, 2 ], "texture": "#hinge" },
        "south": { "uv": [ 0, 0, 3, 2 ], "texture": "#hinge" },
        "west":  { "uv": [ 0, 0, 1, 2 ], "texture": "#hinge" },
        "east":  { "uv": [ 0, 0, 1, 2 ], "texture": "#hinge" }
    }
},
{
    "__comment": "Handle",
    "from": [ -0.5, 16.25, 14.25 ],
    "to": [ 3.5, 16.75, 14.75 ],
    "faces": {
        "down":  { "uv": [ 16, 14.5, 12, 14 ], "texture": "#hinge" },
        "up":    { "uv": [ 0, 14, 4, 14.5 ], "texture": "#hinge" },
        "north": { "uv": [ 12, 15.25, 16, 15.75 ], "texture": "#hinge" },
        "south": { "uv": [ 0, 15.25, 4, 15.75 ], "texture": "#hinge" }
    }
},
{
    "__comment": "Handle",
    "from": [ -1, 16, 13 ],
    "to": [ -0.5, 17, 15 ],
    "faces": {
        "down":  { "uv": [ 16, 15, 15.5, 13 ], "texture": "#hinge" },
        "up":    { "uv": [ 0, 13, 0.5, 15 ], "texture": "#hinge" },
        "north": { "uv": [ 15.5, 15, 16, 16 ], "texture": "#hinge" },
        "south": { "uv": [ 0, 15, 0.5, 16 ], "texture": "#hinge" },
        "west":  { "uv": [ 13, 15, 15, 16 ], "texture": "#hinge" },
        "east":  { "uv": [ 1, 15, 3, 16 ], "texture": "#hinge" }
    }
},
{
    "__comment": "Handle",
    "from": [ 3.5, 16, 13 ],
    "to": [ 4, 17, 15 ],
    "faces": {
        "down":  { "uv": [ 12.5, 15, 12, 13 ], "texture": "#hinge" },
        "up":    { "uv": [ 3.5, 13, 4, 15 ], "texture": "#hinge" },
        "north": { "uv": [ 12, 15, 12.5, 16 ], "texture": "#hinge" },
        "south": { "uv": [ 3.5, 15, 4, 16 ], "texture": "#hinge" },
        "west":  { "uv": [ 13, 15, 15, 16 ], "texture": "#hinge" },
        "east":  { "uv": [ 1, 15, 3, 16 ], "texture": "#hinge" }
    }
},
{
    "__comment": "Handle",
    "from": [ -1.5, 16, 11.5 ],
    "to": [ -1, 17, 13.5 ],
    "faces": {
        "down":  { "uv": [ 16, 13.5, 15.5, 11.5 ], "texture": "#hinge" },
        "up":    { "uv": [ 0, 11.5, 0.5, 13.5 ], "texture": "#hinge" },
        "north": { "uv": [ 15.5, 15, 16, 16 ], "texture": "#hinge" },
        "south": { "uv": [ 0, 15, 0.5, 16 ], "texture": "#hinge" },
        "west":  { "uv": [ 11.5, 15, 13.5, 16 ], "texture": "#hinge" },
        "east":  { "uv": [ 2.5, 15, 4.5, 16 ], "texture": "#hinge" }
    }
},
{
    "__comment": "Handle",
    "from": [ 4, 16, 11.5 ],
    "to": [ 4.5, 17, 13.5 ],
    "faces": {
        "down":  { "uv": [ 12, 13.5, 11.5, 11.5 ], "texture": "#hinge" },
        "up":    { "uv": [ 4, 11.5, 4.5, 13.5 ], "texture": "#hinge" },
        "north": { "uv": [ 11.5, 15, 12, 16 ], "texture": "#hinge" },
        "south": { "uv": [ 4, 15, 4.5, 16 ], "texture": "#hinge" },
        "west":  { "uv": [ 11.5, 15, 13.5, 16 ], "texture": "#hinge" },
        "east":  { "uv": [ 2.5, 15, 4.5, 16 ], "texture": "#hinge" }
    }
},
{
    "__comment": "Handle",
    "from": [ 3.5, 16, 11 ],
    "to": [ 4, 17, 12 ],
    "faces": {
        "down":  { "uv": [ 12.5, 12, 12, 11 ], "texture": "#hinge" },
        "up":    { "uv": [ 3.5, 11, 4, 12 ], "texture": "#hinge" },
        "north": { "uv": [ 12, 15, 12.5, 16 ], "texture": "#hinge" },
        "south": { "uv": [ 3.5, 15, 4, 16 ], "texture": "#hinge" },
        "west":  { "uv": [ 11, 15, 12, 16 ], "texture": "#hinge" },
        "east":  { "uv": [ 4, 15, 5, 16 ], "texture": "#hinge" }
    }
},
{
    "__comment": "Handle",
    "from": [ -1, 16, 11 ],
    "to": [ -0.5, 17, 12 ],
    "faces": {
        "down":  { "uv": [ 12.5, 12, 12, 11 ], "texture": "#hinge" },
        "up":    { "uv": [ 3.5, 11, 4, 12 ], "texture": "#hinge" },
        "north": { "uv": [ 12, 15, 12.5, 16 ], "texture": "#hinge" },
        "south": { "uv": [ 3.5, 15, 4, 16 ], "texture": "#hinge" },
        "west":  { "uv": [ 11, 15, 12, 16 ], "texture": "#hinge" },
        "east":  { "uv": [ 4, 15, 5, 16 ], "texture": "#hinge" }
    }
},
{
    "__comment": "Top Diag Vert",
    "from": [ 0, 16, 14 ],
    "to": [ 1.5, 30, 15.5 ],
    "rotation": { "origin": [ 0, 16, 14 ], "axis": "y", "angle": 45 },
    "faces": {
        "north": { "uv": [ 13, 2, 14, 16 ], "texture": "#texture" }
    }
},
{
    "__comment": "Top Diag Vert",
    "from": [ 0.875, 16, 14 ],
    "to": [ 2.375, 30, 15.5 ],
    "rotation": { "origin": [ 0.875, 16, 14 ], "axis": "y", "angle": 45 },
    "faces": {
        "east":  { "uv": [ 2, 2, 3, 16 ], "texture": "#texture" }
    }
},
{
    "__comment": "Top Diag Vert",
    "from": [ 0, 16, 2 ],
    "to": [ 1.5, 30, 3.5 ],
    "rotation": { "origin": [ 0, 16, 2 ], "axis": "y", "angle": 45 },
    "faces": {
        "west":  { "uv": [ 2, 2, 3, 16 ], "texture": "#texture" }
    }
},
{
    "__comment": "Top Diag Vert",
    "from": [ 0.875, 16, 2 ],
    "to": [ 2.375, 30, 3.5 ],
    "rotation": { "origin": [ 0.875, 16, 2 ], "axis": "y", "angle": 45 },
    "faces": {
        "south": { "uv": [ 13, 2, 14, 16 ], "texture": "#texture" }
    }
},
{
    "__comment": "Bot Diag Horiz",
    "from": [ 0, 0.5, 2 ],
    "to": [ 1.5, 2, 14 ],
    "rotation": { "origin": [ 0, 2, 2 ], "axis": "z", "angle": 45 },
    "faces": {
        "up":    { "uv": [ 2, 13, 14, 14 ], "rotation": 90, "texture": "#texture" }
    }
},
{
    "__comment": "Bot Diag Horiz",
    "from": [ 0.875, 0.5, 2 ],
    "to": [ 2.375, 2, 14 ],
    "rotation": { "origin": [ 0.875, 2, 2 ], "axis": "z", "angle": 45 },
    "faces": {
        "east":  { "uv": [ 2, 13, 14, 14 ], "texture": "#texture" }
    }
},
{
    "__comment": "Top Diag Horiz",
    "from": [ 0, 28.5, 2 ],
    "to": [ 1.5, 30, 14 ],
    "rotation": { "origin": [ 0, 30, 2 ], "axis": "z", "angle": 45 },
    "faces": {
        "west":  { "uv": [ 2, 2, 14, 3 ], "texture": "#texture" }
    }
},
{
    "__comment": "Top Diag Horiz",
    "from": [ 0.875, 28.5, 2 ],
    "to": [ 2.375, 30, 14 ],
    "rotation": { "origin": [ 0.875, 30, 2 ], "axis": "z", "angle": 45 },
    "faces": {
        "down":  { "uv": [ 2, 2, 14, 3 ], "rotation": 90, "texture": "#texture" }
    }
},
{
    "__comment": "Door Bot",
    "from": [ 0, 2, 14 ],
    "to": [ 3, 16, 16 ],
    "faces": {
        "north": { "uv": [ 13, 0, 16, 14 ], "texture": "#texture" },
        "south": { "uv": [ 0, 0, 3, 14 ], "texture": "#texture" },
        "west":  { "uv": [ 14, 0, 16, 14 ], "texture": "#texture" },
        "east":  { "uv": [ 0, 0, 2, 14 ], "texture": "#texture" }
    }
},
{
    "__comment": "Door Bot",
    "from": [ 0, 2, 0 ],
    "to": [ 3, 16, 2 ],
    "faces": {
        "north": { "uv": [ 13, 0, 16, 14 ], "texture": "#texture" },
        "south": { "uv": [ 0, 0, 3, 14 ], "texture": "#texture" },
        "west":  { "uv": [ 0, 0, 2, 14 ], "texture": "#texture" },
        "east":  { "uv": [ 14, 0, 16, 14 ], "texture": "#texture" }
    }
},
{
    "__comment": "Door Bot",
    "from": [ 0, 0, 0 ],
    "to": [ 3, 2, 16 ],
    "faces": {
        "down":  { "uv": [ 16, 15, 0, 12 ], "rotation": 90, "texture": "#texture" },
        "up":    { "uv": [ 0, 4, 16, 7 ], "rotation": 90, "texture": "#texture" },
        "north": { "uv": [ 13, 14, 16, 16 ], "texture": "#texture" },
        "south": { "uv": [ 0, 14, 3, 16 ], "texture": "#texture" },
        "west":  { "uv": [ 0, 14, 16, 16 ], "texture": "#texture" },
        "east":  { "uv": [ 0, 14, 16, 16 ], "texture": "#texture" }
    }
},
{
    "__comment": "Door Top",
    "from": [ 0, 16, 14 ],
    "to": [ 3, 30, 16 ],
    "faces": {
        "north": { "uv": [ 13, 2, 16, 16 ], "texture": "#texture" },
        "south": { "uv": [ 0, 2, 3, 16 ], "texture": "#texture" },
        "west":  { "uv": [ 14, 2, 16, 16 ], "texture": "#texture" },
        "east":  { "uv": [ 0, 2, 2, 16 ], "texture": "#texture" }
    }
},
{
    "__comment": "Door Top",
    "from": [ 0, 16, 0 ],
    "to": [ 3, 30, 2 ],
    "faces": {
        "north": { "uv": [ 13, 2, 16, 16 ], "texture": "#texture" },
        "south": { "uv": [ 0, 2, 3, 16 ], "texture": "#texture" },
        "west":  { "uv": [ 0, 2, 2, 16 ], "texture": "#texture" },
        "east":  { "uv": [ 14, 2, 16, 16 ], "texture": "#texture" }
    }
},
{
    "__comment": "Door Top",
    "from": [ 0, 30, 0 ],
    "to": [ 3, 32, 16 ],
    "faces": {
        "down":  { "uv": [ 16, 15, 0, 12 ], "rotation": 90, "texture": "#texture" },
        "up":    { "uv": [ 0, 0, 16, 3 ], "rotation": 90, "texture": "#texture" },
        "north": { "uv": [ 13, 0, 16, 2 ], "texture": "#texture" },
        "south": { "uv": [ 0, 0, 3, 2 ], "texture": "#texture" },
        "west":  { "uv": [ 0, 0, 16, 2 ], "texture": "#texture" },
        "east":  { "uv": [ 0, 0, 16, 2 ], "texture": "#texture" }
    }
},
{
    "__comment": "Bot Diag Vert",
    "from": [ 0, 2, 14 ],
    "to": [ 1.5, 16, 15.5 ],
    "rotation": { "origin": [ 0, 2, 14 ], "axis": "y", "angle": 45 },
    "faces": {
        "north": { "uv": [ 13, 0, 14, 14 ], "texture": "#texture" }
    }
},
{
    "__comment": "Bot Diag Vert",
    "from": [ 0.875, 2, 14 ],
    "to": [ 2.375, 16, 15.5 ],
    "rotation": { "origin": [ 0.875, 2, 14 ], "axis": "y", "angle": 45 },
    "faces": {
        "east":  { "uv": [ 2, 0, 3, 14 ], "texture": "#texture" }
    }
},
{
    "__comment": "Bot Diag Vert",
    "from": [ 0, 2, 2 ],
    "to": [ 1.5, 16, 3.5 ],
    "rotation": { "origin": [ 0, 2, 2 ], "axis": "y", "angle": 45 },
    "faces": {
        "west":  { "uv": [ 2, 0, 3, 14 ], "texture": "#texture" }
    }
},
{
    "__comment": "Bot Diag Vert",
    "from": [ 0.875, 2, 2 ],
    "to": [ 2.375, 16, 3.5 ],
    "rotation": { "origin": [ 0.875, 2, 2 ], "axis": "y", "angle": 45 },
    "faces": {
        "south": { "uv": [ 13, 0, 14, 14 ], "texture": "#texture" }
    }
},
{
    "__comment": "Door Bot",
    "from": [ 1, 3, 13 ],
    "to": [ 2, 16, 14 ],
    "faces": {
        "north": { "uv": [ 14, 0, 15, 13 ], "texture": "#texture" },
        "west":  { "uv": [ 13, 0, 14, 13 ], "texture": "#texture" },
        "east":  { "uv": [ 2, 0, 3, 13 ], "texture": "#texture" }
    }
},
{
    "__comment": "Door Bot",
    "from": [ 1, 2, 2 ],
    "to": [ 2, 3, 14 ],
    "faces": {
        "up":    { "uv": [ 2, 2, 14, 3 ], "rotation": 90, "texture": "#texture" },
        "west":  { "uv": [ 2, 13, 14, 14 ], "texture": "#texture" },
        "east":  { "uv": [ 2, 13, 14, 14 ], "texture": "#texture" }
    }
},
{
    "__comment": "Door Bot",
    "from": [ 1, 3, 2 ],
    "to": [ 2, 16, 3 ],
    "faces": {
        "south": { "uv": [ 1, 0, 2, 13 ], "texture": "#texture" },
        "west":  { "uv": [ 2, 0, 3, 13 ], "texture": "#texture" },
        "east":  { "uv": [ 13, 0, 14, 13 ], "texture": "#texture" }
    }
},
{
    "__comment": "Door Top",
    "from": [ 1, 16, 13 ],
    "to": [ 2, 29, 14 ],
    "faces": {
        "north": { "uv": [ 14, 3, 15, 16 ], "texture": "#texture" },
        "west":  { "uv": [ 13, 3, 14, 16 ], "texture": "#texture" },
        "east":  { "uv": [ 2, 3, 3, 16 ], "texture": "#texture" }
    }
},
{
    "__comment": "Door Top",
    "from": [ 1, 29, 2 ],
    "to": [ 2, 30, 14 ],
    "faces": {
        "down":  { "uv": [ 14, 3, 2, 2 ], "rotation": 90, "texture": "#texture" },
        "west":  { "uv": [ 2, 0, 14, 1 ], "texture": "#texture" },
        "east":  { "uv": [ 2, 0, 14, 1 ], "texture": "#texture" }
    }
},
{
    "__comment": "Door Top",
    "from": [ 1, 16, 2 ],
    "to": [ 2, 29, 3 ],
    "faces": {
        "south": { "uv": [ 1, 3, 2, 16 ], "texture": "#texture" },
        "west":  { "uv": [ 2, 3, 3, 16 ], "texture": "#texture" },
        "east":  { "uv": [ 13, 3, 14, 16 ], "texture": "#texture" }
    }
},
{
    "__comment": "Diag Horiz Mid",
    "from": [ 0.5, 14.5, 2 ],
    "to": [ 2, 16, 14 ],
    "rotation": { "origin": [ 0.5, 16, 2 ], "axis": "z", "angle": 45 },
    "faces": {
        "down":  { "uv": [ 2, 0, 14, 1 ], "rotation": 90, "texture": "#texture" },
        "up":    { "uv": [ 2, 15, 14, 16 ], "rotation": 90, "texture": "#texture" },
        "west":  { "uv": [ 2, 0, 14, 1 ], "texture": "#texture" },
        "east":  { "uv": [ 2, 15, 14, 16 ], "texture": "#texture" }
    }
},
{
    "__comment": "Bot Diag Vert",
    "from": [ 0.5, 2, 6 ],
    "to": [ 2, 16, 7.5 ],
    "rotation": { "origin": [ 0.5, 2, 6 ], "axis": "y", "angle": 45 },
    "faces": {
        "north": { "uv": [ 5, 0, 6, 14 ], "texture": "#texture" },
        "south": { "uv": [ 9, 0, 10, 14 ], "texture": "#texture" },
        "west":  { "uv": [ 6, 0, 7, 14 ], "texture": "#texture" },
        "east":  { "uv": [ 10, 0, 11, 14 ], "texture": "#texture" }
    }
},
{
    "__comment": "Bot Diag Vert",
    "from": [ 0.5, 2, 10 ],
    "to": [ 2, 16, 11.5 ],
    "rotation": { "origin": [ 0.5, 2, 10 ], "axis": "y", "angle": 45 },
    "faces": {
        "north": { "uv": [ 9, 0, 10, 14 ], "texture": "#texture" },
        "south": { "uv": [ 5, 0, 6, 14 ], "texture": "#texture" },
        "west":  { "uv": [ 10, 0, 11, 14 ], "texture": "#texture" },
        "east":  { "uv": [ 6, 0, 7, 14 ], "texture": "#texture" }
    }
},
{
    "__comment": "Bot Diag Vert",
    "from": [ 0.5, 16, 6 ],
    "to": [ 2, 30, 7.5 ],
    "rotation": { "origin": [ 0.5, 16, 6 ], "axis": "y", "angle": 45 },
    "faces": {
        "north": { "uv": [ 5, 2, 6, 16 ], "texture": "#texture" },
        "south": { "uv": [ 9, 2, 10, 16 ], "texture": "#texture" },
        "west":  { "uv": [ 6, 2, 7, 16 ], "texture": "#texture" },
        "east":  { "uv": [ 10, 2, 11, 16 ], "texture": "#texture" }
    }
},
{
    "__comment": "Bot Diag Vert",
    "from": [ 0.5, 16, 10 ],
    "to": [ 2, 30, 11.5 ],
    "rotation": { "origin": [ 0.5, 16, 10 ], "axis": "y", "angle": 45 },
    "faces": {
        "north": { "uv": [ 9, 2, 10, 16 ], "texture": "#texture" },
        "south": { "uv": [ 5, 2, 6, 16 ], "texture": "#texture" },
        "west":  { "uv": [ 10, 2, 11, 16 ], "texture": "#texture" },
        "east":  { "uv": [ 6, 2, 7, 16 ], "texture": "#texture" }
    }
}
],
"display": {
    "thirdperson": {
        "rotation": [ 90, -180, 0 ],
        "translation": [ -1, 3, 0 ],
        "scale": [ 0.5, 0.5, 0.5 ]
    },
    "head": {
        "rotation": [ 0, -90, 0 ],
        "translation": [ 0, 7, 3 ],
        "scale": [ 1, 1, 1 ]
    },
    "ground": {
        "rotation": [ 0, 0, 0 ],
        "translation": [ 3, 0, 0 ],
        "scale": [ 1, 1, 1 ]
    },
    "fixed": {
        "rotation": [ 0, -90, 0 ],
        "translation": [ 0, -4, 3 ],
        "scale": [ 1, 1, 1 ]
    },
    "firstperson": {
        "rotation": [ -35, -35, 0 ],
        "translation": [ 0, -2, 4 ],
        "scale": [ 1, 1, 1 ]
    },
    "gui": {
        "rotation": [ 0, -115, 0 ],
        "translation": [ 0, -1.5, 0 ],
        "scale": [ 0.75, 0.75, 0.75 ]
    }
}
}