{
"__comment": "Designed by Sibsib92 with BDcraft Cubik PRO 0.91 Beta - http://bdcraft.net",
"ambientocclusion": false,
"textures": {
    "particle": "items/arrow",
    "texture": "blocks/planks_oak",
    "wool": "blocks/wool_colored_white"
},
"elements": [ 
{
    "__comment": "Wood",
    "from": [ 2, 7.875, 7.875 ],
    "to": [ 15, 8.125, 8.125 ],
    "faces": {
        "down":  { "uv": [ 1, 8, 14, 8.25 ], "texture": "#texture" },
        "up":    { "uv": [ 1, 8, 14, 8.25 ], "texture": "#texture" },
        "north": { "uv": [ 14, 8, 1, 8.25 ], "texture": "#texture" },
        "south": { "uv": [ 1, 8, 14, 8.25 ], "texture": "#texture" },
        "west":  { "uv": [ 7.75, 8, 8, 8.25 ], "texture": "#texture" },
        "east":  { "uv": [ 7.75, 8, 8, 8.25 ], "texture": "#texture" }
    }
},
{
    "__comment": "Flint",
    "from": [ 1, 6.5, 8 ],
    "to": [ 2.5, 8, 8.0625 ],
    "rotation": { "origin": [ 1, 8, 8 ], "axis": "z", "angle": 45 },
    "faces": {
        "north": { "uv": [ 13, 7, 15, 9 ], "texture": "#wool" },
        "south": { "uv": [ 1, 7, 3, 9 ], "texture": "#wool" }
    }
},
{
    "from": [ 13, 7, 8 ],
    "to": [ 16, 9, 8.0625 ],
    "faces": {
        "north": { "uv": [ 0, 7, 3, 9 ], "texture": "#wool" },
        "south": { "uv": [ 13, 7, 16, 9 ], "texture": "#wool" }
    }
},
{
    "from": [ 13, 7.9375, 7 ],
    "to": [ 16, 8, 9 ],
    "faces": {
        "down":  { "uv": [ 3, 9, 0, 7 ], "texture": "#wool" },
        "up":    { "uv": [ 13, 7, 16, 9 ], "texture": "#wool" }
    }
}
],
"display": {
    "thirdperson": {
        "rotation": [ 0, -100, 0 ],
        "translation": [ 0, 1, -2 ],
        "scale": [ 1, 1, 1 ]
    },
    "head": {
        "rotation": [ 0, 0, 45 ],
        "translation": [ -3, 3, 0 ],
        "scale": [ 1, 1, 1 ]
    },
    "ground": {
        "rotation": [ 0, 0, 0 ],
        "translation": [ 0, 0, 0 ],
        "scale": [ 2, 2, 2 ]
    },
    "fixed": {
        "rotation": [ 0, 0, -90 ],
        "translation": [ 0, 0, 0 ],
        "scale": [ 2, 2, 2 ]
    },
    "firstperson": {
        "rotation": [ -10, 25, -90 ],
        "translation": [ 0, 2.5, 2 ],
        "scale": [ 2, 2, 2 ]
    },
    "gui": {
        "rotation": [ 0, 0, 0 ],
        "translation": [ 0, 0, 0 ],
        "scale": [ 2, 2, 2 ]
    }
}
}