{
"__comment": "Designed by Sibsib92 with BDcraft Cubik PRO 0.91 Beta - http://bdcraft.net",
"ambientocclusion": false,
"textures": {
    "particle": "items/blaze_rod",
    "texture": "blocks/lava_still"
},
"elements": [ 
{
    "__comment": "Stick",
    "from": [ 0.375, 0.5, 6.5 ],
    "to": [ 24.375, 2, 9.5 ],
    "rotation": { "origin": [ 0.375, 2, 6.5 ], "axis": "z", "angle": 45 },
    "faces": {
        "down":  { "uv": [ 0, 1, 16, 0 ], "texture": "#texture" },
        "up":    { "uv": [ 0, 0, 16, 1 ], "texture": "#texture" },
        "north": { "uv": [ 16, 0, 0, 1 ], "texture": "#texture" },
        "south": { "uv": [ 0, 0, 16, 1 ], "texture": "#texture" },
        "west":  { "uv": [ 0, 0, 1, 1 ], "texture": "#texture" },
        "east":  { "uv": [ 15, 0, 16, 1 ], "texture": "#texture" }
    }
},
{
    "__comment": "Stick",
    "from": [ -0.1875, -0.4375, 7.25 ],
    "to": [ 23.8125, 2.5625, 8.75 ],
    "rotation": { "origin": [ -0.1875, 2.5625, 7.25 ], "axis": "z", "angle": 45 },
    "faces": {
        "down":  { "uv": [ 0, 1, 16, 0 ], "texture": "#texture" },
        "up":    { "uv": [ 0, 0, 16, 1 ], "texture": "#texture" },
        "north": { "uv": [ 16, 0, 0, 1 ], "texture": "#texture" },
        "south": { "uv": [ 0, 0, 16, 1 ], "texture": "#texture" },
        "west":  { "uv": [ 0, 0, 1, 1 ], "texture": "#texture" },
        "east":  { "uv": [ 15, 0, 16, 1 ], "texture": "#texture" }
    }
},
{
    "__comment": "Stick",
    "from": [ 0, 0.125, 7.25 ],
    "to": [ 25.125, 1.625, 8.75 ],
    "rotation": { "origin": [ 0, 1.625, 7.25 ], "axis": "z", "angle": 45 },
    "faces": {
        "down":  { "uv": [ 0, 1, 16, 0 ], "texture": "#texture" },
        "up":    { "uv": [ 0, 0, 16, 1 ], "texture": "#texture" },
        "north": { "uv": [ 16, 0, 0, 1 ], "texture": "#texture" },
        "south": { "uv": [ 0, 0, 16, 1 ], "texture": "#texture" },
        "west":  { "uv": [ 0, 0, 1, 1 ], "texture": "#texture" },
        "east":  { "uv": [ 15, 0, 16, 1 ], "texture": "#texture" }
    }
}
],
"display": {
    "thirdperson": {
        "rotation": [ 0, 90, -45 ],
        "translation": [ 0, 0.5, -3 ],
        "scale": [ 0.5, 0.5, 0.5 ]
    },
    "head": {
        "rotation": [ 0, 0, 0 ],
        "translation": [ 0, 5, 0 ],
        "scale": [ 0.5, 0.5, 0.5 ]
    },
    "ground": {
        "rotation": [ 0, 0, 0 ],
        "translation": [ 0, 0, 0 ],
        "scale": [ 1.5, 1.5, 1.5 ]
    },
    "fixed": {
        "rotation": [ 0, 0, 0 ],
        "translation": [ 0, 0, 0 ],
        "scale": [ 1.5, 1.5, 1.5 ]
    },
    "firstperson": {
        "rotation": [ 0, 45, 0 ],
        "translation": [ 0, -1.5, 2.5 ],
        "scale": [ 1, 1, 1 ]
    },
    "gui": {
        "rotation": [ 0, 135, 0 ],
        "translation": [ 0, 0, 0 ],
        "scale": [ 1, 1, 1 ]
    }
}
}