{
"__comment": "Designed by Sibsib92 with BDcraft Cubik PRO 0.91 Beta - http://bdcraft.net",
"ambientocclusion": false,
"textures": {
    "particle": "items/bone",
    "texture": "blocks/quartz_block_top"
},
"elements": [ 
{
    "from": [ 1, 2.5, 7 ],
    "to": [ 3, 5, 9 ],
    "rotation": { "origin": [ 1, 5, 7 ], "axis": "z", "angle": -45 },
    "faces": {
        "down":  { "uv": [ 11.5, 7, 13.5, 5.5 ], "texture": "#texture" },
        "up":    { "uv": [ 11.5, 5.5, 13.5, 7 ], "texture": "#texture" },
        "north": { "uv": [ 2.5, 0, 4.5, 2.5 ], "texture": "#texture" },
        "south": { "uv": [ 11.5, 0, 13.5, 2.5 ], "texture": "#texture" },
        "west":  { "uv": [ 5.5, 0, 7, 2.5 ], "texture": "#texture" },
        "east":  { "uv": [ 9, 0, 10.5, 2.5 ], "texture": "#texture" }
    }
},
{
    "from": [ 3, 0.5, 7 ],
    "to": [ 5, 3, 9 ],
    "rotation": { "origin": [ 3, 3, 7 ], "axis": "z", "angle": -45 },
    "faces": {
        "down":  { "uv": [ 11.5, 7, 13.5, 5.5 ], "texture": "#texture" },
        "up":    { "uv": [ 11.5, 5.5, 13.5, 7 ], "texture": "#texture" },
        "north": { "uv": [ 2.5, 0, 4.5, 2.5 ], "texture": "#texture" },
        "south": { "uv": [ 11.5, 0, 13.5, 2.5 ], "texture": "#texture" },
        "west":  { "uv": [ 5.5, 0, 7, 2.5 ], "texture": "#texture" },
        "east":  { "uv": [ 9, 0, 10.5, 2.5 ], "texture": "#texture" }
    }
},
{
    "from": [ 12.5, 14, 7 ],
    "to": [ 14.5, 16.5, 9 ],
    "rotation": { "origin": [ 12.5, 16.5, 7 ], "axis": "z", "angle": -45 },
    "faces": {
        "down":  { "uv": [ 11.5, 7, 13.5, 5.5 ], "texture": "#texture" },
        "up":    { "uv": [ 11.5, 5.5, 13.5, 7 ], "texture": "#texture" },
        "north": { "uv": [ 2.5, 0, 4.5, 2.5 ], "texture": "#texture" },
        "south": { "uv": [ 11.5, 0, 13.5, 2.5 ], "texture": "#texture" },
        "west":  { "uv": [ 5.5, 0, 7, 2.5 ], "texture": "#texture" },
        "east":  { "uv": [ 9, 0, 10.5, 2.5 ], "texture": "#texture" }
    }
},
{
    "from": [ 14.5, 12, 7 ],
    "to": [ 16.5, 14.5, 9 ],
    "rotation": { "origin": [ 14.5, 14.5, 7 ], "axis": "z", "angle": -45 },
    "faces": {
        "down":  { "uv": [ 11.5, 7, 13.5, 5.5 ], "texture": "#texture" },
        "up":    { "uv": [ 11.5, 5.5, 13.5, 7 ], "texture": "#texture" },
        "north": { "uv": [ 2.5, 0, 4.5, 2.5 ], "texture": "#texture" },
        "south": { "uv": [ 11.5, 0, 13.5, 2.5 ], "texture": "#texture" },
        "west":  { "uv": [ 5.5, 0, 7, 2.5 ], "texture": "#texture" },
        "east":  { "uv": [ 9, 0, 10.5, 2.5 ], "texture": "#texture" }
    }
},
{
    "__comment": "Stick",
    "from": [ 1.5625, 1.6875, 7 ],
    "to": [ 17.5625, 2.6875, 9 ],
    "rotation": { "origin": [ 1.5625, 2.6875, 7 ], "axis": "z", "angle": 45 },
    "faces": {
        "down":  { "uv": [ 0, 1, 16, 0 ], "texture": "#texture" },
        "up":    { "uv": [ 0, 0, 16, 1 ], "texture": "#texture" },
        "north": { "uv": [ 16, 0, 0, 1 ], "texture": "#texture" },
        "south": { "uv": [ 0, 0, 16, 1 ], "texture": "#texture" },
        "west":  { "uv": [ 0, 0, 1, 1 ], "texture": "#texture" },
        "east":  { "uv": [ 15, 0, 16, 1 ], "texture": "#texture" }
    }
},
{
    "__comment": "Stick",
    "from": [ 1.1875, 1, 7.5 ],
    "to": [ 17.1875, 3, 8.5 ],
    "rotation": { "origin": [ 1.1875, 3, 7.5 ], "axis": "z", "angle": 45 },
    "faces": {
        "down":  { "uv": [ 0, 1, 16, 0 ], "texture": "#texture" },
        "up":    { "uv": [ 0, 0, 16, 1 ], "texture": "#texture" },
        "north": { "uv": [ 16, 0, 0, 1 ], "texture": "#texture" },
        "south": { "uv": [ 0, 0, 16, 1 ], "texture": "#texture" },
        "west":  { "uv": [ 0, 0, 1, 1 ], "texture": "#texture" },
        "east":  { "uv": [ 15, 0, 16, 1 ], "texture": "#texture" }
    }
}
],
"display": {
    "thirdperson": {
        "rotation": [ 0, 90, -35 ],
        "translation": [ 0, 1, -2 ],
        "scale": [ 0.5, 0.5, 0.5 ]
    },
    "head": {
        "rotation": [ 0, 0, 0 ],
        "translation": [ -3, 3, 0 ],
        "scale": [ 0.75, 0.75, 0.75 ]
    },
    "ground": {
        "rotation": [ 0, 0, 0 ],
        "translation": [ 0, 0, 0 ],
        "scale": [ 1.5, 1.5, 1.5 ]
    },
    "fixed": {
        "rotation": [ 0, 0, 0 ],
        "translation": [ 0, 0, 0 ],
        "scale": [ 1.5, 1.5, 1.5 ]
    },
    "firstperson": {
        "rotation": [ 0, 45, 0 ],
        "translation": [ 0, 0, 0 ],
        "scale": [ 1, 1, 1 ]
    },
    "gui": {
        "rotation": [ 0, 135, 0 ],
        "translation": [ 0, 0, 0 ],
        "scale": [ 1.25, 1.25, 1.25 ]
    }
}
}