{
"__comment": "Designed by Sibsib92 with BDcraft Cubik PRO 0.90 Beta - http://bdcraft.net",
"ambientocclusion": false,
"textures": {
    "particle": "items/potion_bottle_empty",
    "texture": "blocks/glass",
    "inside": "items/potion_overlay",
    "brown": "blocks/hardened_clay_stained_brown",
    "gold": "blocks/cauldron_inner"
},
"elements": [ 
{
    "__comment": "Bot",
    "from": [ 4, 0, 4 ],
    "to": [ 12, 2, 12 ],
    "faces": {
        "down":  { "uv": [ 0, 0, 16, 16 ], "texture": "#texture" },
        "north": { "uv": [ 16, 12, 0, 16 ], "texture": "#texture" },
        "south": { "uv": [ 0, 4, 16, 0 ], "texture": "#texture" },
        "west":  { "uv": [ 4, 0, 0, 16 ], "rotation": 90, "texture": "#texture" },
        "east":  { "uv": [ 12, 16, 16, 0 ], "rotation": 90, "texture": "#texture" }
    }
},
{
    "__comment": "Top",
    "from": [ 4, 10, 4 ],
    "to": [ 12, 12, 12 ],
    "faces": {
        "up":    { "uv": [ 0, 0, 16, 16 ], "texture": "#texture" },
        "north": { "uv": [ 16, 0, 0, 4 ], "texture": "#texture" },
        "south": { "uv": [ 0, 16, 16, 12 ], "texture": "#texture" },
        "west":  { "uv": [ 0, 16, 4, 0 ], "rotation": 90, "texture": "#texture" },
        "east":  { "uv": [ 16, 0, 12, 16 ], "rotation": 90, "texture": "#texture" }
    }
},
{
    "__comment": "Top",
    "from": [ 6, 12, 6 ],
    "to": [ 10, 14, 10 ],
    "faces": {
        "up":    { "uv": [ 6, 6, 10, 10 ], "texture": "#gold" },
        "north": { "uv": [ 4, 0, 10, 3 ], "texture": "#gold" },
        "south": { "uv": [ 4, 0, 10, 3 ], "texture": "#gold" },
        "west":  { "uv": [ 4, 0, 10, 3 ], "texture": "#gold" },
        "east":  { "uv": [ 4, 0, 10, 3 ], "texture": "#gold" }
    }
},
{
    "__comment": "Top",
    "from": [ 8.5, 17.5, 6 ],
    "to": [ 12.5, 18.5, 10 ],
    "rotation": { "origin": [ 8.5, 18.5, 6 ], "axis": "z", "angle": -45 },
    "faces": {
        "down":  { "uv": [ 4, 4, 0, 0 ], "texture": "#gold" },
        "up":    { "uv": [ 0, 0, 4, 4 ], "texture": "#gold" },
        "north": { "uv": [ 6, 0, 10, 1 ], "texture": "#gold" },
        "south": { "uv": [ 6, 0, 10, 1 ], "texture": "#gold" },
        "west":  { "uv": [ 7, 0, 9, 1 ], "texture": "#gold" },
        "east":  { "uv": [ 7, 0, 9, 1 ], "texture": "#gold" }
    }
},
{
    "__comment": "Top",
    "from": [ 8.375, 13.5, 7 ],
    "to": [ 10.375, 17.5, 9 ],
    "rotation": { "origin": [ 8.375, 17.5, 7 ], "axis": "z", "angle": -22.5 },
    "faces": {
        "north": { "uv": [ 7, 0, 9, 4 ], "texture": "#gold" },
        "south": { "uv": [ 7, 0, 9, 4 ], "texture": "#gold" },
        "west":  { "uv": [ 7, 0, 9, 4 ], "texture": "#gold" },
        "east":  { "uv": [ 7, 0, 9, 4 ], "texture": "#gold" }
    }
},
{
    "__comment": "Side",
    "from": [ 4, 2, 2 ],
    "to": [ 12, 10, 4 ],
    "faces": {
        "down":  { "uv": [ 16, 12, 0, 16 ], "texture": "#texture" },
        "up":    { "uv": [ 16, 0, 0, 4 ], "texture": "#texture" },
        "north": { "uv": [ 0, 0, 16, 16 ], "texture": "#texture" },
        "west":  { "uv": [ 16, 0, 12, 16 ], "texture": "#texture" },
        "east":  { "uv": [ 4, 0, 0, 16 ], "texture": "#texture" }
    }
},
{
    "__comment": "Side",
    "from": [ 12, 2, 4 ],
    "to": [ 14, 10, 12 ],
    "faces": {
        "down":  { "uv": [ 16, 12, 0, 16 ], "rotation": 270, "texture": "#texture" },
        "up":    { "uv": [ 16, 0, 0, 4 ], "rotation": 90, "texture": "#texture" },
        "north": { "uv": [ 16, 0, 12, 16 ], "texture": "#texture" },
        "south": { "uv": [ 4, 0, 0, 16 ], "texture": "#texture" },
        "east":  { "uv": [ 0, 0, 16, 16 ], "texture": "#texture" }
    }
},
{
    "__comment": "Side",
    "from": [ 4, 2, 12 ],
    "to": [ 12, 10, 14 ],
    "faces": {
        "down":  { "uv": [ 16, 12, 0, 16 ], "rotation": 180, "texture": "#texture" },
        "up":    { "uv": [ 16, 0, 0, 4 ], "rotation": 180, "texture": "#texture" },
        "south": { "uv": [ 0, 0, 16, 16 ], "texture": "#texture" },
        "west":  { "uv": [ 4, 0, 0, 16 ], "texture": "#texture" },
        "east":  { "uv": [ 16, 0, 12, 16 ], "texture": "#texture" }
    }
},
{
    "__comment": "Side",
    "from": [ 2, 2, 4 ],
    "to": [ 4, 10, 12 ],
    "faces": {
        "down":  { "uv": [ 16, 12, 0, 16 ], "rotation": 90, "texture": "#texture" },
        "up":    { "uv": [ 16, 0, 0, 4 ], "rotation": 270, "texture": "#texture" },
        "north": { "uv": [ 4, 0, 0, 16 ], "texture": "#texture" },
        "south": { "uv": [ 16, 0, 12, 16 ], "texture": "#texture" },
        "west":  { "uv": [ 0, 0, 16, 16 ], "texture": "#texture" }
    }
},
{
    "__comment": "Inside",
    "from": [ 4.25, 2.25, 2.25 ],
    "to": [ 11.75, 9.75, 13.75 ],
    "faces": {
        "down":  { "uv": [ 10, 13, 7, 9 ], "texture": "#inside", "tintindex": 0 },
        "up":    { "uv": [ 7, 9, 10, 13 ], "texture": "#inside", "tintindex": 0 },
        "north": { "uv": [ 7, 9, 10, 12 ], "texture": "#inside", "tintindex": 0 },
        "south": { "uv": [ 7, 9, 10, 12 ], "texture": "#inside", "tintindex": 0 },
        "west":  { "uv": [ 7, 9, 10, 13 ], "rotation": 90, "texture": "#inside", "tintindex": 0 },
        "east":  { "uv": [ 7, 9, 10, 13 ], "rotation": 90, "texture": "#inside", "tintindex": 0 }
    }
},
{
    "__comment": "Inside",
    "from": [ 2.75, 2.25, 4.25 ],
    "to": [ 4.25, 9.75, 11.75 ],
    "faces": {
        "down":  { "uv": [ 10, 13, 9, 9 ], "texture": "#inside", "tintindex": 0 },
        "up":    { "uv": [ 7, 9, 8, 13 ], "texture": "#inside", "tintindex": 0 },
        "north": { "uv": [ 9, 9, 10, 13 ], "texture": "#inside", "tintindex": 0 },
        "south": { "uv": [ 7, 9, 8, 13 ], "texture": "#inside", "tintindex": 0 },
        "west":  { "uv": [ 7, 9, 10, 12 ], "texture": "#inside", "tintindex": 0 },
        "east":  { "uv": [ 7, 9, 10, 12 ], "texture": "#inside", "tintindex": 0 }
    }
},
{
    "__comment": "Inside",
    "from": [ 11.75, 2.25, 4.25 ],
    "to": [ 13.25, 9.75, 11.75 ],
    "faces": {
        "down":  { "uv": [ 10, 13, 9, 9 ], "texture": "#inside", "tintindex": 0 },
        "up":    { "uv": [ 7, 9, 8, 13 ], "texture": "#inside", "tintindex": 0 },
        "north": { "uv": [ 9, 9, 10, 13 ], "texture": "#inside", "tintindex": 0 },
        "south": { "uv": [ 7, 9, 8, 13 ], "texture": "#inside", "tintindex": 0 },
        "east":  { "uv": [ 7, 9, 10, 12 ], "texture": "#inside", "tintindex": 0 }
    }
},
{
    "__comment": "Inside",
    "from": [ 4.25, 0.75, 4.25 ],
    "to": [ 11.75, 2.25, 11.75 ],
    "faces": {
        "down":  { "uv": [ 10, 12, 7, 9 ], "texture": "#inside", "tintindex": 0 },
        "up":    { "uv": [ 7, 9, 10, 12 ], "texture": "#inside", "tintindex": 0 },
        "north": { "uv": [ 7, 11, 10, 12 ], "texture": "#inside", "tintindex": 0 },
        "south": { "uv": [ 7, 11, 10, 12 ], "texture": "#inside", "tintindex": 0 },
        "west":  { "uv": [ 7, 11, 10, 12 ], "texture": "#inside", "tintindex": 0 },
        "east":  { "uv": [ 6, 11, 9, 12 ], "texture": "#inside", "tintindex": 0 }
    }
},
{
    "__comment": "Kork",
    "from": [ 10, 16.5, 7.0625 ],
    "to": [ 12, 18.5, 9.0625 ],
    "rotation": { "origin": [ 10, 18.5, 7.0625 ], "axis": "z", "angle": -45 },
    "faces": {
        "up":    { "uv": [ 7, 7.0625, 9, 9.0625 ], "texture": "#brown" },
        "north": { "uv": [ 7, 0, 9, 2 ], "texture": "#brown" },
        "south": { "uv": [ 7, 0, 9, 2 ], "texture": "#brown" },
        "west":  { "uv": [ 7.0625, 0, 9.0625, 2 ], "texture": "#brown" },
        "east":  { "uv": [ 6.9375, 0, 8.9375, 2 ], "texture": "#brown" }
    }
}
],
"display": {
    "thirdperson": {
        "rotation": [ -135, 0, 0 ],
        "translation": [ 0, 1, -2 ],
        "scale": [ 0.25, 0.25, 0.25 ]
    },
    "head": {
        "rotation": [ 0, 0, 0 ],
        "translation": [ 0, 5.5, 0 ],
        "scale": [ 0.5, 0.5, 0.5 ]
    },
    "ground": {
        "rotation": [ 0, 0, 0 ],
        "translation": [ 0, 0, 0 ],
        "scale": [ 1, 1, 1 ]
    },
    "fixed": {
        "rotation": [ 0, 0, 0 ],
        "translation": [ 0, 0, 0 ],
        "scale": [ 1, 1, 1 ]
    },
    "firstperson": {
        "rotation": [ 0, 90, 0 ],
        "translation": [ 0, 0, 0 ],
        "scale": [ 1, 1, 1 ]
    },
    "gui": {
        "rotation": [ 0, 0, 0 ],
        "translation": [ 0, 0, 0 ],
        "scale": [ 1, 1, 1 ]
    }
}
}