{
"__comment": "Designed by Sibsib92 with BDcraft Cubik PRO 0.91 Beta - http://bdcraft.net",
"ambientocclusion": false,
"textures": {
    "particle": "items/bow_standby",
    "texture": "blocks/planks_oak",
    "wool": "blocks/wool_colored_white"
},
"elements": [ 
{
    "__comment": "String",
    "from": [ 14.5, -3, 7.875 ],
    "to": [ 15, 13, 8.1875 ],
    "rotation": { "origin": [ 14.5, 13, 7.875 ], "axis": "z", "angle": -45 },
    "faces": {
        "north": { "uv": [ 8, 0, 8.3125, 15.875 ], "texture": "#wool" },
        "south": { "uv": [ 8, 0, 8.3125, 15.875 ], "texture": "#wool" },
        "west":  { "uv": [ 8, 0, 8.3125, 15.875 ], "texture": "#wool" },
        "east":  { "uv": [ 8, 0, 8.3125, 15.875 ], "texture": "#wool" }
    }
},
{
    "__comment": "Iron",
    "from": [ 4.1875, 8.1875, 6.5 ],
    "to": [ 6.1875, 9.1875, 9.5 ],
    "rotation": { "origin": [ 4.1875, 9.1875, 6.5 ], "axis": "z", "angle": -45 },
    "faces": {
        "down":  { "uv": [ 2, 9.5, 4, 6.5 ], "texture": "#wool" },
        "up":    { "uv": [ 2, 6.5, 4, 9.5 ], "texture": "#wool" },
        "north": { "uv": [ 12, 10, 14, 11 ], "texture": "#wool" },
        "south": { "uv": [ 2, 10, 4, 11 ], "texture": "#wool" },
        "west":  { "uv": [ 6.5, 10, 9.5, 11 ], "texture": "#wool" },
        "east":  { "uv": [ 6.5, 10, 9.5, 11 ], "texture": "#wool" }
    }
},
{
    "__comment": "Iron",
    "from": [ 3.875, 8.5, 7 ],
    "to": [ 6.875, 9.5, 9 ],
    "rotation": { "origin": [ 3.875, 9.5, 7 ], "axis": "z", "angle": -45 },
    "faces": {
        "down":  { "uv": [ 1.5, 9, 4.5, 7 ], "texture": "#wool" },
        "up":    { "uv": [ 1.5, 7, 4.5, 9 ], "texture": "#wool" },
        "north": { "uv": [ 11.5, 10, 14.5, 11 ], "texture": "#wool" },
        "south": { "uv": [ 1.5, 10, 4.5, 11 ], "texture": "#wool" },
        "west":  { "uv": [ 7, 10, 9, 11 ], "texture": "#wool" },
        "east":  { "uv": [ 7, 10, 9, 11 ], "texture": "#wool" }
    }
},
{
    "__comment": "Wood",
    "from": [ 7.375, 7.625, 7 ],
    "to": [ 8.375, 11.625, 9 ],
    "rotation": { "origin": [ 7.375, 11.625, 7 ], "axis": "z", "angle": -45 },
    "faces": {
        "north": { "uv": [ 13, 5.5, 14, 9.5 ], "texture": "#texture" },
        "south": { "uv": [ 12, 5.5, 13, 9.5 ], "texture": "#texture" },
        "west":  { "uv": [ 12, 5.5, 14, 9.5 ], "texture": "#texture" },
        "east":  { "uv": [ 12, 5.5, 14, 9.5 ], "texture": "#texture" }
    }
},
{
    "__comment": "Wood",
    "from": [ 7, 8, 7.5 ],
    "to": [ 9, 12, 8.5 ],
    "rotation": { "origin": [ 7, 12, 7.5 ], "axis": "z", "angle": -45 },
    "faces": {
        "north": { "uv": [ 12, 5.5, 14, 9.5 ], "texture": "#texture" },
        "south": { "uv": [ 12, 5.5, 14, 9.5 ], "texture": "#texture" },
        "west":  { "uv": [ 12, 5.5, 13, 9.5 ], "texture": "#texture" },
        "east":  { "uv": [ 12, 5.5, 13, 9.5 ], "texture": "#texture" }
    }
},
{
    "__comment": "Iron",
    "from": [ 7.6875, 11.6875, 6.5 ],
    "to": [ 9.6875, 12.6875, 9.5 ],
    "rotation": { "origin": [ 7.6875, 12.6875, 6.5 ], "axis": "z", "angle": -45 },
    "faces": {
        "down":  { "uv": [ 2, 9.5, 4, 6.5 ], "texture": "#wool" },
        "up":    { "uv": [ 2, 6.5, 4, 9.5 ], "texture": "#wool" },
        "north": { "uv": [ 12, 5, 14, 6 ], "texture": "#wool" },
        "south": { "uv": [ 2, 5, 4, 6 ], "texture": "#wool" },
        "west":  { "uv": [ 6.5, 5, 9.5, 6 ], "texture": "#wool" },
        "east":  { "uv": [ 6.5, 5, 9.5, 6 ], "texture": "#wool" }
    }
},
{
    "__comment": "Iron",
    "from": [ 7.3125, 12.0625, 7 ],
    "to": [ 10.3125, 13.0625, 9 ],
    "rotation": { "origin": [ 7.3125, 13.0625, 7 ], "axis": "z", "angle": -45 },
    "faces": {
        "down":  { "uv": [ 1.5, 9, 4.5, 7 ], "texture": "#wool" },
        "up":    { "uv": [ 1.5, 7, 4.5, 9 ], "texture": "#wool" },
        "north": { "uv": [ 11.5, 5, 14.5, 6 ], "texture": "#wool" },
        "south": { "uv": [ 1.5, 5, 4.5, 6 ], "texture": "#wool" },
        "west":  { "uv": [ 7, 5, 9, 6 ], "texture": "#wool" },
        "east":  { "uv": [ 7, 5, 9, 6 ], "texture": "#wool" }
    }
},
{
    "__comment": "Wood",
    "from": [ 7.625, 10.75, 7.5 ],
    "to": [ 11.625, 12.75, 8.5 ],
    "rotation": { "origin": [ 7.625, 12.75, 7.5 ], "axis": "z", "angle": 22.5 },
    "faces": {
        "down":  { "uv": [ 0, 0, 1, 4 ], "rotation": 90, "texture": "#texture" },
        "up":    { "uv": [ 0, 0, 1, 4 ], "rotation": 90, "texture": "#texture" },
        "north": { "uv": [ 0, 4, 2, 0 ], "rotation": 90, "texture": "#texture" },
        "south": { "uv": [ 0, 0, 2, 4 ], "rotation": 90, "texture": "#texture" },
        "west":  { "uv": [ 0, 3, 2, 4 ], "rotation": 90, "texture": "#texture" },
        "east":  { "uv": [ 0, 0, 2, 1 ], "rotation": 90, "texture": "#texture" }
    }
},
{
    "__comment": "Wood",
    "from": [ 3.4375, 4.5625, 7.5 ],
    "to": [ 5.4375, 8.5625, 8.5 ],
    "rotation": { "origin": [ 3.4375, 8.5625, 7.5 ], "axis": "z", "angle": -22.5 },
    "faces": {
        "down":  { "uv": [ 2, 13, 0, 12 ], "texture": "#texture" },
        "up":    { "uv": [ 0, 15, 2, 16 ], "texture": "#texture" },
        "north": { "uv": [ 0, 16, 2, 12 ], "texture": "#texture" },
        "south": { "uv": [ 0, 16, 2, 12 ], "texture": "#texture" },
        "west":  { "uv": [ 0, 16, 1, 12 ], "texture": "#texture" },
        "east":  { "uv": [ 0, 16, 1, 12 ], "texture": "#texture" }
    }
},
{
    "__comment": "Wood",
    "from": [ 11.375, 12.625, 7.75 ],
    "to": [ 14.875, 14.125, 8.25 ],
    "faces": {
        "down":  { "uv": [ 12.5, 0, 16, 0.5 ], "texture": "#texture" },
        "up":    { "uv": [ 12.5, 0, 16, 0.5 ], "texture": "#texture" },
        "north": { "uv": [ 16, 0, 12.5, 1.5 ], "texture": "#texture" },
        "south": { "uv": [ 12.5, 0, 16, 1.5 ], "texture": "#texture" },
        "west":  { "uv": [ 15.5, 0, 16, 1.5 ], "texture": "#texture" },
        "east":  { "uv": [ 15.5, 0, 16, 1.5 ], "texture": "#texture" }
    }
},
{
    "__comment": "Wood",
    "from": [ 2.0625, 1.3125, 7.75 ],
    "to": [ 3.5625, 4.8125, 8.25 ],
    "faces": {
        "down":  { "uv": [ 14, 9.5, 12.5, 9 ], "texture": "#texture" },
        "up":    { "uv": [ 2, 9, 3.5, 9.5 ], "texture": "#texture" },
        "north": { "uv": [ 12.5, 0, 16, 1.5 ], "rotation": 90, "texture": "#texture" },
        "south": { "uv": [ 12.5, 0, 16, 1.5 ], "rotation": 90, "texture": "#texture" },
        "west":  { "uv": [ 12.5, 0, 16, 0.5 ], "rotation": 90, "texture": "#texture" },
        "east":  { "uv": [ 12.5, 0.5, 16, 0 ], "rotation": 90, "texture": "#texture" }
    }
}
],
"display": {
    "thirdperson": {
        "rotation": [ 0, -90, -45 ],
        "translation": [ 0.5, 0, -0.5 ],
        "scale": [ 1, 1, 1 ]
    },
    "head": {
        "rotation": [ 0, 0, 0 ],
        "translation": [ -3, 3, 0 ],
        "scale": [ 1, 1, 1 ]
    },
    "ground": {
        "rotation": [ 0, 0, 0 ],
        "translation": [ 0, 0, 0 ],
        "scale": [ 2, 2, 2 ]
    },
    "fixed": {
        "rotation": [ 0, 0, 0 ],
        "translation": [ 0, 0, 0 ],
        "scale": [ 2, 2, 2 ]
    },
    "firstperson": {
        "rotation": [ 0, -135, 90 ],
        "translation": [ 0, 1, 3 ],
        "scale": [ 1.7, 1.7, 1.7 ]
    },
    "gui": {
        "rotation": [ -20, 135, 0 ],
        "translation": [ 0, 0, 0 ],
        "scale": [ 1.25, 1.25, 1.25 ]
    }
}
}