{
"__comment": "Designed by Sibsib92 with BDcraft Cubik PRO 0.91 Beta - http://bdcraft.net",
"ambientocclusion": false,
"textures": {
    "particle": "items/carrot_on_a_stick",
    "texture": "blocks/planks_spruce",
    "iron": "blocks/iron_block",
    "orange": "blocks/pumpkin_side",
    "green": "blocks/melon_side"
},
"elements": [ 
{
    "from": [ 14, 3.5, 8 ],
    "to": [ 15, 4.5, 8.0625 ],
    "faces": {
        "north": { "uv": [ 7, 12, 10, 15 ], "texture": "#green" },
        "south": { "uv": [ 7, 12, 10, 15 ], "texture": "#green" }
    }
},
{
    "from": [ 14.5, 3.5, 7.5 ],
    "to": [ 14.5625, 4.5, 8.5 ],
    "faces": {
        "west":  { "uv": [ 7, 12, 10, 15 ], "texture": "#green" },
        "east":  { "uv": [ 7, 12, 10, 15 ], "texture": "#green" }
    }
},
{
    "__comment": "Carrot",
    "from": [ 14.3125, 0.5, 7.8125 ],
    "to": [ 14.6875, 1, 8.25 ],
    "faces": {
        "down":  { "uv": [ 7, 8, 9, 10 ], "texture": "#orange" },
        "north": { "uv": [ 5, 7, 7, 8 ], "texture": "#orange" },
        "south": { "uv": [ 5, 7, 7, 8 ], "texture": "#orange" },
        "west":  { "uv": [ 5, 7, 7, 8 ], "texture": "#orange" },
        "east":  { "uv": [ 5, 7, 7, 8 ], "texture": "#orange" }
    }
},
{
    "__comment": "Carrot",
    "from": [ 14.125, 1.5, 7.625 ],
    "to": [ 14.875, 2, 8.375 ],
    "faces": {
        "down":  { "uv": [ 7, 8, 9, 10 ], "texture": "#orange" },
        "north": { "uv": [ 5, 7, 7, 8 ], "texture": "#orange" },
        "south": { "uv": [ 5, 7, 7, 8 ], "texture": "#orange" },
        "west":  { "uv": [ 5, 7, 7, 8 ], "texture": "#orange" },
        "east":  { "uv": [ 5, 7, 7, 8 ], "texture": "#orange" }
    }
},
{
    "__comment": "Carrot",
    "from": [ 14.25, 1, 7.75 ],
    "to": [ 14.75, 1.5, 8.3125 ],
    "faces": {
        "down":  { "uv": [ 7, 8, 9, 10 ], "texture": "#orange" },
        "north": { "uv": [ 5, 7, 7, 8 ], "texture": "#orange" },
        "south": { "uv": [ 5, 7, 7, 8 ], "texture": "#orange" },
        "west":  { "uv": [ 5, 7, 7, 8 ], "texture": "#orange" },
        "east":  { "uv": [ 5, 7, 7, 8 ], "texture": "#orange" }
    }
},
{
    "__comment": "Carrot",
    "from": [ 13.875, 2.5, 7.375 ],
    "to": [ 15.125, 3, 8.625 ],
    "faces": {
        "down":  { "uv": [ 5, 10, 8, 7 ], "texture": "#orange" },
        "up":    { "uv": [ 5, 7, 8, 10 ], "texture": "#orange" },
        "north": { "uv": [ 5, 9.5, 8, 10 ], "texture": "#orange" },
        "south": { "uv": [ 5, 9.5, 8, 10 ], "texture": "#orange" },
        "west":  { "uv": [ 5, 9.5, 8, 10 ], "texture": "#orange" },
        "east":  { "uv": [ 5, 9.5, 8, 10 ], "texture": "#orange" }
    }
},
{
    "__comment": "Carrot",
    "from": [ 14, 2, 7.5 ],
    "to": [ 15, 3.5, 8.5 ],
    "faces": {
        "down":  { "uv": [ 7, 8, 9, 10 ], "texture": "#orange" },
        "up":    { "uv": [ 5, 7, 7, 9 ], "texture": "#orange" },
        "north": { "uv": [ 5, 7, 7, 10 ], "texture": "#orange" },
        "south": { "uv": [ 5, 7, 7, 10 ], "texture": "#orange" },
        "west":  { "uv": [ 5, 7, 7, 10 ], "texture": "#orange" },
        "east":  { "uv": [ 5, 7, 7, 10 ], "texture": "#orange" }
    }
},
{
    "__comment": "Wood",
    "from": [ 1.5625, 1.6875, 7 ],
    "to": [ 7.5625, 2.6875, 9 ],
    "rotation": { "origin": [ 1.5625, 2.6875, 7 ], "axis": "z", "angle": 45 },
    "faces": {
        "down":  { "uv": [ 0, 1, 6, 0 ], "texture": "#texture" },
        "up":    { "uv": [ 0, 0, 6, 1 ], "texture": "#texture" },
        "north": { "uv": [ 6, 0, 0, 1 ], "texture": "#texture" },
        "south": { "uv": [ 0, 0, 6, 1 ], "texture": "#texture" },
        "west":  { "uv": [ 0, 0, 1, 1 ], "texture": "#texture" },
        "east":  { "uv": [ 0, 0, 1, 1 ], "texture": "#texture" }
    }
},
{
    "__comment": "Wood",
    "from": [ 1.1875, 1.0625, 7.5 ],
    "to": [ 7.1875, 3.0625, 8.5 ],
    "rotation": { "origin": [ 1.1875, 3.0625, 7.5 ], "axis": "z", "angle": 45 },
    "faces": {
        "down":  { "uv": [ 0, 1, 6, 0 ], "texture": "#texture" },
        "up":    { "uv": [ 0, 0, 6, 1 ], "texture": "#texture" },
        "north": { "uv": [ 6, 0, 0, 1 ], "texture": "#texture" },
        "south": { "uv": [ 0, 0, 6, 1 ], "texture": "#texture" },
        "west":  { "uv": [ 0, 0, 1, 1 ], "texture": "#texture" },
        "east":  { "uv": [ 0, 0, 1, 1 ], "texture": "#texture" }
    }
},
{
    "__comment": "Wood",
    "from": [ 5.75, 5.875, 7.5 ],
    "to": [ 12.75, 6.875, 8.5 ],
    "rotation": { "origin": [ 5.75, 6.875, 7.5 ], "axis": "z", "angle": 45 },
    "faces": {
        "down":  { "uv": [ 0, 16, 10, 15 ], "texture": "#texture" },
        "up":    { "uv": [ 0, 15, 10, 16 ], "texture": "#texture" },
        "north": { "uv": [ 10, 15, 0, 16 ], "texture": "#texture" },
        "south": { "uv": [ 0, 15, 10, 16 ], "texture": "#texture" },
        "west":  { "uv": [ 4, 11, 5, 12 ], "texture": "#texture" },
        "east":  { "uv": [ 10.5, 11, 11.5, 12 ], "texture": "#texture" }
    }
},
{
    "__comment": "Wood",
    "from": [ 10.6875, 11.3125, 7.75 ],
    "to": [ 15.6875, 11.8125, 8.25 ],
    "rotation": { "origin": [ 10.6875, 11.8125, 7.75 ], "axis": "z", "angle": 45 },
    "faces": {
        "down":  { "uv": [ 0, 16, 10, 15 ], "texture": "#texture" },
        "up":    { "uv": [ 0, 15, 10, 16 ], "texture": "#texture" },
        "north": { "uv": [ 10, 15, 0, 16 ], "texture": "#texture" },
        "south": { "uv": [ 0, 15, 10, 16 ], "texture": "#texture" },
        "west":  { "uv": [ 4, 11, 5, 12 ], "texture": "#texture" },
        "east":  { "uv": [ 10.5, 11, 11.5, 12 ], "texture": "#texture" }
    }
},
{
    "__comment": "White",
    "from": [ 6, 4.5, 6 ],
    "to": [ 8.5, 6, 8 ],
    "faces": {
        "down":  { "uv": [ 6, 8, 8.5, 6 ], "texture": "#iron" },
        "up":    { "uv": [ 6, 6, 8.5, 8 ], "texture": "#iron" },
        "north": { "uv": [ 7.5, 10, 10, 11.5 ], "texture": "#iron" },
        "south": { "uv": [ 6, 10, 8.5, 11.5 ], "texture": "#iron" },
        "west":  { "uv": [ 6, 10, 8, 11.5 ], "texture": "#iron" },
        "east":  { "uv": [ 8, 10, 10, 11.5 ], "texture": "#iron" }
    }
},
{
    "__comment": "White",
    "from": [ 6.5, 4, 6 ],
    "to": [ 8, 6.5, 8 ],
    "faces": {
        "down":  { "uv": [ 6.5, 8, 8, 6 ], "texture": "#iron" },
        "up":    { "uv": [ 6.5, 6, 8, 8 ], "texture": "#iron" },
        "north": { "uv": [ 8, 9.5, 9.5, 12 ], "texture": "#iron" },
        "south": { "uv": [ 6.5, 9.5, 8, 12 ], "texture": "#iron" },
        "west":  { "uv": [ 6, 9.5, 8, 12 ], "texture": "#iron" },
        "east":  { "uv": [ 8, 9.5, 10, 12 ], "texture": "#iron" }
    }
},
{
    "__comment": "White",
    "from": [ 6, 5.3125, 8 ],
    "to": [ 6.1875, 7.75, 8.25 ],
    "rotation": { "origin": [ 6, 7.75, 8 ], "axis": "x", "angle": 45 },
    "faces": {
        "down":  { "uv": [ 0, 16, 16, 15 ], "texture": "#iron" },
        "up":    { "uv": [ 0, 15, 16, 16 ], "texture": "#iron" },
        "north": { "uv": [ 16, 15, 0, 16 ], "texture": "#iron" },
        "south": { "uv": [ 0, 15, 16, 16 ], "texture": "#iron" },
        "west":  { "uv": [ 0, 15, 1, 16 ], "texture": "#iron" },
        "east":  { "uv": [ 0, 15, 1, 16 ], "texture": "#iron" }
    }
},
{
    "__comment": "Wood",
    "from": [ 7, 5, 5.75 ],
    "to": [ 7.5625, 5.5, 6 ],
    "faces": {
        "down":  { "uv": [ 7, 6, 7.5625, 5.75 ], "texture": "#texture" },
        "up":    { "uv": [ 7, 5.75, 7.5625, 6 ], "texture": "#texture" },
        "north": { "uv": [ 8.4375, 10.5, 9, 11 ], "texture": "#texture" },
        "west":  { "uv": [ 5.75, 10.5, 6, 11 ], "texture": "#texture" },
        "east":  { "uv": [ 10, 10.5, 10.25, 11 ], "texture": "#texture" }
    }
},
{
    "__comment": "Wood",
    "from": [ 7, 3.1875, 5.5 ],
    "to": [ 7.5, 5.1875, 5.75 ],
    "rotation": { "origin": [ 7, 5.1875, 5.5 ], "axis": "z", "angle": 45 },
    "faces": {
        "down":  { "uv": [ 7, 6.0625, 7.5, 5.8125 ], "texture": "#texture" },
        "up":    { "uv": [ 7, 5.8125, 7.5, 6.0625 ], "texture": "#texture" },
        "north": { "uv": [ 8.5, 13, 9, 15 ], "texture": "#texture" },
        "south": { "uv": [ 7, 13, 7.5, 15 ], "texture": "#texture" },
        "west":  { "uv": [ 5.8125, 13, 6.0625, 15 ], "texture": "#texture" },
        "east":  { "uv": [ 9.9375, 13, 10.1875, 15 ], "texture": "#texture" }
    }
},
{
    "__comment": "Wood",
    "from": [ 8.25, 3.9375, 4.8125 ],
    "to": [ 8.5625, 4.25, 5.5625 ],
    "faces": {
        "down":  { "uv": [ 11, 4, 11.3125, 3.25 ], "texture": "#texture" },
        "up":    { "uv": [ 8.5, 3, 8.8125, 3.75 ], "texture": "#texture" },
        "north": { "uv": [ 7, 11.5, 7.3125, 11.8125 ], "texture": "#texture" },
        "south": { "uv": [ 8, 11.5, 8.3125, 11.8125 ], "texture": "#texture" },
        "west":  { "uv": [ 4.5, 11.5, 5.25, 11.8125 ], "texture": "#texture" },
        "east":  { "uv": [ 10, 11.5, 10.75, 11.8125 ], "texture": "#texture" }
    }
},
{
    "__comment": "White",
    "from": [ 14.5625, 2.4375, 8 ],
    "to": [ 14.625, 14.9375, 8.0625 ],
    "faces": {
        "down":  { "uv": [ 0, 16, 16, 15 ], "texture": "#iron" },
        "up":    { "uv": [ 0, 15, 16, 16 ], "texture": "#iron" },
        "north": { "uv": [ 16, 15, 0, 16 ], "texture": "#iron" },
        "south": { "uv": [ 0, 15, 16, 16 ], "texture": "#iron" },
        "west":  { "uv": [ 0, 15, 1, 16 ], "texture": "#iron" },
        "east":  { "uv": [ 0, 15, 1, 16 ], "texture": "#iron" }
    }
},
{
    "__comment": "White",
    "from": [ 14, 14.6875, 8 ],
    "to": [ 14.0625, 15.5, 8.0625 ],
    "rotation": { "origin": [ 14, 15.5, 8 ], "axis": "z", "angle": 45 },
    "faces": {
        "down":  { "uv": [ 0, 16, 16, 15 ], "texture": "#iron" },
        "up":    { "uv": [ 0, 15, 16, 16 ], "texture": "#iron" },
        "north": { "uv": [ 16, 15, 0, 16 ], "texture": "#iron" },
        "south": { "uv": [ 0, 15, 16, 16 ], "texture": "#iron" },
        "west":  { "uv": [ 0, 15, 1, 16 ], "texture": "#iron" },
        "east":  { "uv": [ 0, 15, 1, 16 ], "texture": "#iron" }
    }
},
{
    "__comment": "White",
    "from": [ 14, 4.0625, 8 ],
    "to": [ 14.125, 15.5625, 8.0625 ],
    "rotation": { "origin": [ 14, 15.5625, 8 ], "axis": "z", "angle": -45 },
    "faces": {
        "down":  { "uv": [ 0, 16, 16, 15 ], "texture": "#iron" },
        "up":    { "uv": [ 0, 15, 16, 16 ], "texture": "#iron" },
        "north": { "uv": [ 16, 15, 0, 16 ], "texture": "#iron" },
        "south": { "uv": [ 0, 15, 16, 16 ], "texture": "#iron" },
        "west":  { "uv": [ 0, 15, 1, 16 ], "texture": "#iron" },
        "east":  { "uv": [ 0, 15, 1, 16 ], "texture": "#iron" }
    }
}
],
"display": {
    "thirdperson": {
        "rotation": [ 0, -90, 135 ],
        "translation": [ 0, 1, -4 ],
        "scale": [ 1, 1, 1 ]
    },
    "head": {
        "rotation": [ 0, 90, 0 ],
        "translation": [ 0, 6, -6 ],
        "scale": [ 1, 1, 1 ]
    },
    "ground": {
        "rotation": [ 0, 0, 0 ],
        "translation": [ 0, 0, 0 ],
        "scale": [ 1.5, 1.5, 1.5 ]
    },
    "fixed": {
        "rotation": [ 0, 0, 0 ],
        "translation": [ 0, 0, 0 ],
        "scale": [ 1.5, 1.5, 1.5 ]
    },
    "firstperson": {
        "rotation": [ 0, 45, 0 ],
        "translation": [ -6, 7.2, 1.8 ],
        "scale": [ 1, 1, 1 ]
    },
    "gui": {
        "rotation": [ 0, -45, 0 ],
        "translation": [ 0, 0, 0 ],
        "scale": [ 1.25, 1.25, 1.25 ]
    }
}
}