{
"__comment": "Designed by Sibsib92 with BDcraft Cubik PRO 0.85 Beta - http://bdcraft.net",
"ambientocclusion": false,
"textures": {
    "particle": "blocks/daylight_detector_top",
    "texture": "blocks/daylight_detector_side",
    "on": "blocks/repeater_on",
    "off": "blocks/repeater_off"
},
"elements": [ 
{
    "__comment": "Mid",
    "from": [ 1, 1, 1 ],
    "to": [ 5, 5, 5 ],
    "faces": {
        "down":  { "uv": [ 1, 5, 5, 1 ], "texture": "#particle" },
        "up":    { "uv": [ 1, 1, 5, 5 ], "texture": "#particle" },
        "north": { "uv": [ 5, 11, 1, 15 ], "texture": "#particle" },
        "south": { "uv": [ 1, 11, 5, 15 ], "texture": "#particle" },
        "west":  { "uv": [ 1, 11, 5, 15 ], "texture": "#particle" },
        "east":  { "uv": [ 5, 11, 1, 15 ], "texture": "#particle" }
    }
},
{
    "__comment": "Mid",
    "from": [ 11, 1, 11 ],
    "to": [ 15, 5, 15 ],
    "faces": {
        "down":  { "uv": [ 11, 15, 15, 11 ], "texture": "#particle" },
        "up":    { "uv": [ 11, 11, 15, 15 ], "texture": "#particle" },
        "north": { "uv": [ 15, 11, 11, 15 ], "texture": "#particle" },
        "south": { "uv": [ 11, 11, 15, 15 ], "texture": "#particle" },
        "west":  { "uv": [ 11, 11, 15, 15 ], "texture": "#particle" },
        "east":  { "uv": [ 15, 11, 11, 15 ], "texture": "#particle" }
    }
},
{
    "__comment": "Mid",
    "from": [ 11, 1, 1 ],
    "to": [ 15, 5, 5 ],
    "faces": {
        "down":  { "uv": [ 11, 5, 15, 1 ], "texture": "#particle" },
        "up":    { "uv": [ 11, 1, 15, 5 ], "texture": "#particle" },
        "north": { "uv": [ 15, 11, 11, 15 ], "texture": "#particle" },
        "south": { "uv": [ 11, 11, 15, 15 ], "texture": "#particle" },
        "west":  { "uv": [ 1, 11, 5, 15 ], "texture": "#particle" },
        "east":  { "uv": [ 5, 11, 1, 15 ], "texture": "#particle" }
    }
},
{
    "__comment": "Mid",
    "from": [ 6, 1, 11 ],
    "to": [ 10, 5, 15 ],
    "faces": {
        "down":  { "uv": [ 6, 15, 10, 11 ], "texture": "#particle" },
        "up":    { "uv": [ 6, 11, 10, 15 ], "texture": "#particle" },
        "north": { "uv": [ 10, 11, 6, 15 ], "texture": "#particle" },
        "south": { "uv": [ 6, 11, 10, 15 ], "texture": "#particle" },
        "west":  { "uv": [ 11, 11, 15, 15 ], "texture": "#particle" },
        "east":  { "uv": [ 15, 11, 11, 15 ], "texture": "#particle" }
    }
},
{
    "__comment": "Mid",
    "from": [ 6, 1, 1 ],
    "to": [ 10, 5, 5 ],
    "faces": {
        "down":  { "uv": [ 6, 5, 10, 1 ], "texture": "#particle" },
        "up":    { "uv": [ 6, 1, 10, 5 ], "texture": "#particle" },
        "north": { "uv": [ 10, 11, 6, 15 ], "texture": "#particle" },
        "south": { "uv": [ 6, 11, 10, 15 ], "texture": "#particle" },
        "west":  { "uv": [ 1, 11, 5, 15 ], "texture": "#particle" },
        "east":  { "uv": [ 5, 11, 1, 15 ], "texture": "#particle" }
    }
},
{
    "__comment": "Mid",
    "from": [ 1, 1, 11 ],
    "to": [ 5, 5, 15 ],
    "faces": {
        "down":  { "uv": [ 1, 15, 5, 11 ], "texture": "#particle" },
        "up":    { "uv": [ 1, 11, 5, 15 ], "texture": "#particle" },
        "north": { "uv": [ 5, 11, 1, 15 ], "texture": "#particle" },
        "south": { "uv": [ 1, 11, 5, 15 ], "texture": "#particle" },
        "west":  { "uv": [ 11, 11, 15, 15 ], "texture": "#particle" },
        "east":  { "uv": [ 15, 11, 11, 15 ], "texture": "#particle" }
    }
},
{
    "__comment": "Mid",
    "from": [ 11, 1, 6 ],
    "to": [ 15, 5, 10 ],
    "faces": {
        "down":  { "uv": [ 11, 10, 15, 6 ], "texture": "#particle" },
        "up":    { "uv": [ 11, 6, 15, 10 ], "texture": "#particle" },
        "north": { "uv": [ 15, 11, 11, 15 ], "texture": "#particle" },
        "south": { "uv": [ 11, 11, 15, 15 ], "texture": "#particle" },
        "west":  { "uv": [ 6, 11, 10, 15 ], "texture": "#particle" },
        "east":  { "uv": [ 10, 11, 6, 15 ], "texture": "#particle" }
    }
},
{
    "__comment": "Mid",
    "from": [ 1, 1, 6 ],
    "to": [ 5, 5, 10 ],
    "faces": {
        "down":  { "uv": [ 1, 10, 5, 6 ], "texture": "#particle" },
        "up":    { "uv": [ 1, 6, 5, 10 ], "texture": "#particle" },
        "north": { "uv": [ 5, 11, 1, 15 ], "texture": "#particle" },
        "south": { "uv": [ 1, 11, 5, 15 ], "texture": "#particle" },
        "west":  { "uv": [ 6, 11, 10, 15 ], "texture": "#particle" },
        "east":  { "uv": [ 10, 11, 6, 15 ], "texture": "#particle" }
    }
},
{
    "__comment": "Grid",
    "from": [ 1, 5, 0 ],
    "to": [ 15, 6, 1 ],
    "faces": {
        "down":  { "uv": [ 1, 1, 15, 0 ], "texture": "#texture" },
        "up":    { "uv": [ 1, 0, 15, 1 ], "texture": "#texture" },
        "north": { "uv": [ 15, 0, 1, 1 ], "texture": "#texture" },
        "south": { "uv": [ 1, 0, 15, 1 ], "texture": "#texture" }
    }
},
{
    "__comment": "Grid",
    "from": [ 1, 5, 15 ],
    "to": [ 15, 6, 16 ],
    "faces": {
        "down":  { "uv": [ 1, 16, 15, 15 ], "texture": "#texture" },
        "up":    { "uv": [ 1, 15, 15, 16 ], "texture": "#texture" },
        "north": { "uv": [ 15, 15, 1, 16 ], "texture": "#texture" },
        "south": { "uv": [ 1, 15, 15, 16 ], "texture": "#texture" }
    }
},
{
    "__comment": "Grid",
    "from": [ 15, 5, 0 ],
    "to": [ 16, 6, 16 ],
    "faces": {
        "down":  { "uv": [ 15, 16, 16, 0 ], "texture": "#texture" },
        "up":    { "uv": [ 15, 0, 16, 16 ], "texture": "#texture" },
        "north": { "uv": [ 15, 15, 16, 16 ], "texture": "#texture" },
        "south": { "uv": [ 15, 0, 16, 1 ], "texture": "#texture" },
        "west":  { "uv": [ 15, 0, 16, 16 ], "rotation": 90, "texture": "#texture" },
        "east":  { "uv": [ 15, 0, 16, 16 ], "texture": "#texture" }
    }
},
{
    "__comment": "Grid",
    "from": [ 0, 5, 0 ],
    "to": [ 1, 6, 16 ],
    "faces": {
        "down":  { "uv": [ 0, 16, 1, 0 ], "texture": "#texture" },
        "up":    { "uv": [ 0, 0, 1, 16 ], "texture": "#texture" },
        "north": { "uv": [ 0, 15, 1, 16 ], "texture": "#texture" },
        "south": { "uv": [ 0, 0, 1, 1 ], "texture": "#texture" },
        "west":  { "uv": [ 0, 0, 1, 16 ], "texture": "#texture" },
        "east":  { "uv": [ 0, 0, 1, 16 ], "texture": "#texture" }
    }
},
{
    "__comment": "Grid",
    "from": [ 1, 5, 5 ],
    "to": [ 15, 6, 6 ],
    "faces": {
        "down":  { "uv": [ 1, 1, 15, 0 ], "texture": "#texture" },
        "up":    { "uv": [ 1, 0, 15, 1 ], "texture": "#texture" },
        "north": { "uv": [ 15, 0, 1, 1 ], "texture": "#texture" },
        "south": { "uv": [ 1, 0, 15, 1 ], "texture": "#texture" }
    }
},
{
    "__comment": "Grid",
    "from": [ 1, 5, 10 ],
    "to": [ 15, 6, 11 ],
    "faces": {
        "down":  { "uv": [ 1, 16, 15, 15 ], "texture": "#texture" },
        "up":    { "uv": [ 1, 15, 15, 16 ], "texture": "#texture" },
        "north": { "uv": [ 15, 15, 1, 16 ], "texture": "#texture" },
        "south": { "uv": [ 1, 15, 15, 16 ], "texture": "#texture" }
    }
},
{
    "__comment": "Grid",
    "from": [ 10, 5, 1 ],
    "to": [ 11, 6, 15 ],
    "faces": {
        "down":  { "uv": [ 1, 1, 15, 0 ], "rotation": 270, "texture": "#texture" },
        "up":    { "uv": [ 1, 0, 15, 1 ], "rotation": 90, "texture": "#texture" },
        "west":  { "uv": [ 1, 0, 15, 1 ], "texture": "#texture" },
        "east":  { "uv": [ 15, 0, 1, 1 ], "texture": "#texture" }
    }
},
{
    "__comment": "Grid",
    "from": [ 5, 5, 1 ],
    "to": [ 6, 6, 15 ],
    "faces": {
        "down":  { "uv": [ 1, 16, 15, 15 ], "rotation": 270, "texture": "#texture" },
        "up":    { "uv": [ 1, 15, 15, 16 ], "rotation": 90, "texture": "#texture" },
        "west":  { "uv": [ 1, 15, 15, 16 ], "texture": "#texture" },
        "east":  { "uv": [ 15, 15, 1, 16 ], "texture": "#texture" }
    }
},
{
    "__comment": "Grid",
    "from": [ 1, 0, 0 ],
    "to": [ 15, 1, 1 ],
    "faces": {
        "down":  { "uv": [ 1, 1, 15, 0 ], "texture": "#texture" },
        "up":    { "uv": [ 1, 0, 15, 1 ], "texture": "#texture" },
        "north": { "uv": [ 15, 0, 1, 1 ], "texture": "#texture" },
        "south": { "uv": [ 1, 0, 15, 1 ], "texture": "#texture" }
    }
},
{
    "__comment": "Grid",
    "from": [ 1, 0, 15 ],
    "to": [ 15, 1, 16 ],
    "faces": {
        "down":  { "uv": [ 1, 16, 15, 15 ], "texture": "#texture" },
        "up":    { "uv": [ 1, 15, 15, 16 ], "texture": "#texture" },
        "north": { "uv": [ 15, 15, 1, 16 ], "texture": "#texture" },
        "south": { "uv": [ 1, 15, 15, 16 ], "texture": "#texture" }
    }
},
{
    "__comment": "Grid",
    "from": [ 15, 0, 0 ],
    "to": [ 16, 1, 16 ],
    "faces": {
        "down":  { "uv": [ 15, 16, 16, 0 ], "texture": "#texture" },
        "up":    { "uv": [ 15, 0, 16, 16 ], "texture": "#texture" },
        "north": { "uv": [ 15, 15, 16, 16 ], "texture": "#texture" },
        "south": { "uv": [ 15, 0, 16, 1 ], "texture": "#texture" },
        "west":  { "uv": [ 15, 0, 16, 16 ], "rotation": 90, "texture": "#texture" },
        "east":  { "uv": [ 15, 0, 16, 16 ], "texture": "#texture" }
    }
},
{
    "__comment": "Grid",
    "from": [ 0, 0, 0 ],
    "to": [ 1, 1, 16 ],
    "faces": {
        "down":  { "uv": [ 0, 16, 1, 0 ], "texture": "#texture" },
        "up":    { "uv": [ 0, 0, 1, 16 ], "texture": "#texture" },
        "north": { "uv": [ 0, 15, 1, 16 ], "texture": "#texture" },
        "south": { "uv": [ 0, 0, 1, 1 ], "texture": "#texture" },
        "west":  { "uv": [ 0, 0, 1, 16 ], "texture": "#texture" },
        "east":  { "uv": [ 0, 0, 1, 16 ], "texture": "#texture" }
    }
},
{
    "__comment": "Grid",
    "from": [ 1, 0, 5 ],
    "to": [ 15, 1, 6 ],
    "faces": {
        "down":  { "uv": [ 1, 1, 15, 0 ], "texture": "#texture" },
        "up":    { "uv": [ 1, 0, 15, 1 ], "texture": "#texture" },
        "north": { "uv": [ 15, 0, 1, 1 ], "texture": "#texture" },
        "south": { "uv": [ 1, 0, 15, 1 ], "texture": "#texture" }
    }
},
{
    "__comment": "Grid",
    "from": [ 1, 0, 10 ],
    "to": [ 15, 1, 11 ],
    "faces": {
        "down":  { "uv": [ 1, 16, 15, 15 ], "texture": "#texture" },
        "up":    { "uv": [ 1, 15, 15, 16 ], "texture": "#texture" },
        "north": { "uv": [ 15, 15, 1, 16 ], "texture": "#texture" },
        "south": { "uv": [ 1, 15, 15, 16 ], "texture": "#texture" }
    }
},
{
    "__comment": "Grid",
    "from": [ 10, 0, 1 ],
    "to": [ 11, 1, 15 ],
    "faces": {
        "down":  { "uv": [ 1, 1, 15, 0 ], "rotation": 270, "texture": "#texture" },
        "up":    { "uv": [ 1, 0, 15, 1 ], "rotation": 90, "texture": "#texture" },
        "west":  { "uv": [ 1, 0, 15, 1 ], "texture": "#texture" },
        "east":  { "uv": [ 15, 0, 1, 1 ], "texture": "#texture" }
    }
},
{
    "__comment": "Grid",
    "from": [ 5, 0, 1 ],
    "to": [ 6, 1, 15 ],
    "faces": {
        "down":  { "uv": [ 1, 16, 15, 15 ], "rotation": 270, "texture": "#texture" },
        "up":    { "uv": [ 1, 15, 15, 16 ], "rotation": 90, "texture": "#texture" },
        "west":  { "uv": [ 1, 15, 15, 16 ], "texture": "#texture" },
        "east":  { "uv": [ 15, 15, 1, 16 ], "texture": "#texture" }
    }
},
{
    "__comment": "MID",
    "from": [ 6, 0, 6 ],
    "to": [ 10, 6, 10 ],
    "faces": {
        "down":  { "uv": [ 6, 10, 10, 6 ], "texture": "#texture" },
        "up":    { "uv": [ 6, 6, 10, 10 ], "texture": "#texture" },
        "north": { "uv": [ 10, 10, 6, 16 ], "texture": "#texture" },
        "south": { "uv": [ 6, 10, 10, 16 ], "texture": "#texture" },
        "west":  { "uv": [ 6, 10, 10, 16 ], "texture": "#texture" },
        "east":  { "uv": [ 10, 10, 6, 16 ], "texture": "#texture" }
    }
},
{
    "__comment": "Redstone",
    "from": [ 5.75, 6, 8.75 ],
    "to": [ 6.25, 6.5, 9.25 ],
    "faces": {
        "down":  { "uv": [ 7.5, 7, 8, 6.5 ], "texture": "#off" },
        "up":    { "uv": [ 7.5, 6.5, 8, 7 ], "texture": "#off" },
        "north": { "uv": [ 7.5, 6.5, 8, 7 ], "texture": "#off" },
        "south": { "uv": [ 7.5, 6.5, 8, 7 ], "texture": "#off" },
        "west":  { "uv": [ 7.5, 6.5, 8, 7 ], "texture": "#off" },
        "east":  { "uv": [ 7.5, 6.5, 8, 7 ], "texture": "#off" }
    }
},
{
    "__comment": "Redstone",
    "from": [ 7.75, 6, 8.75 ],
    "to": [ 8.25, 6.5, 9.25 ],
    "faces": {
        "up":    { "uv": [ 7.5, 6.5, 8, 7 ], "texture": "#off" },
        "north": { "uv": [ 7.5, 6.5, 8, 7 ], "texture": "#off" },
        "south": { "uv": [ 7.5, 6.5, 8, 7 ], "texture": "#off" },
        "west":  { "uv": [ 7.5, 6.5, 8, 7 ], "texture": "#off" },
        "east":  { "uv": [ 7.5, 6.5, 8, 7 ], "texture": "#off" }
    }
},
{
    "__comment": "Redstone",
    "from": [ 5.75, 6, 6.75 ],
    "to": [ 6.25, 6.5, 7.25 ],
    "faces": {
        "down":  { "uv": [ 7.5, 7, 8, 6.5 ], "texture": "#on" },
        "up":    { "uv": [ 7.5, 6.5, 8, 7 ], "texture": "#on" },
        "north": { "uv": [ 7.5, 6.5, 8, 7 ], "texture": "#on" },
        "south": { "uv": [ 7.5, 6.5, 8, 7 ], "texture": "#on" },
        "west":  { "uv": [ 7.5, 6.5, 8, 7 ], "texture": "#on" },
        "east":  { "uv": [ 7.5, 6.5, 8, 7 ], "texture": "#on" }
    }
},
{
    "__comment": "Redstone",
    "from": [ 9.75, 6, 8.75 ],
    "to": [ 10.25, 6.5, 9.25 ],
    "faces": {
        "down":  { "uv": [ 7.5, 7, 8, 6.5 ], "texture": "#off" },
        "up":    { "uv": [ 7.5, 6.5, 8, 7 ], "texture": "#off" },
        "north": { "uv": [ 7.5, 6.5, 8, 7 ], "texture": "#off" },
        "south": { "uv": [ 7.5, 6.5, 8, 7 ], "texture": "#off" },
        "west":  { "uv": [ 7.5, 6.5, 8, 7 ], "texture": "#off" },
        "east":  { "uv": [ 7.5, 6.5, 8, 7 ], "texture": "#off" }
    }
},
{
    "__comment": "Redstone",
    "from": [ 8.75, 6, 8.75 ],
    "to": [ 9.25, 6.5, 9.25 ],
    "faces": {
        "up":    { "uv": [ 7.5, 6.5, 8, 7 ], "texture": "#off" },
        "north": { "uv": [ 7.5, 6.5, 8, 7 ], "texture": "#off" },
        "south": { "uv": [ 7.5, 6.5, 8, 7 ], "texture": "#off" },
        "west":  { "uv": [ 7.5, 6.5, 8, 7 ], "texture": "#off" },
        "east":  { "uv": [ 7.5, 6.5, 8, 7 ], "texture": "#off" }
    }
},
{
    "__comment": "Redstone",
    "from": [ 6.75, 6, 8.75 ],
    "to": [ 7.25, 6.5, 9.25 ],
    "faces": {
        "up":    { "uv": [ 7.5, 6.5, 8, 7 ], "texture": "#off" },
        "north": { "uv": [ 7.5, 6.5, 8, 7 ], "texture": "#off" },
        "south": { "uv": [ 7.5, 6.5, 8, 7 ], "texture": "#off" },
        "west":  { "uv": [ 7.5, 6.5, 8, 7 ], "texture": "#off" },
        "east":  { "uv": [ 7.5, 6.5, 8, 7 ], "texture": "#off" }
    }
},
{
    "__comment": "Redstone",
    "from": [ 9.75, 6, 7.75 ],
    "to": [ 10.25, 6.5, 8.25 ],
    "faces": {
        "down":  { "uv": [ 7.5, 7, 8, 6.5 ], "texture": "#on" },
        "up":    { "uv": [ 7.5, 6.5, 8, 7 ], "texture": "#on" },
        "north": { "uv": [ 7.5, 6.5, 8, 7 ], "texture": "#on" },
        "south": { "uv": [ 7.5, 6.5, 8, 7 ], "texture": "#on" },
        "west":  { "uv": [ 7.5, 6.5, 8, 7 ], "texture": "#on" },
        "east":  { "uv": [ 7.5, 6.5, 8, 7 ], "texture": "#on" }
    }
},
{
    "__comment": "Redstone",
    "from": [ 7.75, 6, 7.75 ],
    "to": [ 8.25, 6.5, 8.25 ],
    "faces": {
        "up":    { "uv": [ 7.5, 6.5, 8, 7 ], "texture": "#on" },
        "north": { "uv": [ 7.5, 6.5, 8, 7 ], "texture": "#on" },
        "south": { "uv": [ 7.5, 6.5, 8, 7 ], "texture": "#on" },
        "west":  { "uv": [ 7.5, 6.5, 8, 7 ], "texture": "#on" },
        "east":  { "uv": [ 7.5, 6.5, 8, 7 ], "texture": "#on" }
    }
},
{
    "__comment": "Redstone",
    "from": [ 9.75, 6, 6.75 ],
    "to": [ 10.25, 6.5, 7.25 ],
    "faces": {
        "down":  { "uv": [ 7.5, 7, 8, 6.5 ], "texture": "#on" },
        "up":    { "uv": [ 7.5, 6.5, 8, 7 ], "texture": "#on" },
        "north": { "uv": [ 7.5, 6.5, 8, 7 ], "texture": "#on" },
        "south": { "uv": [ 7.5, 6.5, 8, 7 ], "texture": "#on" },
        "west":  { "uv": [ 7.5, 6.5, 8, 7 ], "texture": "#on" },
        "east":  { "uv": [ 7.5, 6.5, 8, 7 ], "texture": "#on" }
    }
},
{
    "__comment": "Redstone",
    "from": [ 7.75, 6, 6.75 ],
    "to": [ 8.25, 6.5, 7.25 ],
    "faces": {
        "up":    { "uv": [ 7.5, 6.5, 8, 7 ], "texture": "#on" },
        "north": { "uv": [ 7.5, 6.5, 8, 7 ], "texture": "#on" },
        "south": { "uv": [ 7.5, 6.5, 8, 7 ], "texture": "#on" },
        "west":  { "uv": [ 7.5, 6.5, 8, 7 ], "texture": "#on" },
        "east":  { "uv": [ 7.5, 6.5, 8, 7 ], "texture": "#on" }
    }
},
{
    "__comment": "Redstone",
    "from": [ 8.75, 6, 7.75 ],
    "to": [ 9.25, 6.5, 8.25 ],
    "faces": {
        "up":    { "uv": [ 7.5, 6.5, 8, 7 ], "texture": "#on" },
        "north": { "uv": [ 7.5, 6.5, 8, 7 ], "texture": "#on" },
        "south": { "uv": [ 7.5, 6.5, 8, 7 ], "texture": "#on" },
        "west":  { "uv": [ 7.5, 6.5, 8, 7 ], "texture": "#on" },
        "east":  { "uv": [ 7.5, 6.5, 8, 7 ], "texture": "#on" }
    }
},
{
    "__comment": "Redstone",
    "from": [ 6.75, 6, 7.75 ],
    "to": [ 7.25, 6.5, 8.25 ],
    "faces": {
        "up":    { "uv": [ 7.5, 6.5, 8, 7 ], "texture": "#on" },
        "north": { "uv": [ 7.5, 6.5, 8, 7 ], "texture": "#on" },
        "south": { "uv": [ 7.5, 6.5, 8, 7 ], "texture": "#on" },
        "west":  { "uv": [ 7.5, 6.5, 8, 7 ], "texture": "#on" },
        "east":  { "uv": [ 7.5, 6.5, 8, 7 ], "texture": "#on" }
    }
},
{
    "__comment": "Redstone",
    "from": [ 5.75, 6, 7.75 ],
    "to": [ 6.25, 6.5, 8.25 ],
    "faces": {
        "down":  { "uv": [ 7.5, 7, 8, 6.5 ], "texture": "#on" },
        "up":    { "uv": [ 7.5, 6.5, 8, 7 ], "texture": "#on" },
        "north": { "uv": [ 7.5, 6.5, 8, 7 ], "texture": "#on" },
        "south": { "uv": [ 7.5, 6.5, 8, 7 ], "texture": "#on" },
        "west":  { "uv": [ 7.5, 6.5, 8, 7 ], "texture": "#on" },
        "east":  { "uv": [ 7.5, 6.5, 8, 7 ], "texture": "#on" }
    }
},
{
    "__comment": "Redstone",
    "from": [ 8.75, 6, 6.75 ],
    "to": [ 9.25, 6.5, 7.25 ],
    "faces": {
        "up":    { "uv": [ 7.5, 6.5, 8, 7 ], "texture": "#on" },
        "north": { "uv": [ 7.5, 6.5, 8, 7 ], "texture": "#on" },
        "south": { "uv": [ 7.5, 6.5, 8, 7 ], "texture": "#on" },
        "west":  { "uv": [ 7.5, 6.5, 8, 7 ], "texture": "#on" },
        "east":  { "uv": [ 7.5, 6.5, 8, 7 ], "texture": "#on" }
    }
},
{
    "__comment": "Redstone",
    "from": [ 6.75, 6, 6.75 ],
    "to": [ 7.25, 6.5, 7.25 ],
    "faces": {
        "up":    { "uv": [ 7.5, 6.5, 8, 7 ], "texture": "#on" },
        "north": { "uv": [ 7.5, 6.5, 8, 7 ], "texture": "#on" },
        "south": { "uv": [ 7.5, 6.5, 8, 7 ], "texture": "#on" },
        "west":  { "uv": [ 7.5, 6.5, 8, 7 ], "texture": "#on" },
        "east":  { "uv": [ 7.5, 6.5, 8, 7 ], "texture": "#on" }
    }
}
],
"display": {
    "thirdperson": {
        "rotation": [ 18, 0, 180 ],
        "translation": [ 0, 1, -4 ],
        "scale": [ 0.75, 0.75, 0.75 ]
    },
    "head": {
        "rotation": [ 0, 0, 0 ],
        "translation": [ 0, 7.5, 0 ],
        "scale": [ 1, 1, 1 ]
    },
    "firstperson": {
        "rotation": [ 0, 0, 0 ],
        "translation": [ 0, 0, 0 ],
        "scale": [ 1, 1, 1 ]
    },
    "gui": {
        "rotation": [ 0, 180, 0 ],
        "translation": [ 0, 0, 0 ],
        "scale": [ 1, 1, 1 ]
    }
}
}