{
"__comment": "Designed by Sibsib92 with BDcraft Cubik PRO 0.91 Beta - http://bdcraft.net",
"ambientocclusion": false,
"textures": {
    "texture": "blocks/diamond_block"
},
"elements": [ 
{
    "__comment": "Mid*",
    "from": [ 5.5, 3.75, 6.5 ],
    "to": [ 10.5, 8.25, 10 ],
    "faces": {
        "down":  { "uv": [ 3, 12, 13, 5 ], "texture": "#texture" },
        "up":    { "uv": [ 3, 5, 13, 12 ], "texture": "#texture" },
        "north": { "uv": [ 3, 3.5, 13, 12.5 ], "texture": "#texture" },
        "south": { "uv": [ 3, 3.5, 13, 12.5 ], "texture": "#texture" },
        "west":  { "uv": [ 5, 3.5, 12, 12.5 ], "texture": "#texture" },
        "east":  { "uv": [ 4, 3.5, 11, 12.5 ], "texture": "#texture" }
    }
},
{
    "__comment": "Mid*",
    "from": [ 6.75, 2.5, 6 ],
    "to": [ 9.25, 11, 10 ],
    "faces": {
        "down":  { "uv": [ 5.5, 12, 10.5, 4 ], "texture": "#texture" },
        "up":    { "uv": [ 5.5, 4, 10.5, 12 ], "texture": "#texture" },
        "north": { "uv": [ 5.5, 0, 10.5, 15 ], "texture": "#texture" },
        "south": { "uv": [ 5.5, 0, 10.5, 15 ], "texture": "#texture" },
        "west":  { "uv": [ 4, 0, 12, 15 ], "texture": "#texture" },
        "east":  { "uv": [ 4, 0, 12, 15 ], "texture": "#texture" }
    }
},
{
    "__comment": "Top*",
    "from": [ 6.5, 0.28125, 10.4375 ],
    "to": [ 9.5, 4.28125, 11.4375 ],
    "rotation": { "origin": [ 6.5, 4.28125, 10.4375 ], "axis": "x", "angle": 45 },
    "faces": {
        "down":  { "uv": [ 5, 7, 11, 5 ], "texture": "#texture" },
        "north": { "uv": [ 5, 10.5, 11, 16 ], "texture": "#texture" },
        "south": { "uv": [ 5, 10.5, 11, 16 ], "texture": "#texture" },
        "west":  { "uv": [ 5, 10.5, 7, 16 ], "texture": "#texture" },
        "east":  { "uv": [ 9, 10.5, 11, 16 ], "texture": "#texture" }
    }
},
{
    "__comment": "Top*",
    "from": [ 6.59375, 7.53125, 7.40625 ],
    "to": [ 9.375, 14.5313, 8.53125 ],
    "rotation": { "origin": [ 6.59375, 14.5313, 7.40625 ], "axis": "x", "angle": -22.5 },
    "faces": {
        "down":  { "uv": [ 5, 8.125, 11, 7.125 ], "texture": "#texture" },
        "up":    { "uv": [ 5, 7.125, 11, 8.125 ], "texture": "#texture" },
        "north": { "uv": [ 5, 0, 11, 4.4375 ], "texture": "#texture" },
        "south": { "uv": [ 5, 0, 11, 4.4375 ], "texture": "#texture" },
        "west":  { "uv": [ 7.125, 0, 8.125, 4.4375 ], "texture": "#texture" },
        "east":  { "uv": [ 7.875, 0, 8.875, 4.4375 ], "texture": "#texture" }
    }
},
{
    "__comment": "Top*",
    "from": [ 6.59375, 7.9375, 7.53125 ],
    "to": [ 9.375, 14.9375, 8.65625 ],
    "rotation": { "origin": [ 6.59375, 14.9375, 7.53125 ], "axis": "x", "angle": 22.5 },
    "faces": {
        "down":  { "uv": [ 5, 8.125, 11, 7.125 ], "texture": "#texture" },
        "up":    { "uv": [ 5, 7.125, 11, 8.125 ], "texture": "#texture" },
        "north": { "uv": [ 5, 0, 11, 4.4375 ], "texture": "#texture" },
        "south": { "uv": [ 5, 0, 11, 4.4375 ], "texture": "#texture" },
        "west":  { "uv": [ 7.125, 0, 8.125, 4.4375 ], "texture": "#texture" },
        "east":  { "uv": [ 7.875, 0, 8.875, 4.4375 ], "texture": "#texture" }
    }
},
{
    "__comment": "Corner",
    "from": [ 6.59375, 6.8125, 7.5 ],
    "to": [ 9.59375, 13.8125, 8.5 ],
    "rotation": { "origin": [ 6.59375, 13.8125, 7.5 ], "axis": "z", "angle": 22.5 },
    "faces": {
        "down":  { "uv": [ 11, 9, 16, 7 ], "texture": "#texture" },
        "up":    { "uv": [ 11, 7, 16, 9 ], "texture": "#texture" },
        "north": { "uv": [ 0, 0, 5, 0 ], "texture": "#texture" },
        "south": { "uv": [ 11, 0, 16, 0 ], "texture": "#texture" },
        "west":  { "uv": [ 7, 0, 9, 0 ], "texture": "#texture" },
        "east":  { "uv": [ 7, 0, 9, 0 ], "texture": "#texture" }
    }
},
{
    "__comment": "Corner",
    "from": [ 6.625, 7.9375, 7.5 ],
    "to": [ 9.625, 14.9375, 8.5 ],
    "rotation": { "origin": [ 6.625, 14.9375, 7.5 ], "axis": "z", "angle": -22.5 },
    "faces": {
        "down":  { "uv": [ 11, 9, 16, 7 ], "texture": "#texture" },
        "up":    { "uv": [ 11, 7, 16, 9 ], "texture": "#texture" },
        "north": { "uv": [ 0, 0, 5, 0 ], "texture": "#texture" },
        "south": { "uv": [ 11, 0, 16, 0 ], "texture": "#texture" },
        "west":  { "uv": [ 7, 0, 9, 0 ], "texture": "#texture" },
        "east":  { "uv": [ 7, 0, 9, 0 ], "texture": "#texture" }
    }
},
{
    "__comment": "Top",
    "from": [ 6.625, 14.2188, 7.5 ],
    "to": [ 9.375, 14.9688, 8.5 ],
    "faces": {
        "down":  { "uv": [ 5.25, 9, 10.75, 7 ], "texture": "#texture" },
        "up":    { "uv": [ 5.25, 7, 10.75, 9 ], "texture": "#texture" },
        "north": { "uv": [ 5.25, 0, 10.75, 0 ], "texture": "#texture" },
        "south": { "uv": [ 5.25, 0, 10.75, 0 ], "texture": "#texture" },
        "west":  { "uv": [ 7, 0, 9, 0 ], "texture": "#texture" },
        "east":  { "uv": [ 7, 0, 9, 0 ], "texture": "#texture" }
    }
},
{
    "__comment": "Sides",
    "from": [ 11.5625, 3.5, 7.5 ],
    "to": [ 12.0625, 8.5, 8.5 ],
    "faces": {
        "down":  { "uv": [ 15.125, 9, 16, 7 ], "texture": "#texture" },
        "up":    { "uv": [ 15.125, 7, 16, 9 ], "texture": "#texture" },
        "north": { "uv": [ 0, 3, 0.875, 13 ], "texture": "#texture" },
        "south": { "uv": [ 15.125, 3, 16, 13 ], "texture": "#texture" },
        "west":  { "uv": [ 7, 3, 9, 13 ], "texture": "#texture" },
        "east":  { "uv": [ 7, 3, 9, 13 ], "texture": "#texture" }
    }
},
{
    "__comment": "Sides",
    "from": [ 8.6875, 3.5, 10.4375 ],
    "to": [ 12.4375, 8.5, 11.4375 ],
    "rotation": { "origin": [ 8.6875, 3.5, 10.4375 ], "axis": "y", "angle": 45 },
    "faces": {
        "down":  { "uv": [ 10.25, 11.125, 15.75, 9.125 ], "texture": "#texture" },
        "up":    { "uv": [ 10.25, 9.125, 15.75, 11.125 ], "texture": "#texture" },
        "north": { "uv": [ 0.25, 3, 5.75, 13 ], "texture": "#texture" },
        "south": { "uv": [ 10.25, 3, 15.75, 13 ], "texture": "#texture" },
        "west":  { "uv": [ 9.125, 3, 11.125, 13 ], "texture": "#texture" },
        "east":  { "uv": [ 4.875, 3, 6.875, 13 ], "texture": "#texture" }
    }
},
{
    "__comment": "Sides",
    "from": [ 9.375, 3.5, 4.84375 ],
    "to": [ 13.125, 8.5, 5.84375 ],
    "rotation": { "origin": [ 9.375, 3.5, 4.84375 ], "axis": "y", "angle": -45 },
    "faces": {
        "down":  { "uv": [ 11, 7.0625, 16, 5.0625 ], "texture": "#texture" },
        "up":    { "uv": [ 11, 5.0625, 16, 7.0625 ], "texture": "#texture" },
        "north": { "uv": [ 0, 3, 5, 13 ], "texture": "#texture" },
        "south": { "uv": [ 11, 3, 16, 13 ], "texture": "#texture" },
        "east":  { "uv": [ 8.9375, 3, 10.9375, 13 ], "texture": "#texture" }
    }
},
{
    "__comment": "Sides",
    "from": [ 3.9375, 3.5, 7.5 ],
    "to": [ 4.4375, 8.5, 8.5 ],
    "faces": {
        "down":  { "uv": [ 0, 9, 0.875, 7 ], "texture": "#texture" },
        "up":    { "uv": [ 0, 7, 0.875, 9 ], "texture": "#texture" },
        "north": { "uv": [ 15.125, 3, 16, 13 ], "texture": "#texture" },
        "south": { "uv": [ 0, 3, 0.875, 13 ], "texture": "#texture" },
        "west":  { "uv": [ 7, 3, 9, 13 ], "texture": "#texture" },
        "east":  { "uv": [ 7, 3, 9, 13 ], "texture": "#texture" }
    }
},
{
    "__comment": "Sides",
    "from": [ 4.65625, 3.5, 7.78125 ],
    "to": [ 8.40625, 8.5, 8.78125 ],
    "rotation": { "origin": [ 4.65625, 3.5, 7.78125 ], "axis": "y", "angle": -45 },
    "faces": {
        "down":  { "uv": [ 0.6875, 9, 6.1875, 7 ], "texture": "#texture" },
        "up":    { "uv": [ 0.6875, 7, 6.1875, 9 ], "texture": "#texture" },
        "north": { "uv": [ 9.8125, 3, 15.3125, 13 ], "texture": "#texture" },
        "south": { "uv": [ 0.6875, 3, 6.1875, 13 ], "texture": "#texture" },
        "west":  { "uv": [ 7, 3, 9, 13 ], "texture": "#texture" },
        "east":  { "uv": [ 7, 3, 9, 13 ], "texture": "#texture" }
    }
},
{
    "__comment": "Sides",
    "from": [ 3.96875, 3.5, 7.5 ],
    "to": [ 7.71875, 8.5, 8.5 ],
    "rotation": { "origin": [ 3.96875, 3.5, 7.5 ], "axis": "y", "angle": 45 },
    "faces": {
        "down":  { "uv": [ 0, 9.125, 5.5, 7.125 ], "texture": "#texture" },
        "up":    { "uv": [ 0, 7.125, 5.5, 9.125 ], "texture": "#texture" },
        "north": { "uv": [ 10.5, 3, 16, 13 ], "texture": "#texture" },
        "south": { "uv": [ 0, 3, 5.5, 13 ], "texture": "#texture" },
        "west":  { "uv": [ 7.125, 3, 9.125, 13 ], "texture": "#texture" },
        "east":  { "uv": [ 6.875, 3, 8.875, 13 ], "texture": "#texture" }
    }
},
{
    "__comment": "Mid",
    "from": [ 6.5, 3.5, 4.84375 ],
    "to": [ 9.5, 8.5, 11.1563 ],
    "faces": {
        "down":  { "uv": [ 5, 14.3125, 11, 1.6875 ], "texture": "#texture" },
        "up":    { "uv": [ 5, 1.6875, 11, 14.3125 ], "texture": "#texture" },
        "north": { "uv": [ 5, 3, 11, 13 ], "texture": "#texture" },
        "south": { "uv": [ 5, 3, 11, 13 ], "texture": "#texture" },
        "west":  { "uv": [ 1.6875, 3, 14.3125, 13 ], "texture": "#texture" },
        "east":  { "uv": [ 1.6875, 3, 14.3125, 13 ], "texture": "#texture" }
    }
},
{
    "__comment": "Top",
    "from": [ 6.5, 0.75, 7.53125 ],
    "to": [ 9.5, 1.25, 8.53125 ],
    "faces": {
        "down":  { "uv": [ 5, 9, 11, 7 ], "texture": "#texture" },
        "up":    { "uv": [ 5, 7, 11, 9 ], "texture": "#texture" },
        "south": { "uv": [ 5, 15, 11, 16 ], "texture": "#texture" },
        "west":  { "uv": [ 7, 15, 9, 16 ], "texture": "#texture" },
        "east":  { "uv": [ 7, 15, 9, 16 ], "texture": "#texture" }
    }
},
{
    "__comment": "Top",
    "from": [ 6.5, -0.40625, 4.875 ],
    "to": [ 9.5, 3.59375, 5.875 ],
    "rotation": { "origin": [ 6.5, 3.59375, 4.875 ], "axis": "x", "angle": -45 },
    "faces": {
        "down":  { "uv": [ 5, 7, 11, 5 ], "texture": "#texture" },
        "north": { "uv": [ 5, 10.5, 11, 16 ], "texture": "#texture" },
        "south": { "uv": [ 5, 10.5, 11, 16 ], "texture": "#texture" },
        "west":  { "uv": [ 5, 10.5, 7, 16 ], "texture": "#texture" },
        "east":  { "uv": [ 9, 10.5, 11, 16 ], "texture": "#texture" }
    }
},
{
    "__comment": "Corners",
    "from": [ 7.34375, 0.09375, 7.5 ],
    "to": [ 11, 3.09375, 8.5 ],
    "rotation": { "origin": [ 7.34375, 3.09375, 7.5 ], "axis": "z", "angle": 45 },
    "faces": {
        "down":  { "uv": [ 11, 9, 16, 7 ], "texture": "#texture" },
        "up":    { "uv": [ 11, 7, 16, 9 ], "texture": "#texture" },
        "north": { "uv": [ 0, 0, 5, 0 ], "texture": "#texture" },
        "south": { "uv": [ 11, 0, 16, 0 ], "texture": "#texture" },
        "west":  { "uv": [ 7, 0, 9, 0 ], "texture": "#texture" },
        "east":  { "uv": [ 7, 0, 9, 0 ], "texture": "#texture" }
    }
},
{
    "__comment": "Corners",
    "from": [ 6.09375, 2.65625, 7.5 ],
    "to": [ 9.75, 5.65625, 8.5 ],
    "rotation": { "origin": [ 6.09375, 5.65625, 7.5 ], "axis": "z", "angle": -45 },
    "faces": {
        "down":  { "uv": [ 11, 9, 16, 7 ], "texture": "#texture" },
        "up":    { "uv": [ 11, 7, 16, 9 ], "texture": "#texture" },
        "north": { "uv": [ 0, 0, 5, 0 ], "texture": "#texture" },
        "south": { "uv": [ 11, 0, 16, 0 ], "texture": "#texture" },
        "west":  { "uv": [ 7, 0, 9, 0 ], "texture": "#texture" },
        "east":  { "uv": [ 7, 0, 9, 0 ], "texture": "#texture" }
    }
}
],
"display": {
    "thirdperson": {
        "rotation": [ -180, 100, 25 ],
        "translation": [ 0, 1, -2.5 ],
        "scale": [ 0.5, 0.5, 0.5 ]
    },
    "head": {
        "rotation": [ 0, 0, 0 ],
        "translation": [ -1.5, 1, -4 ],
        "scale": [ 0.5, 0.5, 0.5 ]
    },
    "ground": {
        "rotation": [ 0, 0, 0 ],
        "translation": [ 0, 0, 0 ],
        "scale": [ 1.5, 1.5, 1.5 ]
    },
    "fixed": {
        "rotation": [ 0, 0, 0 ],
        "translation": [ 0, 0, 0 ],
        "scale": [ 1.5, 1.5, 1.5 ]
    },
    "firstperson": {
        "rotation": [ 0, -135, 100 ],
        "translation": [ 0, 0, 0 ],
        "scale": [ 1.5, 1.5, 1.5 ]
    },
    "gui": {
        "rotation": [ 0, -45, 0 ],
        "translation": [ 0, 0, 0 ],
        "scale": [ 1.5, 1.5, 1.5 ]
    }
}
}