{
"__comment": "Designed by Sibsib92 with BDcraft Cubik PRO 0.90 Beta - http://bdcraft.net",
"ambientocclusion": false,
"textures": {
    "particle": "items/diamond_sword",
    "texture": "blocks/diamond_block",
    "glass": "blocks/glass_light_blue",
    "wood": "blocks/planks_oak"
},
"elements": [ 
{
    "__comment": "Blade",
    "from": [ 7.25, 6, 7.75 ],
    "to": [ 8.75, 22, 8.25 ],
    "faces": {
        "up":    { "uv": [ 0, 0, 1, 0.5 ], "texture": "#glass" },
        "north": { "uv": [ 3, 0, 4, 16 ], "texture": "#glass" },
        "south": { "uv": [ 3, 0, 4, 16 ], "texture": "#glass" }
    }
},
{
    "__comment": "Diamond Deko",
    "from": [ 6, 5, 7.5 ],
    "to": [ 10, 6, 8.5 ],
    "faces": {
        "down":  { "uv": [ 6, 8.5, 10, 7.5 ], "texture": "#texture" },
        "up":    { "uv": [ 6, 7.5, 10, 8.5 ], "texture": "#texture" },
        "north": { "uv": [ 6, 10, 10, 11 ], "texture": "#texture" },
        "south": { "uv": [ 6, 10, 10, 11 ], "texture": "#texture" },
        "west":  { "uv": [ 7.5, 10, 8.5, 11 ], "texture": "#texture" },
        "east":  { "uv": [ 7.5, 10, 8.5, 11 ], "texture": "#texture" }
    }
},
{
    "__comment": "Diamond Deko",
    "from": [ 5.5, 5.5, 7.5 ],
    "to": [ 6, 6.5, 8.5 ],
    "faces": {
        "down":  { "uv": [ 7.5, 10.5, 8.5, 10 ], "rotation": 270, "texture": "#texture" },
        "up":    { "uv": [ 7.5, 10, 8.5, 10.5 ], "rotation": 90, "texture": "#texture" },
        "north": { "uv": [ 10, 9.5, 10.5, 10.5 ], "texture": "#texture" },
        "south": { "uv": [ 5.5, 9.5, 6, 10.5 ], "texture": "#texture" },
        "west":  { "uv": [ 7.5, 9.5, 8.5, 10.5 ], "texture": "#texture" },
        "east":  { "uv": [ 7.5, 9.5, 8.5, 10.5 ], "texture": "#texture" }
    }
},
{
    "__comment": "Diamond Deko",
    "from": [ 10, 5.5, 7.5 ],
    "to": [ 10.5, 6.5, 8.5 ],
    "faces": {
        "down":  { "uv": [ 7.5, 6, 8.5, 5.5 ], "rotation": 270, "texture": "#texture" },
        "up":    { "uv": [ 7.5, 5.5, 8.5, 6 ], "rotation": 90, "texture": "#texture" },
        "north": { "uv": [ 5.5, 9.5, 6, 10.5 ], "texture": "#texture" },
        "south": { "uv": [ 10, 9.5, 10.5, 10.5 ], "texture": "#texture" },
        "west":  { "uv": [ 7.5, 9.5, 8.5, 10.5 ], "texture": "#texture" },
        "east":  { "uv": [ 7.5, 9.5, 8.5, 10.5 ], "texture": "#texture" }
    }
},
{
    "__comment": "Diamond Deko",
    "from": [ 5, 6, 8 ],
    "to": [ 5.5, 8, 8.5 ],
    "faces": {
        "down":  { "uv": [ 8, 11, 8.5, 10.5 ], "rotation": 270, "texture": "#texture" },
        "up":    { "uv": [ 8, 10.5, 8.5, 11 ], "rotation": 90, "texture": "#texture" },
        "north": { "uv": [ 10.5, 8, 11, 10 ], "texture": "#texture" },
        "south": { "uv": [ 5, 8, 5.5, 10 ], "texture": "#texture" },
        "west":  { "uv": [ 8, 8, 8.5, 10 ], "texture": "#texture" },
        "east":  { "uv": [ 7.5, 8, 8, 10 ], "texture": "#texture" }
    }
},
{
    "__comment": "Diamond Deko",
    "from": [ 10.5, 6, 7.5 ],
    "to": [ 11, 8, 8 ],
    "faces": {
        "down":  { "uv": [ 7.5, 5.5, 8, 5 ], "rotation": 270, "texture": "#texture" },
        "up":    { "uv": [ 7.5, 5, 8, 5.5 ], "rotation": 90, "texture": "#texture" },
        "north": { "uv": [ 5, 8, 5.5, 10 ], "texture": "#texture" },
        "south": { "uv": [ 10.5, 8, 11, 10 ], "texture": "#texture" },
        "west":  { "uv": [ 7.5, 8, 8, 10 ], "texture": "#texture" },
        "east":  { "uv": [ 8, 8, 8.5, 10 ], "texture": "#texture" }
    }
},
{
    "__comment": "Diamond Deko",
    "from": [ 4.5, 7.5, 8 ],
    "to": [ 5, 9.5, 8.5 ],
    "faces": {
        "down":  { "uv": [ 8, 11.5, 8.5, 11 ], "rotation": 270, "texture": "#texture" },
        "up":    { "uv": [ 8, 11, 8.5, 11.5 ], "rotation": 90, "texture": "#texture" },
        "north": { "uv": [ 11, 6.5, 11.5, 8.5 ], "texture": "#texture" },
        "south": { "uv": [ 4.5, 6.5, 5, 8.5 ], "texture": "#texture" },
        "west":  { "uv": [ 8, 6.5, 8.5, 8.5 ], "texture": "#texture" },
        "east":  { "uv": [ 7.5, 6.5, 8, 8.5 ], "texture": "#texture" }
    }
},
{
    "__comment": "Diamond Deko",
    "from": [ 11, 7.5, 7.5 ],
    "to": [ 11.5, 9.5, 8 ],
    "faces": {
        "down":  { "uv": [ 7.5, 5, 8, 4.5 ], "rotation": 270, "texture": "#texture" },
        "up":    { "uv": [ 7.5, 4.5, 8, 5 ], "rotation": 90, "texture": "#texture" },
        "north": { "uv": [ 4.5, 6.5, 5, 8.5 ], "texture": "#texture" },
        "south": { "uv": [ 11, 6.5, 11.5, 8.5 ], "texture": "#texture" },
        "west":  { "uv": [ 7.5, 6.5, 8, 8.5 ], "texture": "#texture" },
        "east":  { "uv": [ 8, 6.5, 8.5, 8.5 ], "texture": "#texture" }
    }
},
{
    "__comment": "Gold Grip",
    "from": [ 6.5, 5, 7 ],
    "to": [ 9.5, 6, 9 ],
    "faces": {
        "down":  { "uv": [ 6.5, 9, 9.5, 7 ], "texture": "#texture" },
        "up":    { "uv": [ 6.5, 7, 9.5, 9 ], "texture": "#texture" },
        "north": { "uv": [ 6.5, 10, 9.5, 11 ], "texture": "#texture" },
        "south": { "uv": [ 6.5, 10, 9.5, 11 ], "texture": "#texture" },
        "west":  { "uv": [ 7, 10, 9, 11 ], "texture": "#texture" },
        "east":  { "uv": [ 7, 10, 9, 11 ], "texture": "#texture" }
    }
},
{
    "__comment": "Gold Grip",
    "from": [ 7, 5, 6.5 ],
    "to": [ 9, 6, 9.5 ],
    "faces": {
        "down":  { "uv": [ 7, 9.5, 9, 6.5 ], "texture": "#texture" },
        "up":    { "uv": [ 7, 6.5, 9, 9.5 ], "texture": "#texture" },
        "north": { "uv": [ 7, 10, 9, 11 ], "texture": "#texture" },
        "south": { "uv": [ 7, 10, 9, 11 ], "texture": "#texture" },
        "west":  { "uv": [ 6.5, 10, 9.5, 11 ], "texture": "#texture" },
        "east":  { "uv": [ 6.5, 10, 9.5, 11 ], "texture": "#texture" }
    }
},
{
    "__comment": "Gold Grip",
    "from": [ 6.5, 0, 7 ],
    "to": [ 9.5, 1, 9 ],
    "faces": {
        "down":  { "uv": [ 6.5, 9, 9.5, 7 ], "texture": "#texture" },
        "up":    { "uv": [ 6.5, 7, 9.5, 9 ], "texture": "#texture" },
        "north": { "uv": [ 6.5, 9, 9.5, 10 ], "texture": "#texture" },
        "south": { "uv": [ 6.5, 9, 9.5, 10 ], "texture": "#texture" },
        "west":  { "uv": [ 7, 9, 9, 10 ], "texture": "#texture" },
        "east":  { "uv": [ 7, 9, 9, 10 ], "texture": "#texture" }
    }
},
{
    "__comment": "Gold Grip",
    "from": [ 7, 0, 6.5 ],
    "to": [ 9, 1, 9.5 ],
    "faces": {
        "down":  { "uv": [ 7, 9.5, 9, 6.5 ], "texture": "#texture" },
        "up":    { "uv": [ 7, 6.5, 9, 9.5 ], "texture": "#texture" },
        "north": { "uv": [ 7, 9, 9, 10 ], "texture": "#texture" },
        "south": { "uv": [ 7, 9, 9, 10 ], "texture": "#texture" },
        "west":  { "uv": [ 6.5, 9, 9.5, 10 ], "texture": "#texture" },
        "east":  { "uv": [ 6.5, 7, 9.5, 8 ], "texture": "#texture" }
    }
},
{
    "__comment": "Wood Grip",
    "from": [ 7, 1, 7.5 ],
    "to": [ 9, 5, 8.5 ],
    "faces": {
        "north": { "uv": [ 12, 2, 13, 6 ], "texture": "#wood" },
        "south": { "uv": [ 12, 2, 13, 6 ], "texture": "#wood" },
        "west":  { "uv": [ 12, 2, 14, 6 ], "texture": "#wood" },
        "east":  { "uv": [ 12, 2, 14, 6 ], "texture": "#wood" }
    }
},
{
    "__comment": "Wood Grip",
    "from": [ 7.5, 1, 7 ],
    "to": [ 8.5, 5, 9 ],
    "faces": {
        "north": { "uv": [ 12, 2, 13, 6 ], "texture": "#wood" },
        "south": { "uv": [ 12, 2, 13, 6 ], "texture": "#wood" },
        "west":  { "uv": [ 12, 2, 14, 6 ], "texture": "#wood" },
        "east":  { "uv": [ 12, 2, 14, 6 ], "texture": "#wood" }
    }
},
{
    "__comment": "Diamond Blade",
    "from": [ 6.75, 6, 7.8125 ],
    "to": [ 7.75, 22, 8.3125 ],
    "rotation": { "origin": [ 6.75, 6, 7.8125 ], "axis": "y", "angle": -22.5 },
    "faces": {
        "up":    { "uv": [ 0, 0, 1, 0.5 ], "texture": "#texture" },
        "north": { "uv": [ 8, 0, 9, 16 ], "texture": "#texture" },
        "south": { "uv": [ 7, 0, 8, 16 ], "texture": "#texture" },
        "west":  { "uv": [ 9, 0, 9.5, 16 ], "texture": "#texture" },
        "east":  { "uv": [ 6.5, 0, 7, 16 ], "texture": "#texture" }
    }
},
{
    "__comment": "Diamond Blade",
    "from": [ 8.3125, 6, 8.1875 ],
    "to": [ 9.3125, 22, 8.6875 ],
    "rotation": { "origin": [ 8.3125, 6, 8.1875 ], "axis": "y", "angle": 22.5 },
    "faces": {
        "up":    { "uv": [ 0, 0, 1, 0.5 ], "texture": "#texture" },
        "north": { "uv": [ 8, 0, 9, 16 ], "texture": "#texture" },
        "south": { "uv": [ 7, 0, 8, 16 ], "texture": "#texture" },
        "west":  { "uv": [ 9, 0, 9.5, 16 ], "texture": "#texture" },
        "east":  { "uv": [ 6.5, 0, 7, 16 ], "texture": "#texture" }
    }
},
{
    "__comment": "Diamond Blade",
    "from": [ 6.5625, 6, 7.75 ],
    "to": [ 7.5625, 22, 8.25 ],
    "rotation": { "origin": [ 6.5625, 6, 7.75 ], "axis": "y", "angle": 22.5 },
    "faces": {
        "up":    { "uv": [ 0, 0, 1, 0.5 ], "texture": "#texture" },
        "north": { "uv": [ 8, 0, 9, 16 ], "texture": "#texture" },
        "south": { "uv": [ 7, 0, 8, 16 ], "texture": "#texture" },
        "west":  { "uv": [ 9, 0, 9.5, 16 ], "texture": "#texture" },
        "east":  { "uv": [ 6.5, 0, 7, 16 ], "texture": "#texture" }
    }
},
{
    "__comment": "Diamond Blade",
    "from": [ 8.5, 6, 7.375 ],
    "to": [ 9.5, 22, 7.875 ],
    "rotation": { "origin": [ 8.5, 6, 7.375 ], "axis": "y", "angle": -22.5 },
    "faces": {
        "up":    { "uv": [ 0, 0, 1, 0.5 ], "texture": "#texture" },
        "north": { "uv": [ 8, 0, 9, 16 ], "texture": "#texture" },
        "south": { "uv": [ 7, 0, 8, 16 ], "texture": "#texture" },
        "west":  { "uv": [ 9, 0, 9.5, 16 ], "texture": "#texture" },
        "east":  { "uv": [ 6.5, 0, 7, 16 ], "texture": "#texture" }
    }
},
{
    "__comment": "Diamond Blade",
    "from": [ 6.375, 6, 8 ],
    "to": [ 6.6875, 22, 8.3125 ],
    "rotation": { "origin": [ 6.375, 6, 8 ], "axis": "y", "angle": 45 },
    "faces": {
        "up":    { "uv": [ 0, 0, 1, 0.5 ], "texture": "#texture" },
        "north": { "uv": [ 7, 0, 8, 16 ], "texture": "#texture" },
        "south": { "uv": [ 7, 0, 8, 16 ], "texture": "#texture" },
        "west":  { "uv": [ 7, 0, 7.5, 16 ], "texture": "#texture" },
        "east":  { "uv": [ 7, 0, 7.5, 16 ], "texture": "#texture" }
    }
},
{
    "__comment": "Diamond Blade",
    "from": [ 9.1875, 6, 8 ],
    "to": [ 9.5, 22, 8.3125 ],
    "rotation": { "origin": [ 9.1875, 6, 8 ], "axis": "y", "angle": 45 },
    "faces": {
        "up":    { "uv": [ 0, 0, 1, 0.5 ], "texture": "#texture" },
        "north": { "uv": [ 7, 0, 8, 16 ], "texture": "#texture" },
        "south": { "uv": [ 7, 0, 8, 16 ], "texture": "#texture" },
        "west":  { "uv": [ 7, 0, 7.5, 16 ], "texture": "#texture" },
        "east":  { "uv": [ 7, 0, 7.5, 16 ], "texture": "#texture" }
    }
}
],
"display": {
    "thirdperson": {
        "rotation": [ 0, 90, -90 ],
        "translation": [ 0, 1, -3.7 ],
        "scale": [ 1.25, 1.25, 1.25 ]
    },
    "head": {
        "rotation": [ 0, 0, 115 ],
        "translation": [ 3, 6.5, 0 ],
        "scale": [ 1.25, 1.25, 1.25 ]
    },
    "ground": {
        "rotation": [ 0, 0, 0 ],
        "translation": [ 0, 0, 0 ],
        "scale": [ 2, 2, 2 ]
    },
    "fixed": {
        "rotation": [ 0, 0, 0 ],
        "translation": [ 0, -1.25, 0 ],
        "scale": [ 1.5, 1.5, 1.5 ]
    },
    "firstperson": {
        "rotation": [ 0, -135, -15 ],
        "translation": [ 0, 4, 2 ],
        "scale": [ 1.7, 1.7, 1.7 ]
    },
    "gui": {
        "rotation": [ 0, -45, 45 ],
        "translation": [ 2, -0.5, 0 ],
        "scale": [ 1.25, 1.25, 1.25 ]
    }
}
}