{
"__comment": "Designed by Sibsib92 with BDcraft Cubik PRO 0.91 Beta - http://bdcraft.net",
"ambientocclusion": false,
"textures": {
    "texture": "blocks/emerald_block"
},
"elements": [ 
{
    "__comment": "Corners",
    "from": [ 6.09375, 0.65625, 7.5 ],
    "to": [ 9.75, 3.65625, 8.5 ],
    "rotation": { "origin": [ 6.09375, 3.65625, 7.5 ], "axis": "z", "angle": -45 },
    "faces": {
        "down":  { "uv": [ 11, 9, 16, 7 ], "texture": "#texture" },
        "up":    { "uv": [ 11, 7, 16, 9 ], "texture": "#texture" },
        "north": { "uv": [ 0, 0, 5, 0 ], "texture": "#texture" },
        "south": { "uv": [ 11, 0, 16, 0 ], "texture": "#texture" },
        "west":  { "uv": [ 7, 0, 9, 0 ], "texture": "#texture" },
        "east":  { "uv": [ 7, 0, 9, 0 ], "texture": "#texture" }
    }
},
{
    "__comment": "Corners",
    "from": [ 7.34375, -1.90625, 7.5 ],
    "to": [ 11, 1.09375, 8.5 ],
    "rotation": { "origin": [ 7.34375, 1.09375, 7.5 ], "axis": "z", "angle": 45 },
    "faces": {
        "down":  { "uv": [ 11, 9, 16, 7 ], "texture": "#texture" },
        "up":    { "uv": [ 11, 7, 16, 9 ], "texture": "#texture" },
        "north": { "uv": [ 0, 0, 5, 0 ], "texture": "#texture" },
        "south": { "uv": [ 11, 0, 16, 0 ], "texture": "#texture" },
        "west":  { "uv": [ 7, 0, 9, 0 ], "texture": "#texture" },
        "east":  { "uv": [ 7, 0, 9, 0 ], "texture": "#texture" }
    }
},
{
    "__comment": "Top",
    "from": [ 6.5, -1.25, 6.5 ],
    "to": [ 9.5, 1.5, 7.5 ],
    "rotation": { "origin": [ 6.5, 1.5, 6.5 ], "axis": "x", "angle": -22.5 },
    "faces": {
        "down":  { "uv": [ 5, 7, 11, 5 ], "texture": "#texture" },
        "north": { "uv": [ 5, 10.5, 11, 16 ], "texture": "#texture" },
        "south": { "uv": [ 5, 10.5, 11, 16 ], "texture": "#texture" },
        "west":  { "uv": [ 5, 10.5, 7, 16 ], "texture": "#texture" },
        "east":  { "uv": [ 9, 10.5, 11, 16 ], "texture": "#texture" }
    }
},
{
    "__comment": "Top",
    "from": [ 6.5, -0.875, 8.5625 ],
    "to": [ 9.5, 1.875, 9.5625 ],
    "rotation": { "origin": [ 6.5, 1.875, 8.5625 ], "axis": "x", "angle": 22.5 },
    "faces": {
        "down":  { "uv": [ 5, 11, 11, 9 ], "texture": "#texture" },
        "up":    { "uv": [ 5, 9, 11, 11 ], "texture": "#texture" },
        "north": { "uv": [ 5, 10.5, 11, 16 ], "texture": "#texture" },
        "south": { "uv": [ 5, 10.5, 11, 16 ], "texture": "#texture" },
        "west":  { "uv": [ 9, 10.5, 11, 16 ], "texture": "#texture" },
        "east":  { "uv": [ 5, 10.5, 7, 16 ], "texture": "#texture" }
    }
},
{
    "__comment": "Top",
    "from": [ 6.5, -1.0625, 7.5 ],
    "to": [ 9.5, -0.5625, 8.5 ],
    "faces": {
        "down":  { "uv": [ 5, 9, 11, 7 ], "texture": "#texture" },
        "up":    { "uv": [ 5, 7, 11, 9 ], "texture": "#texture" },
        "south": { "uv": [ 5, 15, 11, 16 ], "texture": "#texture" },
        "west":  { "uv": [ 7, 15, 9, 16 ], "texture": "#texture" },
        "east":  { "uv": [ 7, 15, 9, 16 ], "texture": "#texture" }
    }
},
{
    "__comment": "Mid",
    "from": [ 6.5, 1.5, 6.5 ],
    "to": [ 9.5, 6.5, 9.5 ],
    "faces": {
        "down":  { "uv": [ 5, 11, 11, 5 ], "texture": "#texture" },
        "up":    { "uv": [ 5, 5, 11, 11 ], "texture": "#texture" },
        "north": { "uv": [ 5, 3, 11, 13 ], "texture": "#texture" },
        "south": { "uv": [ 5, 3, 11, 13 ], "texture": "#texture" },
        "west":  { "uv": [ 5, 3, 11, 13 ], "texture": "#texture" },
        "east":  { "uv": [ 5, 3, 11, 13 ], "texture": "#texture" }
    }
},
{
    "__comment": "Sides",
    "from": [ 4, 1.5, 7.5625 ],
    "to": [ 6.75, 6.5, 8.5625 ],
    "rotation": { "origin": [ 4, 1.5, 7.5625 ], "axis": "y", "angle": 22.5 },
    "faces": {
        "down":  { "uv": [ 0, 9.125, 5.5, 7.125 ], "texture": "#texture" },
        "up":    { "uv": [ 0, 7.125, 5.5, 9.125 ], "texture": "#texture" },
        "north": { "uv": [ 10.5, 3, 16, 13 ], "texture": "#texture" },
        "south": { "uv": [ 0, 3, 5.5, 13 ], "texture": "#texture" },
        "west":  { "uv": [ 7.125, 3, 9.125, 13 ], "texture": "#texture" },
        "east":  { "uv": [ 6.875, 3, 8.875, 13 ], "texture": "#texture" }
    }
},
{
    "__comment": "Sides",
    "from": [ 4.34375, 1.5, 7.5 ],
    "to": [ 7.09375, 6.5, 8.5 ],
    "rotation": { "origin": [ 4.34375, 1.5, 7.5 ], "axis": "y", "angle": -22.5 },
    "faces": {
        "down":  { "uv": [ 0.6875, 9, 6.1875, 7 ], "texture": "#texture" },
        "up":    { "uv": [ 0.6875, 7, 6.1875, 9 ], "texture": "#texture" },
        "north": { "uv": [ 9.8125, 3, 15.3125, 13 ], "texture": "#texture" },
        "south": { "uv": [ 0.6875, 3, 6.1875, 13 ], "texture": "#texture" },
        "west":  { "uv": [ 7, 3, 9, 13 ], "texture": "#texture" },
        "east":  { "uv": [ 7, 3, 9, 13 ], "texture": "#texture" }
    }
},
{
    "__comment": "Sides",
    "from": [ 3.9375, 1.5, 7.5 ],
    "to": [ 4.4375, 6.5, 8.5 ],
    "faces": {
        "down":  { "uv": [ 0, 9, 0.875, 7 ], "texture": "#texture" },
        "up":    { "uv": [ 0, 7, 0.875, 9 ], "texture": "#texture" },
        "north": { "uv": [ 15.125, 3, 16, 13 ], "texture": "#texture" },
        "south": { "uv": [ 0, 3, 0.875, 13 ], "texture": "#texture" },
        "west":  { "uv": [ 7, 3, 9, 13 ], "texture": "#texture" },
        "east":  { "uv": [ 7, 3, 9, 13 ], "texture": "#texture" }
    }
},
{
    "__comment": "Sides",
    "from": [ 9.5, 1.5, 6.53125 ],
    "to": [ 12.25, 6.5, 7.53125 ],
    "rotation": { "origin": [ 9.5, 1.5, 6.53125 ], "axis": "y", "angle": -22.5 },
    "faces": {
        "down":  { "uv": [ 11, 7.0625, 16, 5.0625 ], "texture": "#texture" },
        "up":    { "uv": [ 11, 5.0625, 16, 7.0625 ], "texture": "#texture" },
        "north": { "uv": [ 0, 3, 5, 13 ], "texture": "#texture" },
        "south": { "uv": [ 11, 3, 16, 13 ], "texture": "#texture" },
        "east":  { "uv": [ 8.9375, 3, 10.9375, 13 ], "texture": "#texture" }
    }
},
{
    "__comment": "Sides",
    "from": [ 9.125, 1.5, 8.5625 ],
    "to": [ 11.875, 6.5, 9.5625 ],
    "rotation": { "origin": [ 9.125, 1.5, 8.5625 ], "axis": "y", "angle": 22.5 },
    "faces": {
        "down":  { "uv": [ 10.25, 11.125, 15.75, 9.125 ], "texture": "#texture" },
        "up":    { "uv": [ 10.25, 9.125, 15.75, 11.125 ], "texture": "#texture" },
        "north": { "uv": [ 0.25, 3, 5.75, 13 ], "texture": "#texture" },
        "south": { "uv": [ 10.25, 3, 15.75, 13 ], "texture": "#texture" },
        "west":  { "uv": [ 9.125, 3, 11.125, 13 ], "texture": "#texture" },
        "east":  { "uv": [ 4.875, 3, 6.875, 13 ], "texture": "#texture" }
    }
},
{
    "__comment": "Sides",
    "from": [ 11.5625, 1.5, 7.5 ],
    "to": [ 12.0625, 6.5, 8.5 ],
    "faces": {
        "down":  { "uv": [ 15.125, 9, 16, 7 ], "texture": "#texture" },
        "up":    { "uv": [ 15.125, 7, 16, 9 ], "texture": "#texture" },
        "north": { "uv": [ 0, 3, 0.875, 13 ], "texture": "#texture" },
        "south": { "uv": [ 15.125, 3, 16, 13 ], "texture": "#texture" },
        "west":  { "uv": [ 7, 3, 9, 13 ], "texture": "#texture" },
        "east":  { "uv": [ 7, 3, 9, 13 ], "texture": "#texture" }
    }
},
{
    "__comment": "Top",
    "from": [ 6.5, 6.28125, 7.5625 ],
    "to": [ 9.5, 9.03125, 8.5625 ],
    "rotation": { "origin": [ 6.5, 9.03125, 7.5625 ], "axis": "x", "angle": 22.5 },
    "faces": {
        "down":  { "uv": [ 5, 8.125, 11, 7.125 ], "texture": "#texture" },
        "up":    { "uv": [ 5, 7.125, 11, 8.125 ], "texture": "#texture" },
        "north": { "uv": [ 5, 0, 11, 4.4375 ], "texture": "#texture" },
        "south": { "uv": [ 5, 0, 11, 4.4375 ], "texture": "#texture" },
        "west":  { "uv": [ 7.125, 0, 8.125, 4.4375 ], "texture": "#texture" },
        "east":  { "uv": [ 7.875, 0, 8.875, 4.4375 ], "texture": "#texture" }
    }
},
{
    "__comment": "Top",
    "from": [ 6.5, 5.90625, 7.5 ],
    "to": [ 9.5, 8.65625, 8.5 ],
    "rotation": { "origin": [ 6.5, 8.65625, 7.5 ], "axis": "x", "angle": -22.5 },
    "faces": {
        "down":  { "uv": [ 5, 8.125, 11, 7.125 ], "texture": "#texture" },
        "up":    { "uv": [ 5, 7.125, 11, 8.125 ], "texture": "#texture" },
        "north": { "uv": [ 5, 0, 11, 4.4375 ], "texture": "#texture" },
        "south": { "uv": [ 5, 0, 11, 4.4375 ], "texture": "#texture" },
        "west":  { "uv": [ 7.125, 0, 8.125, 4.4375 ], "texture": "#texture" },
        "east":  { "uv": [ 7.875, 0, 8.875, 4.4375 ], "texture": "#texture" }
    }
},
{
    "__comment": "Top",
    "from": [ 6.5, 8.625, 7.5 ],
    "to": [ 9.5, 9.125, 8.5 ],
    "faces": {
        "down":  { "uv": [ 5, 9, 11, 7 ], "texture": "#texture" },
        "up":    { "uv": [ 5, 7, 11, 9 ], "texture": "#texture" },
        "north": { "uv": [ 5, 0, 11, 0 ], "texture": "#texture" },
        "south": { "uv": [ 5, 0, 11, 0 ], "texture": "#texture" },
        "west":  { "uv": [ 7, 0, 9, 0 ], "texture": "#texture" },
        "east":  { "uv": [ 7, 0, 9, 0 ], "texture": "#texture" }
    }
},
{
    "__comment": "Corners",
    "from": [ 9.46875, 6.03125, 7.5 ],
    "to": [ 13.125, 9.03125, 8.5 ],
    "rotation": { "origin": [ 9.46875, 9.03125, 7.5 ], "axis": "z", "angle": -45 },
    "faces": {
        "down":  { "uv": [ 11, 9, 16, 7 ], "texture": "#texture" },
        "up":    { "uv": [ 11, 7, 16, 9 ], "texture": "#texture" },
        "north": { "uv": [ 0, 0, 5, 0 ], "texture": "#texture" },
        "south": { "uv": [ 11, 0, 16, 0 ], "texture": "#texture" },
        "west":  { "uv": [ 7, 0, 9, 0 ], "texture": "#texture" },
        "east":  { "uv": [ 7, 0, 9, 0 ], "texture": "#texture" }
    }
},
{
    "__comment": "Corners",
    "from": [ 3.9375, 3.46875, 7.5 ],
    "to": [ 7.59375, 6.46875, 8.5 ],
    "rotation": { "origin": [ 3.9375, 6.46875, 7.5 ], "axis": "z", "angle": 45 },
    "faces": {
        "down":  { "uv": [ 11, 9, 16, 7 ], "texture": "#texture" },
        "up":    { "uv": [ 11, 7, 16, 9 ], "texture": "#texture" },
        "north": { "uv": [ 0, 0, 5, 0 ], "texture": "#texture" },
        "south": { "uv": [ 11, 0, 16, 0 ], "texture": "#texture" },
        "west":  { "uv": [ 7, 0, 9, 0 ], "texture": "#texture" },
        "east":  { "uv": [ 7, 0, 9, 0 ], "texture": "#texture" }
    }
}
],
"display": {
    "thirdperson": {
        "rotation": [ -180, 100, 25 ],
        "translation": [ 0, 1, -1.5 ],
        "scale": [ 0.5, 0.5, 0.5 ]
    },
    "head": {
        "rotation": [ 0, 0, 0 ],
        "translation": [ -1.5, 2, -4 ],
        "scale": [ 0.5, 0.5, 0.5 ]
    },
    "ground": {
        "rotation": [ 0, 0, 0 ],
        "translation": [ 0, 0, 0 ],
        "scale": [ 1.5, 1.5, 1.5 ]
    },
    "fixed": {
        "rotation": [ 0, 0, 0 ],
        "translation": [ 0, 0, 0 ],
        "scale": [ 1.5, 1.5, 1.5 ]
    },
    "firstperson": {
        "rotation": [ 0, -135, 25 ],
        "translation": [ 0, 4, 2 ],
        "scale": [ 1.5, 1.5, 1.5 ]
    },
    "gui": {
        "rotation": [ 0, 0, 0 ],
        "translation": [ 0, 2.5, 0 ],
        "scale": [ 1.5, 1.5, 1.5 ]
    }
}
}