{
"__comment": "Designed by Sibsib92 with BDcraft Cubik PRO 0.90 Beta - http://bdcraft.net",
"ambientocclusion": false,
"textures": {
    "particle": "items/book_enchanted",
    "texture": "blocks/hardened_clay_stained_brown",
    "material": "blocks/quartz_block_top",
    "red": "blocks/redstone_block",
    "gold": "blocks/gold_block"
},
"elements": [ 
{
    "__comment": "Gold",
    "from": [ 1, 6.75, 5.5 ],
    "to": [ 2.5, 9.25, 6 ],
    "rotation": { "origin": [ 1, 6.75, 5.5 ], "axis": "y", "angle": 22.5 },
    "faces": {
        "down":  { "uv": [ 14, 5, 15.5, 4 ], "texture": "#gold" },
        "up":    { "uv": [ 14, 4, 15.5, 5 ], "texture": "#gold" },
        "north": { "uv": [ 0.5, 6.5, 2, 9 ], "texture": "#gold" },
        "south": { "uv": [ 14, 6.5, 15.5, 9 ], "texture": "#gold" },
        "west":  { "uv": [ 4, 6.5, 5, 9 ], "texture": "#gold" },
        "east":  { "uv": [ 11, 6.5, 12, 9 ], "texture": "#gold" }
    }
},
{
    "__comment": "Sign",
    "from": [ 1.5, 7, 6 ],
    "to": [ 2, 9, 10 ],
    "faces": {
        "down":  { "uv": [ 1.5, 10, 2, 6 ], "texture": "#red" },
        "up":    { "uv": [ 1.5, 6, 2, 10 ], "texture": "#red" },
        "west":  { "uv": [ 6, 7, 10, 9 ], "texture": "#red" },
        "east":  { "uv": [ 6, 7, 10, 9 ], "texture": "#red" }
    }
},
{
    "__comment": "Sign",
    "from": [ 14, 7, 6 ],
    "to": [ 14.5, 9, 10 ],
    "faces": {
        "down":  { "uv": [ 14, 10, 14.5, 6 ], "texture": "#red" },
        "up":    { "uv": [ 14, 6, 14.5, 10 ], "texture": "#red" },
        "west":  { "uv": [ 6, 7, 10, 9 ], "texture": "#red" },
        "east":  { "uv": [ 6, 7, 10, 9 ], "texture": "#red" }
    }
},
{
    "__comment": "Sign",
    "from": [ 1.5, 7, 5.5 ],
    "to": [ 14.5, 9, 6 ],
    "faces": {
        "down":  { "uv": [ 1.5, 6, 14.5, 5.5 ], "texture": "#red" },
        "up":    { "uv": [ 1.5, 5.5, 14.5, 6 ], "texture": "#red" },
        "north": { "uv": [ 1.5, 7, 14.5, 9 ], "texture": "#red" },
        "south": { "uv": [ 1.5, 7, 14.5, 9 ], "texture": "#red" },
        "west":  { "uv": [ 5.5, 7, 6, 9 ], "texture": "#red" },
        "east":  { "uv": [ 10, 7, 10.5, 9 ], "texture": "#red" }
    }
},
{
    "__comment": "Sign",
    "from": [ 1.5, 7, 10 ],
    "to": [ 14.5, 9, 10.5 ],
    "faces": {
        "down":  { "uv": [ 1.5, 6, 14.5, 5.5 ], "texture": "#red" },
        "up":    { "uv": [ 1.5, 5.5, 14.5, 6 ], "texture": "#red" },
        "north": { "uv": [ 1.5, 7, 14.5, 9 ], "texture": "#red" },
        "south": { "uv": [ 1.5, 7, 14.5, 9 ], "texture": "#red" },
        "west":  { "uv": [ 5.5, 7, 6, 9 ], "texture": "#red" },
        "east":  { "uv": [ 10, 7, 10.5, 9 ], "texture": "#red" }
    }
},
{
    "__comment": "Paper",
    "from": [ 2.5, 0.5, 6.5 ],
    "to": [ 13.5, 15.5, 9.5 ],
    "faces": {
        "down":  { "uv": [ 2.5, 9.5, 13.5, 6.5 ], "rotation": 180, "texture": "#material" },
        "up":    { "uv": [ 2.5, 6.5, 13.5, 9.5 ], "rotation": 180, "texture": "#material" },
        "west":  { "uv": [ 6.5, 0.5, 9.5, 15.5 ], "texture": "#material" }
    }
},
{
    "__comment": "Outside",
    "from": [ 13.5, 0, 6.5 ],
    "to": [ 14, 16, 9.5 ],
    "faces": {
        "down":  { "uv": [ 2, 9.5, 2.5, 6.5 ], "rotation": 180, "texture": "#texture" },
        "up":    { "uv": [ 2, 6.5, 2.5, 9.5 ], "rotation": 180, "texture": "#texture" },
        "west":  { "uv": [ 6.5, 0, 9.5, 16 ], "texture": "#texture" },
        "east":  { "uv": [ 6.5, 0, 9.5, 16 ], "texture": "#texture" }
    }
},
{
    "__comment": "Outside",
    "from": [ 2, 0, 6 ],
    "to": [ 14, 16, 6.5 ],
    "faces": {
        "down":  { "uv": [ 2, 10, 14, 9.5 ], "rotation": 180, "texture": "#texture" },
        "up":    { "uv": [ 2, 9.5, 14, 10 ], "rotation": 180, "texture": "#texture" },
        "north": { "uv": [ 2, 0, 14, 16 ], "texture": "#texture" },
        "south": { "uv": [ 2, 0, 14, 16 ], "texture": "#texture" },
        "west":  { "uv": [ 6, 0, 6.5, 16 ], "texture": "#texture" },
        "east":  { "uv": [ 9.5, 0, 10, 16 ], "texture": "#texture" }
    }
},
{
    "__comment": "Outside",
    "from": [ 2, 0, 9.5 ],
    "to": [ 14, 16, 10 ],
    "faces": {
        "down":  { "uv": [ 2, 6.5, 14, 6 ], "rotation": 180, "texture": "#texture" },
        "up":    { "uv": [ 2, 6, 14, 6.5 ], "rotation": 180, "texture": "#texture" },
        "north": { "uv": [ 2, 0, 14, 16 ], "texture": "#texture" },
        "south": { "uv": [ 2, 0, 14, 16 ], "texture": "#texture" },
        "west":  { "uv": [ 9.5, 0, 10, 16 ], "texture": "#texture" },
        "east":  { "uv": [ 6, 0, 6.5, 16 ], "texture": "#texture" }
    }
}
],
"display": {
    "thirdperson": {
        "rotation": [ 0, -90, -45 ],
        "translation": [ 0, 0, -3 ],
        "scale": [ 0.5, 0.5, 0.5 ]
    },
    "head": {
        "rotation": [ 90, 0, 20 ],
        "translation": [ 0, 4.5, 0 ],
        "scale": [ 1, 1, 1 ]
    },
    "ground": {
        "rotation": [ 90, 0, 0 ],
        "translation": [ 0, -5, 0 ],
        "scale": [ 1.5, 1.5, 1.5 ]
    },
    "fixed": {
        "rotation": [ 0, 0, 0 ],
        "translation": [ 0, 0, 0 ],
        "scale": [ 1.5, 1.5, 1.5 ]
    },
    "firstperson": {
        "rotation": [ 0, -135, 0 ],
        "translation": [ 0, 0, 0 ],
        "scale": [ 1, 1, 1 ]
    },
    "gui": {
        "rotation": [ 90, -90, 0 ],
        "translation": [ 0, 0, 0 ],
        "scale": [ 1, 1, 1 ]
    }
}
}