{
"__comment": "Designed by Sibsib92 with BDcraft Cubik PRO 0.91 Beta - http://bdcraft.net",
"ambientocclusion": false,
"textures": {
    "particle": "items/fireball",
    "texture": "blocks/coal_block",
    "lava": "blocks/lava_still"
},
"elements": [ 
{
    "__comment": "Coal",
    "from": [ 6, 7, 2 ],
    "to": [ 10, 9, 14 ],
    "faces": {
        "down":  { "uv": [ 10, 14, 6, 2 ], "texture": "#texture" },
        "up":    { "uv": [ 6, 2, 10, 14 ], "texture": "#texture" },
        "north": { "uv": [ 6, 7, 10, 9 ], "texture": "#texture" },
        "south": { "uv": [ 6, 7, 10, 9 ], "texture": "#texture" },
        "west":  { "uv": [ 2, 7, 14, 9 ], "texture": "#texture" },
        "east":  { "uv": [ 2, 7, 14, 9 ], "texture": "#texture" }
    }
},
{
    "__comment": "Coal",
    "from": [ 2, 7, 6 ],
    "to": [ 14, 9, 10 ],
    "faces": {
        "down":  { "uv": [ 14, 10, 2, 6 ], "texture": "#texture" },
        "up":    { "uv": [ 2, 6, 14, 10 ], "texture": "#texture" },
        "north": { "uv": [ 2, 7, 14, 9 ], "texture": "#texture" },
        "south": { "uv": [ 2, 7, 14, 9 ], "texture": "#texture" },
        "west":  { "uv": [ 6, 7, 10, 9 ], "texture": "#texture" },
        "east":  { "uv": [ 6, 7, 10, 9 ], "texture": "#texture" }
    }
},
{
    "__comment": "Coal",
    "from": [ 6, 2, 7 ],
    "to": [ 10, 14, 9 ],
    "faces": {
        "down":  { "uv": [ 10, 9, 6, 7 ], "texture": "#texture" },
        "up":    { "uv": [ 6, 7, 10, 9 ], "texture": "#texture" },
        "north": { "uv": [ 6, 2, 10, 14 ], "texture": "#texture" },
        "south": { "uv": [ 6, 2, 10, 14 ], "texture": "#texture" },
        "west":  { "uv": [ 7, 2, 9, 14 ], "texture": "#texture" },
        "east":  { "uv": [ 7, 2, 9, 14 ], "texture": "#texture" }
    }
},
{
    "__comment": "Coal",
    "from": [ 2, 6, 7 ],
    "to": [ 14, 10, 9 ],
    "faces": {
        "down":  { "uv": [ 14, 9, 2, 7 ], "texture": "#texture" },
        "up":    { "uv": [ 2, 7, 14, 9 ], "texture": "#texture" },
        "north": { "uv": [ 2, 6, 14, 10 ], "texture": "#texture" },
        "south": { "uv": [ 2, 6, 14, 10 ], "texture": "#texture" },
        "west":  { "uv": [ 7, 6, 9, 10 ], "texture": "#texture" },
        "east":  { "uv": [ 7, 6, 9, 10 ], "texture": "#texture" }
    }
},
{
    "__comment": "Coal",
    "from": [ 7, 2, 6 ],
    "to": [ 9, 14, 10 ],
    "faces": {
        "down":  { "uv": [ 9, 10, 7, 6 ], "texture": "#texture" },
        "up":    { "uv": [ 7, 6, 9, 10 ], "texture": "#texture" },
        "north": { "uv": [ 7, 2, 9, 14 ], "texture": "#texture" },
        "south": { "uv": [ 7, 2, 9, 14 ], "texture": "#texture" },
        "west":  { "uv": [ 6, 2, 10, 14 ], "texture": "#texture" },
        "east":  { "uv": [ 6, 2, 10, 14 ], "texture": "#texture" }
    }
},
{
    "__comment": "Coal",
    "from": [ 7, 6, 2 ],
    "to": [ 9, 10, 14 ],
    "faces": {
        "down":  { "uv": [ 9, 14, 7, 2 ], "texture": "#texture" },
        "up":    { "uv": [ 7, 2, 9, 14 ], "texture": "#texture" },
        "north": { "uv": [ 7, 6, 9, 10 ], "texture": "#texture" },
        "south": { "uv": [ 7, 6, 9, 10 ], "texture": "#texture" },
        "west":  { "uv": [ 2, 6, 14, 10 ], "texture": "#texture" },
        "east":  { "uv": [ 2, 6, 14, 10 ], "texture": "#texture" }
    }
},
{
    "__comment": "Coal",
    "from": [ 4, 5, 3 ],
    "to": [ 12, 11, 13 ],
    "faces": {
        "down":  { "uv": [ 12, 13, 4, 3 ], "texture": "#texture" },
        "up":    { "uv": [ 4, 3, 12, 13 ], "texture": "#texture" },
        "north": { "uv": [ 4, 5, 12, 11 ], "texture": "#texture" },
        "south": { "uv": [ 4, 5, 12, 11 ], "texture": "#texture" },
        "west":  { "uv": [ 3, 5, 13, 11 ], "texture": "#texture" },
        "east":  { "uv": [ 3, 5, 13, 11 ], "texture": "#texture" }
    }
},
{
    "__comment": "Coal",
    "from": [ 3, 5, 4 ],
    "to": [ 13, 11, 12 ],
    "faces": {
        "down":  { "uv": [ 13, 12, 3, 4 ], "texture": "#texture" },
        "up":    { "uv": [ 3, 4, 13, 12 ], "texture": "#texture" },
        "north": { "uv": [ 3, 5, 13, 11 ], "texture": "#texture" },
        "south": { "uv": [ 3, 5, 13, 11 ], "texture": "#texture" },
        "west":  { "uv": [ 4, 5, 12, 11 ], "texture": "#texture" },
        "east":  { "uv": [ 4, 5, 12, 11 ], "texture": "#texture" }
    }
},
{
    "__comment": "Coal",
    "from": [ 4, 3, 5 ],
    "to": [ 12, 13, 11 ],
    "faces": {
        "down":  { "uv": [ 12, 11, 4, 5 ], "texture": "#texture" },
        "up":    { "uv": [ 4, 5, 12, 11 ], "texture": "#texture" },
        "north": { "uv": [ 4, 3, 12, 13 ], "texture": "#texture" },
        "south": { "uv": [ 4, 3, 12, 13 ], "texture": "#texture" },
        "west":  { "uv": [ 5, 3, 11, 13 ], "texture": "#texture" },
        "east":  { "uv": [ 5, 3, 11, 13 ], "texture": "#texture" }
    }
},
{
    "__comment": "Coal",
    "from": [ 3, 4, 5 ],
    "to": [ 13, 12, 11 ],
    "faces": {
        "down":  { "uv": [ 13, 11, 3, 5 ], "texture": "#texture" },
        "up":    { "uv": [ 3, 5, 13, 11 ], "texture": "#texture" },
        "north": { "uv": [ 3, 4, 13, 12 ], "texture": "#texture" },
        "south": { "uv": [ 3, 4, 13, 12 ], "texture": "#texture" },
        "west":  { "uv": [ 5, 4, 11, 12 ], "texture": "#texture" },
        "east":  { "uv": [ 5, 4, 11, 12 ], "texture": "#texture" }
    }
},
{
    "__comment": "Coal",
    "from": [ 5, 3, 4 ],
    "to": [ 11, 13, 12 ],
    "faces": {
        "down":  { "uv": [ 11, 12, 5, 4 ], "texture": "#texture" },
        "up":    { "uv": [ 5, 4, 11, 12 ], "texture": "#texture" },
        "north": { "uv": [ 5, 3, 11, 13 ], "texture": "#texture" },
        "south": { "uv": [ 5, 3, 11, 13 ], "texture": "#texture" },
        "west":  { "uv": [ 4, 3, 12, 13 ], "texture": "#texture" },
        "east":  { "uv": [ 4, 3, 12, 13 ], "texture": "#texture" }
    }
},
{
    "__comment": "Coal",
    "from": [ 5, 4, 3 ],
    "to": [ 11, 12, 13 ],
    "faces": {
        "down":  { "uv": [ 11, 13, 5, 3 ], "texture": "#texture" },
        "up":    { "uv": [ 5, 3, 11, 13 ], "texture": "#texture" },
        "north": { "uv": [ 5, 4, 11, 12 ], "texture": "#texture" },
        "south": { "uv": [ 5, 4, 11, 12 ], "texture": "#texture" },
        "west":  { "uv": [ 3, 4, 13, 12 ], "texture": "#texture" },
        "east":  { "uv": [ 3, 4, 13, 12 ], "texture": "#texture" }
    }
},
{
    "__comment": "Coal",
    "from": [ 4, 4, 4 ],
    "to": [ 12, 12, 12 ],
    "faces": {
        "down":  { "uv": [ 12, 12, 4, 4 ], "texture": "#texture" },
        "up":    { "uv": [ 4, 4, 12, 12 ], "texture": "#texture" },
        "north": { "uv": [ 4, 4, 12, 12 ], "texture": "#texture" },
        "south": { "uv": [ 4, 4, 12, 12 ], "texture": "#texture" },
        "west":  { "uv": [ 4, 4, 12, 12 ], "texture": "#texture" },
        "east":  { "uv": [ 4, 4, 12, 12 ], "texture": "#texture" }
    }
},
{
    "__comment": "Lava",
    "from": [ 7, 10.875, 2.875 ],
    "to": [ 8, 11.875, 13.125 ],
    "faces": {
        "down":  { "uv": [ 9, 13.125, 8, 2.875 ], "texture": "#lava" },
        "up":    { "uv": [ 7, 2.875, 8, 13.125 ], "texture": "#lava" },
        "north": { "uv": [ 8, 4.125, 9, 5.125 ], "texture": "#lava" },
        "south": { "uv": [ 7, 4.125, 8, 5.125 ], "texture": "#lava" },
        "west":  { "uv": [ 2.875, 4.125, 13.125, 5.125 ], "texture": "#lava" },
        "east":  { "uv": [ 2.875, 4.125, 13.125, 5.125 ], "texture": "#lava" }
    }
},
{
    "__comment": "Lava",
    "from": [ 7.25, 7.25, 1.875 ],
    "to": [ 8.75, 8.75, 14.125 ],
    "faces": {
        "down":  { "uv": [ 8.75, 14.125, 7.25, 1.875 ], "texture": "#lava" },
        "up":    { "uv": [ 7.25, 1.875, 8.75, 14.125 ], "texture": "#lava" },
        "north": { "uv": [ 7.25, 7.25, 8.75, 8.75 ], "texture": "#lava" },
        "south": { "uv": [ 7.25, 7.25, 8.75, 8.75 ], "texture": "#lava" },
        "west":  { "uv": [ 1.875, 7.25, 14.125, 8.75 ], "texture": "#lava" },
        "east":  { "uv": [ 1.875, 7.25, 14.125, 8.75 ], "texture": "#lava" }
    }
},
{
    "__comment": "Lava",
    "from": [ 1.875, 7.5, 8.5 ],
    "to": [ 14.125, 8.5, 9.5 ],
    "faces": {
        "down":  { "uv": [ 14.125, 9.5, 1.875, 8.5 ], "texture": "#lava" },
        "up":    { "uv": [ 1.875, 8.5, 14.125, 9.5 ], "texture": "#lava" },
        "north": { "uv": [ 1.875, 7.5, 14.125, 8.5 ], "texture": "#lava" },
        "south": { "uv": [ 1.875, 7.5, 14.125, 8.5 ], "texture": "#lava" },
        "west":  { "uv": [ 8.5, 7.5, 9.5, 8.5 ], "texture": "#lava" },
        "east":  { "uv": [ 6.5, 7.5, 7.5, 8.5 ], "texture": "#lava" }
    }
},
{
    "__comment": "Lava",
    "from": [ 2.875, 9.25, 4.75 ],
    "to": [ 13.125, 10.25, 5.75 ],
    "faces": {
        "down":  { "uv": [ 13.125, 5.75, 2.875, 4.75 ], "texture": "#lava" },
        "up":    { "uv": [ 2.875, 4.75, 13.125, 5.75 ], "texture": "#lava" },
        "north": { "uv": [ 2.875, 5.75, 13.125, 6.75 ], "texture": "#lava" },
        "south": { "uv": [ 2.875, 5.75, 13.125, 6.75 ], "texture": "#lava" },
        "west":  { "uv": [ 4.75, 5.75, 5.75, 6.75 ], "texture": "#lava" },
        "east":  { "uv": [ 10.25, 5.75, 11.25, 6.75 ], "texture": "#lava" }
    }
},
{
    "__comment": "Lava",
    "from": [ 2.875, 5.25, 5.5 ],
    "to": [ 13.125, 6.5, 6.75 ],
    "faces": {
        "down":  { "uv": [ 13.125, 6.75, 2.875, 5.5 ], "texture": "#lava" },
        "up":    { "uv": [ 2.875, 5.5, 13.125, 6.75 ], "texture": "#lava" },
        "north": { "uv": [ 2.875, 9.5, 13.125, 10.75 ], "texture": "#lava" },
        "south": { "uv": [ 2.875, 9.5, 13.125, 10.75 ], "texture": "#lava" },
        "west":  { "uv": [ 5.5, 9.5, 6.75, 10.75 ], "texture": "#lava" },
        "east":  { "uv": [ 9.25, 9.5, 10.5, 10.75 ], "texture": "#lava" }
    }
},
{
    "__comment": "Lava",
    "from": [ 2.875, 10.25, 9.75 ],
    "to": [ 13.125, 11.5, 10.75 ],
    "faces": {
        "down":  { "uv": [ 13.125, 10.75, 2.875, 9.75 ], "texture": "#lava" },
        "up":    { "uv": [ 2.875, 9.75, 13.125, 10.75 ], "texture": "#lava" },
        "north": { "uv": [ 2.875, 4.5, 13.125, 5.75 ], "texture": "#lava" },
        "south": { "uv": [ 2.875, 4.5, 13.125, 5.75 ], "texture": "#lava" },
        "west":  { "uv": [ 9.75, 4.5, 10.75, 5.75 ], "texture": "#lava" },
        "east":  { "uv": [ 5.25, 4.5, 6.25, 5.75 ], "texture": "#lava" }
    }
},
{
    "__comment": "Lava",
    "from": [ 10.25, 6.375, 2.875 ],
    "to": [ 11.25, 7.375, 13.125 ],
    "faces": {
        "down":  { "uv": [ 5.75, 13.125, 4.75, 2.875 ], "texture": "#lava" },
        "up":    { "uv": [ 10.25, 2.875, 11.25, 13.125 ], "texture": "#lava" },
        "north": { "uv": [ 4.75, 8.625, 5.75, 9.625 ], "texture": "#lava" },
        "south": { "uv": [ 10.25, 8.625, 11.25, 9.625 ], "texture": "#lava" },
        "west":  { "uv": [ 2.875, 8.625, 13.125, 9.625 ], "texture": "#lava" },
        "east":  { "uv": [ 2.875, 8.625, 13.125, 9.625 ], "texture": "#lava" }
    }
},
{
    "__comment": "Lava",
    "from": [ 4.75, 5.125, 2.875 ],
    "to": [ 6, 6.375, 13.125 ],
    "faces": {
        "down":  { "uv": [ 11.25, 13.125, 10, 2.875 ], "texture": "#lava" },
        "up":    { "uv": [ 4.75, 2.875, 6, 13.125 ], "texture": "#lava" },
        "north": { "uv": [ 10, 9.625, 11.25, 10.875 ], "texture": "#lava" },
        "south": { "uv": [ 4.75, 9.625, 6, 10.875 ], "texture": "#lava" },
        "west":  { "uv": [ 2.875, 9.625, 13.125, 10.875 ], "texture": "#lava" },
        "east":  { "uv": [ 2.875, 9.625, 13.125, 10.875 ], "texture": "#lava" }
    }
},
{
    "__comment": "Lava",
    "from": [ 7.75, 1.875, 7.25 ],
    "to": [ 9.25, 14.125, 8.75 ],
    "faces": {
        "down":  { "uv": [ 8.25, 8.75, 6.75, 7.25 ], "texture": "#lava" },
        "up":    { "uv": [ 7.75, 7.25, 9.25, 8.75 ], "texture": "#lava" },
        "north": { "uv": [ 6.75, 1.875, 8.25, 14.125 ], "texture": "#lava" },
        "south": { "uv": [ 7.75, 1.875, 9.25, 14.125 ], "texture": "#lava" },
        "west":  { "uv": [ 7.25, 1.875, 8.75, 14.125 ], "texture": "#lava" },
        "east":  { "uv": [ 7.25, 1.875, 8.75, 14.125 ], "texture": "#lava" }
    }
},
{
    "__comment": "Lava",
    "from": [ 10.5, 2.875, 9.25 ],
    "to": [ 11.5, 13.125, 10.25 ],
    "faces": {
        "down":  { "uv": [ 5.5, 10.25, 4.5, 9.25 ], "texture": "#lava" },
        "up":    { "uv": [ 10.5, 9.25, 11.5, 10.25 ], "texture": "#lava" },
        "north": { "uv": [ 4.5, 2.875, 5.5, 13.125 ], "texture": "#lava" },
        "south": { "uv": [ 10.5, 2.875, 11.5, 13.125 ], "texture": "#lava" },
        "west":  { "uv": [ 9.25, 2.875, 10.25, 13.125 ], "texture": "#lava" },
        "east":  { "uv": [ 5.75, 2.875, 6.75, 13.125 ], "texture": "#lava" }
    }
},
{
    "__comment": "Lava",
    "from": [ 5.25, 2.875, 7.25 ],
    "to": [ 6.25, 13.125, 8.25 ],
    "faces": {
        "down":  { "uv": [ 10.75, 8.25, 9.75, 7.25 ], "texture": "#lava" },
        "up":    { "uv": [ 5.25, 7.25, 6.25, 8.25 ], "texture": "#lava" },
        "north": { "uv": [ 9.75, 2.875, 10.75, 13.125 ], "texture": "#lava" },
        "south": { "uv": [ 5.25, 2.875, 6.25, 13.125 ], "texture": "#lava" },
        "west":  { "uv": [ 7.25, 2.875, 8.25, 13.125 ], "texture": "#lava" },
        "east":  { "uv": [ 7.75, 2.875, 8.75, 13.125 ], "texture": "#lava" }
    }
},
{
    "__comment": "Lava",
    "from": [ 9, 2.875, 4.5 ],
    "to": [ 10.5, 13.125, 6 ],
    "faces": {
        "down":  { "uv": [ 7, 6, 5.5, 4.5 ], "texture": "#lava" },
        "up":    { "uv": [ 9, 4.5, 10.5, 6 ], "texture": "#lava" },
        "north": { "uv": [ 5.5, 2.875, 7, 13.125 ], "texture": "#lava" },
        "south": { "uv": [ 9, 2.875, 10.5, 13.125 ], "texture": "#lava" },
        "west":  { "uv": [ 4.5, 2.875, 6, 13.125 ], "texture": "#lava" },
        "east":  { "uv": [ 10, 2.875, 11.5, 13.125 ], "texture": "#lava" }
    }
}
],
"display": {
    "thirdperson": {
        "rotation": [ 0, 0, 0 ],
        "translation": [ 0, 1, -2 ],
        "scale": [ 0.25, 0.25, 0.25 ]
    },
    "head": {
        "rotation": [ 69, 33, 72 ],
        "translation": [ -2, 2, -4 ],
        "scale": [ 0.5, 0.5, 0.5 ]
    },
    "ground": {
        "rotation": [ 0, 0, 0 ],
        "translation": [ 0, 0, 0 ],
        "scale": [ 1.5, 1.5, 1.5 ]
    },
    "fixed": {
        "rotation": [ 0, 0, 0 ],
        "translation": [ 0, 0, 0 ],
        "scale": [ 1.5, 1.5, 1.5 ]
    },
    "firstperson": {
        "rotation": [ 0, 0, 0 ],
        "translation": [ 2, 1, 2 ],
        "scale": [ 0.5, 0.5, 0.5 ]
    },
    "gui": {
        "rotation": [ 0, 0, 0 ],
        "translation": [ 0, 0, 0 ],
        "scale": [ 1.1, 1.1, 1.1 ]
    }
}
}