{
"__comment": "Designed by Sibsib92 with BDcraft Cubik PRO 0.91 Beta - http://bdcraft.net",
"ambientocclusion": false,
"textures": {
    "particle": "blocks/quartz_block_top"
},
"elements": [ 
{
    "__comment": "tear",
    "from": [ 4, 3, 6 ],
    "to": [ 12, 7, 10 ],
    "faces": {
        "down":  { "uv": [ 12, 10, 4, 6 ], "texture": "#particle" },
        "up":    { "uv": [ 4, 6, 12, 10 ], "texture": "#particle" },
        "north": { "uv": [ 4, 9, 12, 13 ], "texture": "#particle" },
        "south": { "uv": [ 4, 9, 12, 13 ], "texture": "#particle" },
        "west":  { "uv": [ 6, 9, 10, 13 ], "texture": "#particle" },
        "east":  { "uv": [ 6, 9, 10, 13 ], "texture": "#particle" }
    }
},
{
    "__comment": "tear",
    "from": [ 6, 3, 4 ],
    "to": [ 10, 7, 12 ],
    "faces": {
        "down":  { "uv": [ 12, 10, 4, 6 ], "rotation": 270, "texture": "#particle" },
        "up":    { "uv": [ 4, 6, 12, 10 ], "rotation": 90, "texture": "#particle" },
        "north": { "uv": [ 6, 3, 10, 7 ], "texture": "#particle" },
        "south": { "uv": [ 6, 3, 10, 7 ], "texture": "#particle" },
        "west":  { "uv": [ 4, 3, 12, 7 ], "texture": "#particle" },
        "east":  { "uv": [ 4, 3, 12, 7 ], "texture": "#particle" }
    }
},
{
    "__comment": "tear",
    "from": [ 6, 1, 6 ],
    "to": [ 10, 13, 10 ],
    "faces": {
        "down":  { "uv": [ 10, 10, 6, 6 ], "texture": "#particle" },
        "up":    { "uv": [ 6, 6, 10, 10 ], "texture": "#particle" },
        "north": { "uv": [ 6, 3, 10, 15 ], "texture": "#particle" },
        "south": { "uv": [ 6, 3, 10, 15 ], "texture": "#particle" },
        "west":  { "uv": [ 6, 3, 10, 15 ], "texture": "#particle" },
        "east":  { "uv": [ 6, 3, 10, 15 ], "texture": "#particle" }
    }
},
{
    "__comment": "tear",
    "from": [ 5, 7, 6 ],
    "to": [ 11, 11, 10 ],
    "faces": {
        "up":    { "uv": [ 5, 6, 11, 10 ], "texture": "#particle" },
        "north": { "uv": [ 5, 5, 11, 9 ], "texture": "#particle" },
        "south": { "uv": [ 5, 5, 11, 9 ], "texture": "#particle" },
        "west":  { "uv": [ 6, 5, 10, 9 ], "texture": "#particle" },
        "east":  { "uv": [ 6, 5, 10, 9 ], "texture": "#particle" }
    }
},
{
    "__comment": "tear",
    "from": [ 6, 7, 5 ],
    "to": [ 10, 11, 11 ],
    "faces": {
        "up":    { "uv": [ 4, 6, 12, 10 ], "rotation": 90, "texture": "#particle" },
        "north": { "uv": [ 6, 3, 10, 7 ], "texture": "#particle" },
        "south": { "uv": [ 6, 3, 10, 7 ], "texture": "#particle" },
        "west":  { "uv": [ 4, 3, 12, 7 ], "texture": "#particle" },
        "east":  { "uv": [ 4, 3, 12, 7 ], "texture": "#particle" }
    }
},
{
    "__comment": "tear",
    "from": [ 7, 13, 7 ],
    "to": [ 9, 14, 9 ],
    "faces": {
        "up":    { "uv": [ 7, 7, 9, 9 ], "texture": "#particle" },
        "north": { "uv": [ 7, 2, 9, 3 ], "texture": "#particle" },
        "south": { "uv": [ 7, 2, 9, 3 ], "texture": "#particle" },
        "west":  { "uv": [ 7, 2, 9, 3 ], "texture": "#particle" },
        "east":  { "uv": [ 7, 2, 9, 3 ], "texture": "#particle" }
    }
},
{
    "__comment": "tear",
    "from": [ 5, 2, 5 ],
    "to": [ 11, 7, 11 ],
    "faces": {
        "down":  { "uv": [ 11, 11, 5, 5 ], "texture": "#particle" },
        "up":    { "uv": [ 5, 5, 11, 11 ], "texture": "#particle" },
        "north": { "uv": [ 5, 9, 11, 14 ], "texture": "#particle" },
        "south": { "uv": [ 5, 9, 11, 14 ], "texture": "#particle" },
        "west":  { "uv": [ 5, 9, 11, 14 ], "texture": "#particle" },
        "east":  { "uv": [ 5, 9, 11, 14 ], "texture": "#particle" }
    }
}
],
"display": {
    "thirdperson": {
        "rotation": [ -145, -45, 0 ],
        "translation": [ 0, 0.5, -2 ],
        "scale": [ 0.25, 0.25, 0.25 ]
    },
    "head": {
        "rotation": [ 0, 0, 0 ],
        "translation": [ 0, 4, 0 ],
        "scale": [ 0.25, 0.25, 0.25 ]
    },
    "ground": {
        "rotation": [ 0, 0, 0 ],
        "translation": [ 0, 0, 0 ],
        "scale": [ 1, 1, 1 ]
    },
    "fixed": {
        "rotation": [ 0, 0, 0 ],
        "translation": [ 0, 0, 0 ],
        "scale": [ 1, 1, 1 ]
    },
    "firstperson": {
        "rotation": [ 0, 0, 0 ],
        "translation": [ 0, 1, 2.5 ],
        "scale": [ 0.5, 0.5, 0.5 ]
    },
    "gui": {
        "rotation": [ 0, 0, 0 ],
        "translation": [ 0, 0, 0 ],
        "scale": [ 1, 1, 1 ]
    }
}
}