{
"__comment": "Designed by Sibsib92 with BDcraft Cubik PRO 0.92 Beta - http://bdcraft.net",
"textures": {
    "particle": "blocks/glass",
    "texture": "blocks/planks_oak"
},
"elements": [ 
{
    "__comment": "Wood",
    "from": [ 7, 15.5, 0 ],
    "to": [ 9, 16, 16 ],
    "faces": {
        "down":  { "uv": [ 9, 16, 7, 0 ], "texture": "#texture" },
        "up":    { "uv": [ 7, 0, 9, 16 ], "texture": "#texture" },
        "north": { "uv": [ 7, 0, 9, 0.5 ], "texture": "#texture" },
        "south": { "uv": [ 7, 0, 9, 0.5 ], "texture": "#texture" },
        "west":  { "uv": [ 0, 0, 16, 0.5 ], "texture": "#texture" },
        "east":  { "uv": [ 0, 0, 16, 0.5 ], "texture": "#texture" }
    }
},
{
    "__comment": "Wood",
    "from": [ 7, 0, 0 ],
    "to": [ 9, 0.5, 16 ],
    "faces": {
        "down":  { "uv": [ 9, 16, 7, 0 ], "texture": "#texture" },
        "up":    { "uv": [ 7, 0, 9, 16 ], "texture": "#texture" },
        "north": { "uv": [ 7, 15.5, 9, 16 ], "texture": "#texture" },
        "south": { "uv": [ 7, 15.5, 9, 16 ], "texture": "#texture" },
        "west":  { "uv": [ 0, 15.5, 16, 16 ], "texture": "#texture" },
        "east":  { "uv": [ 0, 15.5, 16, 16 ], "texture": "#texture" }
    }
},
{
    "__comment": "Wood",
    "from": [ 7, 0.5, 0 ],
    "to": [ 9, 15.5, 0.5 ],
    "faces": {
        "north": { "uv": [ 7, 0.5, 9, 15.5 ], "texture": "#texture" },
        "south": { "uv": [ 7, 0.5, 9, 15.5 ], "texture": "#texture" },
        "west":  { "uv": [ 0, 0.5, 0.5, 15.5 ], "texture": "#texture" },
        "east":  { "uv": [ 15.5, 0.5, 16, 15.5 ], "texture": "#texture" }
    }
},
{
    "__comment": "Wood",
    "from": [ 7, 0.5, 15.5 ],
    "to": [ 9, 15.5, 16 ],
    "faces": {
        "north": { "uv": [ 7, 0.5, 9, 15.5 ], "texture": "#texture" },
        "south": { "uv": [ 7, 0.5, 9, 15.5 ], "texture": "#texture" },
        "west":  { "uv": [ 15.5, 0.5, 16, 15.5 ], "texture": "#texture" },
        "east":  { "uv": [ 0, 0.5, 0.5, 15.5 ], "texture": "#texture" }
    }
},
{
    "__comment": "Glass",
    "from": [ 8, 0.5, 0.5 ],
    "to": [ 8.0625, 15.5, 15.5 ],
    "faces": {
        "west":  { "uv": [ 0.5, 0.5, 15.5, 15.5 ], "texture": "#particle" },
        "east":  { "uv": [ 15.5, 0.5, 0.5, 15.5 ], "texture": "#particle" }
    }
}
],
"display": {
    "thirdperson": {
        "rotation": [ 0, 0, 0 ],
        "translation": [ 0, 1.5, -2.7 ],
        "scale": [ 0.5, 0.5, 0.5 ]
    },
    "head": {
        "rotation": [ 0, 90, 0 ],
        "translation": [ 0, 0, -4 ],
        "scale": [ 1, 1, 1 ]
    },
    "ground": {
        "rotation": [ 0, 0, 0 ],
        "translation": [ 0, 0, 0 ],
        "scale": [ 2, 2, 2 ]
    },
    "fixed": {
        "rotation": [ 0, 90, 0 ],
        "translation": [ 0, 0, 0 ],
        "scale": [ 1.5, 1.5, 1.5 ]
    },
    "firstperson": {
        "rotation": [ 0, 135, 0 ],
        "translation": [ 0, 2, -0.5 ],
        "scale": [ 1, 1, 1 ]
    },
    "gui": {
        "rotation": [ 0, 45, 30 ],
        "translation": [ 0, 0, 0 ],
        "scale": [ 1.5, 1.5, 1.5 ]
    }
}
}