{
"__comment": "Designed by Sibsib92 with BDcraft Cubik PRO 0.91 Beta - http://bdcraft.net",
"ambientocclusion": false,
"textures": {
    "particle": "items/carrot_golden",
    "texture": "blocks/gold_block",
    "green": "blocks/log_spruce"
},
"elements": [ 
{
    "__comment": "Carrot",
    "from": [ 6.5, 7, 6.5 ],
    "to": [ 9.5, 12, 9.5 ],
    "faces": {
        "down":  { "uv": [ 12, 11, 9, 8 ], "texture": "#texture" },
        "up":    { "uv": [ 9, 11, 12, 14 ], "texture": "#texture" },
        "north": { "uv": [ 5, 1, 8, 6 ], "texture": "#texture" },
        "south": { "uv": [ 12, 1, 15, 6 ], "texture": "#texture" },
        "west":  { "uv": [ 9, 8, 12, 13 ], "texture": "#texture" },
        "east":  { "uv": [ 5, 5, 8, 10 ], "texture": "#texture" }
    }
},
{
    "__comment": "Carrot",
    "from": [ 6.75, 4, 6.75 ],
    "to": [ 9.25, 12.5, 9.25 ],
    "faces": {
        "down":  { "uv": [ 8, 8, 5, 5 ], "texture": "#texture" },
        "up":    { "uv": [ 5, 7, 8, 10 ], "texture": "#texture" },
        "north": { "uv": [ 5, 1, 8, 10 ], "texture": "#texture" },
        "south": { "uv": [ 5, 1, 8, 10 ], "texture": "#texture" },
        "west":  { "uv": [ 5, 1, 8, 10 ], "texture": "#texture" },
        "east":  { "uv": [ 5, 1, 8, 10 ], "texture": "#texture" }
    }
},
{
    "__comment": "Carrot",
    "from": [ 7, 2, 7 ],
    "to": [ 9, 13, 9 ],
    "faces": {
        "down":  { "uv": [ 7, 15, 5, 13 ], "texture": "#texture" },
        "up":    { "uv": [ 5, 13, 7, 15 ], "texture": "#texture" },
        "north": { "uv": [ 5, 4, 7, 15 ], "texture": "#texture" },
        "south": { "uv": [ 9, 4, 11, 15 ], "texture": "#texture" },
        "west":  { "uv": [ 5, 1, 7, 12 ], "texture": "#texture" },
        "east":  { "uv": [ 9, 1, 11, 12 ], "texture": "#texture" }
    }
},
{
    "__comment": "Carrot",
    "from": [ 7.25, 1, 7.25 ],
    "to": [ 8.75, 2, 8.75 ],
    "faces": {
        "down":  { "uv": [ 7.5, 8, 6, 6.5 ], "texture": "#texture" },
        "north": { "uv": [ 6, 7, 7.5, 8 ], "texture": "#texture" },
        "south": { "uv": [ 6, 7.5, 7.5, 8.5 ], "texture": "#texture" },
        "west":  { "uv": [ 6, 7, 7.5, 8 ], "texture": "#texture" },
        "east":  { "uv": [ 6, 7, 7.5, 8 ], "texture": "#texture" }
    }
},
{
    "__comment": "Carrot",
    "from": [ 7.5, 0.5, 7.5 ],
    "to": [ 8.5, 1, 8.5 ],
    "faces": {
        "down":  { "uv": [ 8.5, 15.5, 7.5, 14.5 ], "texture": "#texture" },
        "north": { "uv": [ 7.5, 15, 8.5, 15.5 ], "texture": "#texture" },
        "south": { "uv": [ 7.5, 15, 8.5, 15.5 ], "texture": "#texture" },
        "west":  { "uv": [ 7.5, 15, 8.5, 15.5 ], "texture": "#texture" },
        "east":  { "uv": [ 7.5, 15, 8.5, 15.5 ], "texture": "#texture" }
    }
},
{
    "__comment": "Carrot",
    "from": [ 6.25, 8, 7 ],
    "to": [ 9.75, 11, 9 ],
    "faces": {
        "down":  { "uv": [ 12, 14, 8.5, 12 ], "texture": "#texture" },
        "up":    { "uv": [ 8.5, 12, 12, 14 ], "texture": "#texture" },
        "north": { "uv": [ 8.5, 11, 12, 14 ], "texture": "#texture" },
        "south": { "uv": [ 8.5, 11, 12, 14 ], "texture": "#texture" },
        "west":  { "uv": [ 9, 11, 11, 14 ], "texture": "#texture" },
        "east":  { "uv": [ 9, 11, 11, 14 ], "texture": "#texture" }
    }
},
{
    "__comment": "Carrot",
    "from": [ 7, 8, 6.25 ],
    "to": [ 9, 11, 9.75 ],
    "faces": {
        "down":  { "uv": [ 11, 14.5, 9, 11 ], "texture": "#texture" },
        "up":    { "uv": [ 9, 10.5, 11, 14 ], "texture": "#texture" },
        "north": { "uv": [ 9, 10.5, 11, 13.5 ], "texture": "#texture" },
        "south": { "uv": [ 9, 11, 11, 14 ], "texture": "#texture" },
        "west":  { "uv": [ 8, 11, 11.5, 14 ], "texture": "#texture" },
        "east":  { "uv": [ 8, 11, 11.5, 14 ], "texture": "#texture" }
    }
},
{
    "__comment": "Green",
    "from": [ 7.75, 13, 7.75 ],
    "to": [ 8.25, 18, 8.25 ],
    "faces": {
        "up":    { "uv": [ 4.5, 0, 5, 1 ], "texture": "#green" },
        "north": { "uv": [ 4.5, 0, 5, 5 ], "texture": "#green" },
        "south": { "uv": [ 4.5, 0, 5, 5 ], "texture": "#green" },
        "west":  { "uv": [ 4, 0, 5, 5 ], "texture": "#green" },
        "east":  { "uv": [ 4, 0, 5, 5 ], "texture": "#green" }
    }
},
{
    "__comment": "Green",
    "from": [ 10.0625, 12.5, 7.75 ],
    "to": [ 10.5625, 17.5, 8.25 ],
    "rotation": { "origin": [ 10.0625, 17.5, 7.75 ], "axis": "z", "angle": -22.5 },
    "faces": {
        "down":  { "uv": [ 8, 5, 7.5, 4 ], "texture": "#green" },
        "up":    { "uv": [ 4.5, 0, 5, 1 ], "texture": "#green" },
        "north": { "uv": [ 4.5, 0, 5, 5 ], "texture": "#green" },
        "south": { "uv": [ 4.5, 0, 5, 5 ], "texture": "#green" },
        "west":  { "uv": [ 4, 0, 5, 5 ], "texture": "#green" },
        "east":  { "uv": [ 4, 0, 5, 5 ], "texture": "#green" }
    }
},
{
    "__comment": "Green",
    "from": [ 5.4375, 12.375, 7.75 ],
    "to": [ 5.9375, 17.375, 8.25 ],
    "rotation": { "origin": [ 5.4375, 17.375, 7.75 ], "axis": "z", "angle": 22.5 },
    "faces": {
        "down":  { "uv": [ 8, 5, 7.5, 4 ], "texture": "#green" },
        "up":    { "uv": [ 4.5, 0, 5, 1 ], "texture": "#green" },
        "north": { "uv": [ 4.5, 0, 5, 5 ], "texture": "#green" },
        "south": { "uv": [ 4.5, 0, 5, 5 ], "texture": "#green" },
        "west":  { "uv": [ 4, 0, 5, 5 ], "texture": "#green" },
        "east":  { "uv": [ 4, 0, 5, 5 ], "texture": "#green" }
    }
},
{
    "__comment": "Green",
    "from": [ 7.75, 12.375, 5.5 ],
    "to": [ 8.25, 17.375, 6 ],
    "rotation": { "origin": [ 7.75, 17.375, 5.5 ], "axis": "x", "angle": -22.5 },
    "faces": {
        "down":  { "uv": [ 8, 5, 7.5, 4 ], "texture": "#green" },
        "up":    { "uv": [ 4.5, 0, 5, 1 ], "texture": "#green" },
        "north": { "uv": [ 4.5, 0, 5, 5 ], "texture": "#green" },
        "south": { "uv": [ 4.5, 0, 5, 5 ], "texture": "#green" },
        "west":  { "uv": [ 4, 0, 5, 5 ], "texture": "#green" },
        "east":  { "uv": [ 4, 0, 5, 5 ], "texture": "#green" }
    }
},
{
    "__comment": "Green",
    "from": [ 7.75, 12.5, 10.0625 ],
    "to": [ 8.25, 17.5, 10.5625 ],
    "rotation": { "origin": [ 7.75, 17.5, 10.0625 ], "axis": "x", "angle": 22.5 },
    "faces": {
        "down":  { "uv": [ 8, 5, 7.5, 4 ], "texture": "#green" },
        "up":    { "uv": [ 4.5, 0, 5, 1 ], "texture": "#green" },
        "north": { "uv": [ 4.5, 0, 5, 5 ], "texture": "#green" },
        "south": { "uv": [ 4.5, 0, 5, 5 ], "texture": "#green" },
        "west":  { "uv": [ 4, 0, 5, 5 ], "texture": "#green" },
        "east":  { "uv": [ 4, 0, 5, 5 ], "texture": "#green" }
    }
}
],
"display": {
    "thirdperson": {
        "rotation": [ -100, 0, 0 ],
        "translation": [ 0, 0.5, -3 ],
        "scale": [ 0.5, 0.5, 0.5 ]
    },
    "head": {
        "rotation": [ 0, 0, 30 ],
        "translation": [ -4, 5, 0 ],
        "scale": [ 1, 1, 1 ]
    },
    "ground": {
        "rotation": [ 0, 0, 90 ],
        "translation": [ 0, -5, 0 ],
        "scale": [ 1.5, 1.5, 1.5 ]
    },
    "fixed": {
        "rotation": [ 0, 0, 0 ],
        "translation": [ 0, 0, 0 ],
        "scale": [ 1.5, 1.5, 1.5 ]
    },
    "firstperson": {
        "rotation": [ 5, 0, 0 ],
        "translation": [ -1, 4, 2 ],
        "scale": [ 1, 1, 1 ]
    },
    "gui": {
        "rotation": [ -65, 45, 0 ],
        "translation": [ 2, 0, 0 ],
        "scale": [ 1.25, 1.25, 1.25 ]
    }
}
}