{
"__comment": "Designed by Sibsib92 with BDcraft Cubik PRO 0.90 Beta - http://bdcraft.net",
"ambientocclusion": false,
"textures": {
    "particle": "items/iron_shovel",
    "texture": "blocks/planks_spruce",
    "material": "blocks/iron_block"
},
"elements": [ 
{
    "__comment": "Material",
    "from": [ 1.3125, 1.4375, 7.5 ],
    "to": [ 18.0625, 2.4375, 8.5 ],
    "rotation": { "origin": [ 1.3125, 2.4375, 7.5 ], "axis": "z", "angle": 45 },
    "faces": {
        "down":  { "uv": [ 13, 8, 3, 7 ], "texture": "#material" },
        "up":    { "uv": [ 3, 7, 13, 8 ], "texture": "#material" },
        "north": { "uv": [ 3, 7, 13, 8.5 ], "texture": "#material" },
        "south": { "uv": [ 3, 7, 13, 8 ], "texture": "#material" },
        "west":  { "uv": [ 12, 7, 13, 8 ], "texture": "#material" },
        "east":  { "uv": [ 3, 7, 4, 8 ], "texture": "#material" }
    }
},
{
    "__comment": "Wood",
    "from": [ 1.5625, 1.6875, 7 ],
    "to": [ 17.5625, 2.6875, 9 ],
    "rotation": { "origin": [ 1.5625, 2.6875, 7 ], "axis": "z", "angle": 45 },
    "faces": {
        "down":  { "uv": [ 0, 1, 16, 0 ], "texture": "#texture" },
        "up":    { "uv": [ 0, 0, 16, 1 ], "texture": "#texture" },
        "north": { "uv": [ 16, 0, 0, 1 ], "texture": "#texture" },
        "south": { "uv": [ 0, 0, 16, 1 ], "texture": "#texture" },
        "west":  { "uv": [ 0, 0, 1, 1 ], "texture": "#texture" },
        "east":  { "uv": [ 15, 0, 16, 1 ], "texture": "#texture" }
    }
},
{
    "__comment": "Wood",
    "from": [ 1.1875, 1.0625, 7.5 ],
    "to": [ 17.1875, 3.0625, 8.5 ],
    "rotation": { "origin": [ 1.1875, 3.0625, 7.5 ], "axis": "z", "angle": 45 },
    "faces": {
        "down":  { "uv": [ 0, 1, 16, 0 ], "texture": "#texture" },
        "up":    { "uv": [ 0, 0, 16, 1 ], "texture": "#texture" },
        "north": { "uv": [ 16, 0, 0, 1 ], "texture": "#texture" },
        "south": { "uv": [ 0, 0, 16, 1 ], "texture": "#texture" },
        "west":  { "uv": [ 0, 0, 1, 1 ], "texture": "#texture" },
        "east":  { "uv": [ 15, 0, 16, 1 ], "texture": "#texture" }
    }
},
{
    "__comment": "Material",
    "from": [ 11.0625, 10.3125, 7.375 ],
    "to": [ 17.0625, 14.3125, 7.875 ],
    "rotation": { "origin": [ 11.0625, 14.3125, 7.375 ], "axis": "z", "angle": 45 },
    "faces": {
        "down":  { "uv": [ 5, 9.5, 9.9375, 9 ], "texture": "#material" },
        "up":    { "uv": [ 5, 6, 9.9375, 6.5 ], "texture": "#material" },
        "north": { "uv": [ 5, 6, 9.9375, 10 ], "texture": "#material" },
        "south": { "uv": [ 5, 6, 9.9375, 10 ], "texture": "#material" },
        "west":  { "uv": [ 5, 6, 5.5, 10 ], "texture": "#material" },
        "east":  { "uv": [ 9.5, 6, 10, 10 ], "texture": "#material" }
    }
}
],
"display": {
    "thirdperson": {
        "rotation": [ 0, 90, -35 ],
        "translation": [ 0, 1.25, -3.5 ],
        "scale": [ 0.85, 0.85, 0.85 ]
    },
    "head": {
        "rotation": [ 0, 0, 180 ],
        "translation": [ 0, 7, 0 ],
        "scale": [ 1, 1, 1 ]
    },
    "ground": {
        "rotation": [ 0, 0, 0 ],
        "translation": [ 0, 0, 0 ],
        "scale": [ 2, 2, 2 ]
    },
    "fixed": {
        "rotation": [ 0, 0, 0 ],
        "translation": [ 0, 0, 0 ],
        "scale": [ 1.5, 1.5, 1.5 ]
    },
    "firstperson": {
        "rotation": [ 0, -135, 25 ],
        "translation": [ 0, 4, 2 ],
        "scale": [ 1.7, 1.7, 1.7 ]
    },
    "gui": {
        "rotation": [ 0, 135, 0 ],
        "translation": [ 0, 0, 0 ],
        "scale": [ 1.25, 1.25, 1.25 ]
    }
}
}