{
"__comment": "Designed by Sibsib92 with BDcraft Cubik PRO 0.90 Beta - http://bdcraft.net",
"ambientocclusion": false,
"textures": {
    "particle": "blocks/iron_trapdoor",
    "texture": "blocks/iron_block",
    "hinge": "blocks/cauldron_inner"
},
"elements": [ 
{
    "__comment": "Frame",
    "from": [ 7, 13, 2 ],
    "to": [ 9, 16, 14 ],
    "faces": {
        "down":  { "uv": [ 9, 14, 7, 2 ], "texture": "#texture" },
        "up":    { "uv": [ 7, 2, 9, 14 ], "texture": "#texture" },
        "west":  { "uv": [ 2, 13, 14, 16 ], "texture": "#texture" },
        "east":  { "uv": [ 2, 13, 14, 16 ], "texture": "#texture" }
    }
},
{
    "__comment": "Frame",
    "from": [ 2, 13, 7 ],
    "to": [ 14, 16, 9 ],
    "faces": {
        "down":  { "uv": [ 14, 9, 2, 7 ], "texture": "#texture" },
        "up":    { "uv": [ 2, 7, 14, 9 ], "texture": "#texture" },
        "north": { "uv": [ 2, 13, 14, 16 ], "texture": "#texture" },
        "south": { "uv": [ 2, 13, 14, 16 ], "texture": "#texture" }
    }
},
{
    "__comment": "Frame",
    "from": [ 0, 13, 0 ],
    "to": [ 2, 16, 16 ],
    "faces": {
        "down":  { "uv": [ 16, 16, 14, 0 ], "texture": "#texture" },
        "up":    { "uv": [ 0, 0, 2, 16 ], "texture": "#texture" },
        "north": { "uv": [ 14, 12, 16, 15 ], "texture": "#texture" },
        "south": { "uv": [ 0, 12, 2, 15 ], "texture": "#texture" },
        "west":  { "uv": [ 0, 12, 16, 15 ], "texture": "#texture" },
        "east":  { "uv": [ 0, 12, 16, 15 ], "texture": "#texture" }
    }
},
{
    "__comment": "Frame",
    "from": [ 2, 13, 14 ],
    "to": [ 14, 16, 16 ],
    "faces": {
        "down":  { "uv": [ 14, 16, 2, 14 ], "texture": "#texture" },
        "up":    { "uv": [ 2, 14, 14, 16 ], "texture": "#texture" },
        "north": { "uv": [ 2, 13, 14, 16 ], "texture": "#texture" },
        "south": { "uv": [ 2, 12, 14, 15 ], "texture": "#texture" }
    }
},
{
    "__comment": "Frame",
    "from": [ 2, 13, 0 ],
    "to": [ 14, 16, 2 ],
    "faces": {
        "down":  { "uv": [ 14, 2, 2, 0 ], "texture": "#texture" },
        "up":    { "uv": [ 2, 0, 14, 2 ], "texture": "#texture" },
        "north": { "uv": [ 2, 12, 14, 15 ], "texture": "#texture" },
        "south": { "uv": [ 2, 13, 14, 16 ], "texture": "#texture" }
    }
},
{
    "__comment": "Frame",
    "from": [ 14, 13, 0 ],
    "to": [ 16, 16, 16 ],
    "faces": {
        "down":  { "uv": [ 2, 16, 0, 0 ], "texture": "#texture" },
        "up":    { "uv": [ 14, 0, 16, 16 ], "texture": "#texture" },
        "north": { "uv": [ 0, 12, 2, 15 ], "texture": "#texture" },
        "south": { "uv": [ 14, 12, 16, 15 ], "texture": "#texture" },
        "west":  { "uv": [ 0, 12, 16, 15 ], "texture": "#texture" },
        "east":  { "uv": [ 0, 12, 16, 15 ], "texture": "#texture" }
    }
},
{
    "__comment": "Inner Frame",
    "from": [ 2, 14, 2 ],
    "to": [ 3, 15, 14 ],
    "faces": {
        "down":  { "uv": [ 14, 14, 13, 2 ], "texture": "#texture" },
        "up":    { "uv": [ 2, 2, 3, 14 ], "texture": "#texture" },
        "east":  { "uv": [ 2, 2, 3, 14 ], "rotation": 90, "texture": "#texture" }
    }
},
{
    "__comment": "Inner Frame",
    "from": [ 13, 14, 2 ],
    "to": [ 14, 15, 14 ],
    "faces": {
        "down":  { "uv": [ 3, 14, 2, 2 ], "texture": "#texture" },
        "up":    { "uv": [ 13, 2, 14, 14 ], "texture": "#texture" },
        "west":  { "uv": [ 2, 14, 3, 2 ], "rotation": 90, "texture": "#texture" }
    }
},
{
    "__comment": "Inner Frame",
    "from": [ 3, 14, 2 ],
    "to": [ 13, 15, 3 ],
    "faces": {
        "down":  { "uv": [ 13, 3, 3, 2 ], "texture": "#texture" },
        "up":    { "uv": [ 3, 2, 13, 3 ], "texture": "#texture" },
        "south": { "uv": [ 3, 13, 13, 14 ], "texture": "#texture" }
    }
},
{
    "__comment": "Inner Frame",
    "from": [ 3, 14, 13 ],
    "to": [ 13, 15, 14 ],
    "faces": {
        "down":  { "uv": [ 13, 14, 3, 13 ], "texture": "#texture" },
        "up":    { "uv": [ 3, 13, 13, 14 ], "texture": "#texture" },
        "north": { "uv": [ 3, 13, 13, 14 ], "texture": "#texture" }
    }
},
{
    "__comment": "Inner Frame",
    "from": [ 3, 14, 6 ],
    "to": [ 13, 15, 10 ],
    "faces": {
        "down":  { "uv": [ 13, 10, 3, 6 ], "texture": "#texture" },
        "up":    { "uv": [ 3, 6, 13, 10 ], "texture": "#texture" },
        "north": { "uv": [ 3, 13, 13, 14 ], "texture": "#texture" },
        "south": { "uv": [ 3, 13, 13, 14 ], "texture": "#texture" }
    }
},
{
    "__comment": "Inner Frame",
    "from": [ 6, 14, 3 ],
    "to": [ 10, 15, 13 ],
    "faces": {
        "down":  { "uv": [ 10, 13, 6, 3 ], "texture": "#texture" },
        "up":    { "uv": [ 6, 3, 10, 13 ], "texture": "#texture" },
        "west":  { "uv": [ 2, 13, 3, 3 ], "rotation": 90, "texture": "#texture" },
        "east":  { "uv": [ 13, 3, 14, 13 ], "rotation": 90, "texture": "#texture" }
    }
},
{
    "__comment": "Diag Top",
    "from": [ 2, 14.5, 2 ],
    "to": [ 14, 16, 3.5 ],
    "rotation": { "origin": [ 2, 16, 2 ], "axis": "x", "angle": 45 },
    "faces": {
        "up":    { "uv": [ 2, 2, 14, 3 ], "texture": "#texture" }
    }
},
{
    "__comment": "Diag Top",
    "from": [ 2, 13.4375, 12.9375 ],
    "to": [ 14, 14.9375, 14.4375 ],
    "rotation": { "origin": [ 2, 14.9375, 12.9375 ], "axis": "x", "angle": -45 },
    "faces": {
        "up":    { "uv": [ 2, 13, 14, 14 ], "texture": "#texture" }
    }
},
{
    "__comment": "Diag Top",
    "from": [ 2, 14.5, 9 ],
    "to": [ 14, 16, 10.5 ],
    "rotation": { "origin": [ 2, 16, 9 ], "axis": "x", "angle": 45 },
    "faces": {
        "up":    { "uv": [ 2, 9, 14, 10 ], "texture": "#texture" }
    }
},
{
    "__comment": "Diag Top",
    "from": [ 2, 13.4375, 5.9375 ],
    "to": [ 14, 14.9375, 7.4375 ],
    "rotation": { "origin": [ 2, 14.9375, 5.9375 ], "axis": "x", "angle": -45 },
    "faces": {
        "up":    { "uv": [ 2, 6, 14, 7 ], "texture": "#texture" }
    }
},
{
    "__comment": "Diag Top",
    "from": [ 2, 14.5, 2 ],
    "to": [ 3.5, 16, 14 ],
    "rotation": { "origin": [ 2, 16, 2 ], "axis": "z", "angle": -45 },
    "faces": {
        "up":    { "uv": [ 2, 2, 3, 14 ], "texture": "#texture" }
    }
},
{
    "__comment": "Diag Top",
    "from": [ 9, 14.5, 2 ],
    "to": [ 10.5, 16, 14 ],
    "rotation": { "origin": [ 9, 16, 2 ], "axis": "z", "angle": -45 },
    "faces": {
        "up":    { "uv": [ 9, 2, 10, 14 ], "texture": "#texture" }
    }
},
{
    "__comment": "Diag Top",
    "from": [ 12.9375, 13.4375, 2 ],
    "to": [ 14.4375, 14.9375, 14 ],
    "rotation": { "origin": [ 12.9375, 14.9375, 2 ], "axis": "z", "angle": 45 },
    "faces": {
        "up":    { "uv": [ 13, 2, 14, 14 ], "texture": "#texture" }
    }
},
{
    "__comment": "Diag Top",
    "from": [ 5.9375, 13.4375, 2 ],
    "to": [ 7.4375, 14.9375, 14 ],
    "rotation": { "origin": [ 5.9375, 14.9375, 2 ], "axis": "z", "angle": 45 },
    "faces": {
        "up":    { "uv": [ 6, 2, 7, 14 ], "texture": "#texture" }
    }
},
{
    "__comment": "Diag Bot",
    "from": [ 0.9375, 12.5625, 2 ],
    "to": [ 2.4375, 14.0625, 14 ],
    "rotation": { "origin": [ 0.9375, 14.0625, 2 ], "axis": "z", "angle": 45 },
    "faces": {
        "down":  { "uv": [ 14, 14, 13, 2 ], "texture": "#texture" }
    }
},
{
    "__comment": "Diag Bot",
    "from": [ 7.9375, 12.5625, 2 ],
    "to": [ 9.4375, 14.0625, 14 ],
    "rotation": { "origin": [ 7.9375, 14.0625, 2 ], "axis": "z", "angle": 45 },
    "faces": {
        "down":  { "uv": [ 7, 14, 6, 2 ], "texture": "#texture" }
    }
},
{
    "__comment": "Diag Bot",
    "from": [ 14, 13.625, 2 ],
    "to": [ 15.5, 15.125, 14 ],
    "rotation": { "origin": [ 14, 15.125, 2 ], "axis": "z", "angle": -45 },
    "faces": {
        "down":  { "uv": [ 3, 14, 2, 2 ], "texture": "#texture" }
    }
},
{
    "__comment": "Diag Bot",
    "from": [ 7, 13.625, 2 ],
    "to": [ 8.5, 15.125, 14 ],
    "rotation": { "origin": [ 7, 15.125, 2 ], "axis": "z", "angle": -45 },
    "faces": {
        "down":  { "uv": [ 10, 14, 9, 2 ], "texture": "#texture" }
    }
},
{
    "__comment": "Diag Bot",
    "from": [ 2, 12.5625, 0.9375 ],
    "to": [ 14, 14.0625, 2.4375 ],
    "rotation": { "origin": [ 2, 14.0625, 0.9375 ], "axis": "x", "angle": -45 },
    "faces": {
        "down":  { "uv": [ 14, 3, 2, 2 ], "texture": "#texture" }
    }
},
{
    "__comment": "Diag Bot",
    "from": [ 2, 13.625, 7 ],
    "to": [ 14, 15.125, 8.5 ],
    "rotation": { "origin": [ 2, 15.125, 7 ], "axis": "x", "angle": 45 },
    "faces": {
        "down":  { "uv": [ 14, 7, 2, 6 ], "texture": "#texture" }
    }
},
{
    "__comment": "Diag Bot",
    "from": [ 2, 12.5625, 7.9375 ],
    "to": [ 14, 14.0625, 9.4375 ],
    "rotation": { "origin": [ 2, 14.0625, 7.9375 ], "axis": "x", "angle": -45 },
    "faces": {
        "down":  { "uv": [ 14, 10, 2, 9 ], "texture": "#texture" }
    }
},
{
    "__comment": "Diag Bot",
    "from": [ 2, 13.625, 14 ],
    "to": [ 14, 15.125, 15.5 ],
    "rotation": { "origin": [ 2, 15.125, 14 ], "axis": "x", "angle": 45 },
    "faces": {
        "down":  { "uv": [ 14, 14, 2, 13 ], "texture": "#texture" }
    }
},
{
    "__comment": "Hinge",
    "from": [ 2, 12.75, 15.25 ],
    "to": [ 4, 16.25, 16.25 ],
    "faces": {
        "down":  { "uv": [ 9, 9, 7, 8 ], "texture": "#hinge" },
        "up":    { "uv": [ 7, 8, 9, 9 ], "texture": "#hinge" },
        "north": { "uv": [ 7, 5.5, 9, 9 ], "texture": "#hinge" },
        "south": { "uv": [ 7, 5.5, 9, 9 ], "texture": "#hinge" },
        "west":  { "uv": [ 8, 5.5, 9, 9 ], "texture": "#hinge" },
        "east":  { "uv": [ 7, 5.5, 8, 9 ], "texture": "#hinge" }
    }
},
{
    "__comment": "Hinge",
    "from": [ 12, 12.75, 15.25 ],
    "to": [ 14, 16.25, 16.25 ],
    "faces": {
        "down":  { "uv": [ 9, 9, 7, 8 ], "texture": "#hinge" },
        "up":    { "uv": [ 7, 8, 9, 9 ], "texture": "#hinge" },
        "north": { "uv": [ 7, 5.5, 9, 9 ], "texture": "#hinge" },
        "south": { "uv": [ 7, 5.5, 9, 9 ], "texture": "#hinge" },
        "west":  { "uv": [ 8, 5.5, 9, 9 ], "texture": "#hinge" },
        "east":  { "uv": [ 7, 5.5, 8, 9 ], "texture": "#hinge" }
    }
}
],
"display": {
    "thirdperson": {
        "rotation": [ 90, 90, 0 ],
        "translation": [ -1.5, 3, -0.5 ],
        "scale": [ 0.5, 0.5, 0.5 ]
    },
    "head": {
        "rotation": [ 0, 0, 0 ],
        "translation": [ 0, 0, 0 ],
        "scale": [ 1, 1, 1 ]
    },
    "ground": {
        "rotation": [ 0, 0, 0 ],
        "translation": [ 0, 0, 0 ],
        "scale": [ 2, 2, 2 ]
    },
    "fixed": {
        "rotation": [ -90, 0, 0 ],
        "translation": [ 0, 0, 3 ],
        "scale": [ 1.5, 1.5, 1.5 ]
    },
    "firstperson": {
        "rotation": [ 0, -45, -90 ],
        "translation": [ 0, -2, -3 ],
        "scale": [ 1, 1, 1 ]
    },
    "gui": {
        "rotation": [ 0, 0, 0 ],
        "translation": [ 0, -3.5, 0 ],
        "scale": [ 1, 1, 1 ]
    }
}
}