{
"__comment": "Designed by Sibsib92 with BDcraft Cubik PRO 0.91 Beta - http://bdcraft.net",
"ambientocclusion": false,
"textures": {
    "particle": "blocks/itemframe_background",
    "texture": "blocks/planks_birch"
},
"elements": [ 
{
    "__comment": "MID",
    "from": [ 2, 6, 15.25 ],
    "to": [ 3, 10, 15.75 ],
    "faces": {
        "north": { "uv": [ 3, 6, 2, 10 ], "texture": "#particle" },
        "south": { "uv": [ 2, 6, 3, 10 ], "texture": "#particle" }
    }
},
{
    "__comment": "MID",
    "from": [ 13, 6, 15.25 ],
    "to": [ 14, 10, 15.75 ],
    "faces": {
        "north": { "uv": [ 14, 6, 13, 10 ], "texture": "#particle" },
        "south": { "uv": [ 13, 6, 14, 10 ], "texture": "#particle" }
    }
},
{
    "__comment": "MID",
    "from": [ 6, 13, 15.25 ],
    "to": [ 10, 14, 15.75 ],
    "faces": {
        "north": { "uv": [ 10, 2, 6, 3 ], "texture": "#particle" },
        "south": { "uv": [ 6, 2, 10, 3 ], "texture": "#particle" }
    }
},
{
    "__comment": "MID",
    "from": [ 6, 2, 15.25 ],
    "to": [ 10, 3, 15.75 ],
    "faces": {
        "north": { "uv": [ 10, 13, 6, 14 ], "texture": "#particle" },
        "south": { "uv": [ 6, 13, 10, 14 ], "texture": "#particle" }
    }
},
{
    "__comment": "MID",
    "from": [ 3, 3, 15.25 ],
    "to": [ 13, 13, 15.75 ],
    "faces": {
        "north": { "uv": [ 13, 3, 3, 13 ], "texture": "#particle" },
        "south": { "uv": [ 3, 3, 13, 13 ], "texture": "#particle" }
    }
},
{
    "__comment": "Wood",
    "from": [ 12, 12, 15 ],
    "to": [ 13, 13, 16 ],
    "faces": {
        "down":  { "uv": [ 12, 16, 13, 15 ], "texture": "#texture" },
        "up":    { "uv": [ 12, 15, 13, 16 ], "texture": "#texture" },
        "north": { "uv": [ 3, 3, 4, 4 ], "texture": "#texture" },
        "south": { "uv": [ 12, 3, 13, 4 ], "texture": "#texture" },
        "west":  { "uv": [ 15, 3, 16, 4 ], "texture": "#texture" },
        "east":  { "uv": [ 0, 3, 1, 4 ], "texture": "#texture" }
    }
},
{
    "__comment": "Wood",
    "from": [ 12, 3, 15 ],
    "to": [ 13, 4, 16 ],
    "faces": {
        "down":  { "uv": [ 12, 16, 13, 15 ], "texture": "#texture" },
        "up":    { "uv": [ 12, 15, 13, 16 ], "texture": "#texture" },
        "north": { "uv": [ 3, 12, 4, 13 ], "texture": "#texture" },
        "south": { "uv": [ 12, 12, 13, 13 ], "texture": "#texture" },
        "west":  { "uv": [ 15, 12, 16, 13 ], "texture": "#texture" },
        "east":  { "uv": [ 0, 12, 1, 13 ], "texture": "#texture" }
    }
},
{
    "__comment": "Wood",
    "from": [ 3, 12, 15 ],
    "to": [ 4, 13, 16 ],
    "faces": {
        "down":  { "uv": [ 3, 16, 4, 15 ], "texture": "#texture" },
        "up":    { "uv": [ 3, 15, 4, 16 ], "texture": "#texture" },
        "north": { "uv": [ 12, 3, 13, 4 ], "texture": "#texture" },
        "south": { "uv": [ 3, 3, 4, 4 ], "texture": "#texture" },
        "west":  { "uv": [ 15, 3, 16, 4 ], "texture": "#texture" },
        "east":  { "uv": [ 0, 3, 1, 4 ], "texture": "#texture" }
    }
},
{
    "__comment": "Wood",
    "from": [ 3, 3, 15 ],
    "to": [ 4, 4, 16 ],
    "faces": {
        "down":  { "uv": [ 3, 16, 4, 15 ], "texture": "#texture" },
        "up":    { "uv": [ 3, 15, 4, 16 ], "texture": "#texture" },
        "north": { "uv": [ 12, 12, 13, 13 ], "texture": "#texture" },
        "south": { "uv": [ 3, 12, 4, 13 ], "texture": "#texture" },
        "west":  { "uv": [ 15, 12, 16, 13 ], "texture": "#texture" },
        "east":  { "uv": [ 0, 12, 1, 13 ], "texture": "#texture" }
    }
},
{
    "__comment": "Wood",
    "from": [ 10, 13, 15 ],
    "to": [ 12, 14, 16 ],
    "faces": {
        "down":  { "uv": [ 10, 16, 12, 15 ], "texture": "#texture" },
        "up":    { "uv": [ 10, 15, 12, 16 ], "texture": "#texture" },
        "north": { "uv": [ 4, 2, 6, 3 ], "texture": "#texture" },
        "south": { "uv": [ 10, 2, 12, 3 ], "texture": "#texture" },
        "west":  { "uv": [ 15, 2, 16, 3 ], "texture": "#texture" },
        "east":  { "uv": [ 0, 2, 1, 3 ], "texture": "#texture" }
    }
},
{
    "__comment": "Wood",
    "from": [ 13, 4, 15 ],
    "to": [ 14, 6, 16 ],
    "faces": {
        "down":  { "uv": [ 13, 16, 14, 15 ], "texture": "#texture" },
        "up":    { "uv": [ 13, 15, 14, 16 ], "texture": "#texture" },
        "north": { "uv": [ 2, 10, 3, 12 ], "texture": "#texture" },
        "south": { "uv": [ 13, 10, 14, 12 ], "texture": "#texture" },
        "west":  { "uv": [ 15, 10, 16, 12 ], "texture": "#texture" },
        "east":  { "uv": [ 0, 10, 1, 12 ], "texture": "#texture" }
    }
},
{
    "__comment": "Wood",
    "from": [ 2, 10, 15 ],
    "to": [ 3, 12, 16 ],
    "faces": {
        "down":  { "uv": [ 2, 16, 3, 15 ], "texture": "#texture" },
        "up":    { "uv": [ 2, 15, 3, 16 ], "texture": "#texture" },
        "north": { "uv": [ 13, 4, 14, 6 ], "texture": "#texture" },
        "south": { "uv": [ 2, 4, 3, 6 ], "texture": "#texture" },
        "west":  { "uv": [ 15, 4, 16, 6 ], "texture": "#texture" },
        "east":  { "uv": [ 0, 4, 1, 6 ], "texture": "#texture" }
    }
},
{
    "__comment": "Wood",
    "from": [ 4, 2, 15 ],
    "to": [ 6, 3, 16 ],
    "faces": {
        "down":  { "uv": [ 4, 16, 6, 15 ], "texture": "#texture" },
        "up":    { "uv": [ 4, 15, 6, 16 ], "texture": "#texture" },
        "north": { "uv": [ 10, 13, 12, 14 ], "texture": "#texture" },
        "south": { "uv": [ 4, 13, 6, 14 ], "texture": "#texture" },
        "west":  { "uv": [ 15, 13, 16, 14 ], "texture": "#texture" },
        "east":  { "uv": [ 0, 13, 1, 14 ], "texture": "#texture" }
    }
},
{
    "__comment": "Wood",
    "from": [ 4, 13, 15 ],
    "to": [ 6, 14, 16 ],
    "faces": {
        "down":  { "uv": [ 4, 16, 6, 15 ], "texture": "#texture" },
        "up":    { "uv": [ 4, 15, 6, 16 ], "texture": "#texture" },
        "north": { "uv": [ 10, 2, 12, 3 ], "texture": "#texture" },
        "south": { "uv": [ 4, 2, 6, 3 ], "texture": "#texture" },
        "west":  { "uv": [ 15, 2, 16, 3 ], "texture": "#texture" },
        "east":  { "uv": [ 0, 2, 1, 3 ], "texture": "#texture" }
    }
},
{
    "__comment": "Wood",
    "from": [ 13, 10, 15 ],
    "to": [ 14, 12, 16 ],
    "faces": {
        "down":  { "uv": [ 13, 16, 14, 15 ], "texture": "#texture" },
        "up":    { "uv": [ 13, 15, 14, 16 ], "texture": "#texture" },
        "north": { "uv": [ 2, 4, 3, 6 ], "texture": "#texture" },
        "south": { "uv": [ 13, 4, 14, 6 ], "texture": "#texture" },
        "west":  { "uv": [ 15, 4, 16, 6 ], "texture": "#texture" },
        "east":  { "uv": [ 0, 4, 1, 6 ], "texture": "#texture" }
    }
},
{
    "__comment": "Wood",
    "from": [ 2, 4, 15 ],
    "to": [ 3, 6, 16 ],
    "faces": {
        "down":  { "uv": [ 2, 16, 3, 15 ], "texture": "#texture" },
        "up":    { "uv": [ 2, 15, 3, 16 ], "texture": "#texture" },
        "north": { "uv": [ 13, 10, 14, 12 ], "texture": "#texture" },
        "south": { "uv": [ 2, 10, 3, 12 ], "texture": "#texture" },
        "west":  { "uv": [ 15, 10, 16, 12 ], "texture": "#texture" },
        "east":  { "uv": [ 0, 10, 1, 12 ], "texture": "#texture" }
    }
},
{
    "__comment": "Wood",
    "from": [ 10, 2, 15 ],
    "to": [ 12, 3, 16 ],
    "faces": {
        "down":  { "uv": [ 10, 16, 12, 15 ], "texture": "#texture" },
        "up":    { "uv": [ 10, 15, 12, 16 ], "texture": "#texture" },
        "north": { "uv": [ 4, 13, 6, 14 ], "texture": "#texture" },
        "south": { "uv": [ 10, 13, 12, 14 ], "texture": "#texture" },
        "west":  { "uv": [ 15, 13, 16, 14 ], "texture": "#texture" },
        "east":  { "uv": [ 0, 13, 1, 14 ], "texture": "#texture" }
    }
},
{
    "__comment": "Wood",
    "from": [ 6, 14, 15 ],
    "to": [ 10, 15, 16 ],
    "faces": {
        "down":  { "uv": [ 6, 16, 10, 15 ], "texture": "#texture" },
        "up":    { "uv": [ 6, 15, 10, 16 ], "texture": "#texture" },
        "north": { "uv": [ 6, 1, 10, 2 ], "texture": "#texture" },
        "south": { "uv": [ 6, 1, 10, 2 ], "texture": "#texture" },
        "west":  { "uv": [ 15, 1, 16, 2 ], "texture": "#texture" },
        "east":  { "uv": [ 0, 1, 1, 2 ], "texture": "#texture" }
    }
},
{
    "__comment": "Wood",
    "from": [ 14, 6, 15 ],
    "to": [ 15, 10, 16 ],
    "faces": {
        "down":  { "uv": [ 14, 16, 15, 15 ], "texture": "#texture" },
        "up":    { "uv": [ 14, 15, 15, 16 ], "texture": "#texture" },
        "north": { "uv": [ 1, 6, 2, 10 ], "texture": "#texture" },
        "south": { "uv": [ 14, 6, 15, 10 ], "texture": "#texture" },
        "west":  { "uv": [ 15, 6, 16, 10 ], "texture": "#texture" },
        "east":  { "uv": [ 0, 6, 1, 10 ], "texture": "#texture" }
    }
},
{
    "__comment": "Wood",
    "from": [ 1, 6, 15 ],
    "to": [ 2, 10, 16 ],
    "faces": {
        "down":  { "uv": [ 1, 16, 2, 15 ], "texture": "#texture" },
        "up":    { "uv": [ 1, 15, 2, 16 ], "texture": "#texture" },
        "north": { "uv": [ 14, 6, 15, 10 ], "texture": "#texture" },
        "south": { "uv": [ 1, 6, 2, 10 ], "texture": "#texture" },
        "west":  { "uv": [ 15, 6, 16, 10 ], "texture": "#texture" },
        "east":  { "uv": [ 0, 6, 1, 10 ], "texture": "#texture" }
    }
},
{
    "__comment": "Wood",
    "from": [ 6, 1, 15 ],
    "to": [ 10, 2, 16 ],
    "faces": {
        "down":  { "uv": [ 6, 16, 10, 15 ], "texture": "#texture" },
        "up":    { "uv": [ 6, 15, 10, 16 ], "texture": "#texture" },
        "north": { "uv": [ 6, 14, 10, 15 ], "texture": "#texture" },
        "south": { "uv": [ 6, 14, 10, 15 ], "texture": "#texture" },
        "west":  { "uv": [ 15, 14, 16, 15 ], "texture": "#texture" },
        "east":  { "uv": [ 0, 14, 1, 15 ], "texture": "#texture" }
    }
}
],
"display": {
    "thirdperson": {
        "rotation": [ -45, 0, 0 ],
        "translation": [ 0, 1, -4.5 ],
        "scale": [ 0.75, 0.75, 0.7 ]
    },
    "head": {
        "rotation": [ 0, 0, 0 ],
        "translation": [ 0, 0, -8 ],
        "scale": [ 1, 1, 1 ]
    },
    "ground": {
        "rotation": [ 0, 0, 0 ],
        "translation": [ 0, 0, -8 ],
        "scale": [ 2, 2, 2 ]
    },
    "fixed": {
        "rotation": [ 0, 180, 0 ],
        "translation": [ 0, 0, 7 ],
        "scale": [ 2, 2, 2 ]
    },
    "firstperson": {
        "rotation": [ 45, 135, 0 ],
        "translation": [ 0, 4, 6 ],
        "scale": [ 1.7, 1.7, 1.7 ]
    },
    "gui": {
        "rotation": [ 30, -45, 0 ],
        "translation": [ 0, 0, 0 ],
        "scale": [ 1.5, 1.5, 1.5 ]
    }
}
}