{
"__comment": "3D Models by Sibsib92 with BDcraft Cubik PRO 0.87 Beta - http://bdcraft.net",
"ambientocclusion": false,
"textures": {
    "particle": "items/magma_cream"
},
"elements": [ 
{
    "__comment": "Ball",
    "from": [ 6, 7, 2 ],
    "to": [ 10, 9, 14 ],
    "faces": {
        "down":  { "uv": [ 10, 14, 6, 2 ], "texture": "#particle" },
        "up":    { "uv": [ 6, 2, 10, 14 ], "texture": "#particle" },
        "north": { "uv": [ 6, 7, 10, 9 ], "texture": "#particle" },
        "south": { "uv": [ 6, 7, 10, 9 ], "texture": "#particle" },
        "west":  { "uv": [ 2, 7, 14, 9 ], "texture": "#particle" },
        "east":  { "uv": [ 2, 7, 14, 9 ], "texture": "#particle" }
    }
},
{
    "__comment": "Ball",
    "from": [ 2, 7, 6 ],
    "to": [ 14, 9, 10 ],
    "faces": {
        "down":  { "uv": [ 14, 10, 2, 6 ], "texture": "#particle" },
        "up":    { "uv": [ 2, 6, 14, 10 ], "texture": "#particle" },
        "north": { "uv": [ 2, 7, 14, 9 ], "texture": "#particle" },
        "south": { "uv": [ 2, 7, 14, 9 ], "texture": "#particle" },
        "west":  { "uv": [ 6, 7, 10, 9 ], "texture": "#particle" },
        "east":  { "uv": [ 6, 7, 10, 9 ], "texture": "#particle" }
    }
},
{
    "__comment": "Ball",
    "from": [ 6, 2, 7 ],
    "to": [ 10, 14, 9 ],
    "faces": {
        "down":  { "uv": [ 10, 9, 6, 7 ], "texture": "#particle" },
        "up":    { "uv": [ 6, 7, 10, 9 ], "texture": "#particle" },
        "north": { "uv": [ 6, 2, 10, 14 ], "texture": "#particle" },
        "south": { "uv": [ 6, 2, 10, 14 ], "texture": "#particle" },
        "west":  { "uv": [ 7, 2, 9, 14 ], "texture": "#particle" },
        "east":  { "uv": [ 7, 2, 9, 14 ], "texture": "#particle" }
    }
},
{
    "__comment": "Ball",
    "from": [ 2, 6, 7 ],
    "to": [ 14, 10, 9 ],
    "faces": {
        "down":  { "uv": [ 14, 9, 2, 7 ], "texture": "#particle" },
        "up":    { "uv": [ 2, 7, 14, 9 ], "texture": "#particle" },
        "north": { "uv": [ 2, 6, 14, 10 ], "texture": "#particle" },
        "south": { "uv": [ 2, 6, 14, 10 ], "texture": "#particle" },
        "west":  { "uv": [ 7, 6, 9, 10 ], "texture": "#particle" },
        "east":  { "uv": [ 7, 6, 9, 10 ], "texture": "#particle" }
    }
},
{
    "__comment": "Ball",
    "from": [ 7, 2, 6 ],
    "to": [ 9, 14, 10 ],
    "faces": {
        "down":  { "uv": [ 9, 10, 7, 6 ], "texture": "#particle" },
        "up":    { "uv": [ 7, 6, 9, 10 ], "texture": "#particle" },
        "north": { "uv": [ 7, 2, 9, 14 ], "texture": "#particle" },
        "south": { "uv": [ 7, 2, 9, 14 ], "texture": "#particle" },
        "west":  { "uv": [ 6, 2, 10, 14 ], "texture": "#particle" },
        "east":  { "uv": [ 6, 2, 10, 14 ], "texture": "#particle" }
    }
},
{
    "__comment": "Ball",
    "from": [ 7, 6, 2 ],
    "to": [ 9, 10, 14 ],
    "faces": {
        "down":  { "uv": [ 9, 14, 7, 2 ], "texture": "#particle" },
        "up":    { "uv": [ 7, 2, 9, 14 ], "texture": "#particle" },
        "north": { "uv": [ 7, 6, 9, 10 ], "texture": "#particle" },
        "south": { "uv": [ 7, 6, 9, 10 ], "texture": "#particle" },
        "west":  { "uv": [ 2, 6, 14, 10 ], "texture": "#particle" },
        "east":  { "uv": [ 2, 6, 14, 10 ], "texture": "#particle" }
    }
},
{
    "__comment": "Ball",
    "from": [ 4, 5, 3 ],
    "to": [ 12, 11, 13 ],
    "faces": {
        "down":  { "uv": [ 12, 13, 4, 3 ], "texture": "#particle" },
        "up":    { "uv": [ 4, 3, 12, 13 ], "texture": "#particle" },
        "north": { "uv": [ 4, 5, 12, 11 ], "texture": "#particle" },
        "south": { "uv": [ 4, 5, 12, 11 ], "texture": "#particle" },
        "west":  { "uv": [ 3, 5, 13, 11 ], "texture": "#particle" },
        "east":  { "uv": [ 3, 5, 13, 11 ], "texture": "#particle" }
    }
},
{
    "__comment": "Ball",
    "from": [ 3, 5, 4 ],
    "to": [ 13, 11, 12 ],
    "faces": {
        "down":  { "uv": [ 13, 12, 3, 4 ], "texture": "#particle" },
        "up":    { "uv": [ 3, 4, 13, 12 ], "texture": "#particle" },
        "north": { "uv": [ 3, 5, 13, 11 ], "texture": "#particle" },
        "south": { "uv": [ 3, 5, 13, 11 ], "texture": "#particle" },
        "west":  { "uv": [ 4, 5, 12, 11 ], "texture": "#particle" },
        "east":  { "uv": [ 4, 5, 12, 11 ], "texture": "#particle" }
    }
},
{
    "__comment": "Ball",
    "from": [ 4, 3, 5 ],
    "to": [ 12, 13, 11 ],
    "faces": {
        "down":  { "uv": [ 12, 11, 4, 5 ], "texture": "#particle" },
        "up":    { "uv": [ 4, 5, 12, 11 ], "texture": "#particle" },
        "north": { "uv": [ 4, 3, 12, 13 ], "texture": "#particle" },
        "south": { "uv": [ 4, 3, 12, 13 ], "texture": "#particle" },
        "west":  { "uv": [ 5, 3, 11, 13 ], "texture": "#particle" },
        "east":  { "uv": [ 5, 3, 11, 13 ], "texture": "#particle" }
    }
},
{
    "__comment": "Ball",
    "from": [ 3, 4, 5 ],
    "to": [ 13, 12, 11 ],
    "faces": {
        "down":  { "uv": [ 13, 11, 3, 5 ], "texture": "#particle" },
        "up":    { "uv": [ 3, 5, 13, 11 ], "texture": "#particle" },
        "north": { "uv": [ 3, 4, 13, 12 ], "texture": "#particle" },
        "south": { "uv": [ 3, 4, 13, 12 ], "texture": "#particle" },
        "west":  { "uv": [ 5, 4, 11, 12 ], "texture": "#particle" },
        "east":  { "uv": [ 5, 4, 11, 12 ], "texture": "#particle" }
    }
},
{
    "__comment": "Ball",
    "from": [ 5, 3, 4 ],
    "to": [ 11, 13, 12 ],
    "faces": {
        "down":  { "uv": [ 11, 12, 5, 4 ], "texture": "#particle" },
        "up":    { "uv": [ 5, 4, 11, 12 ], "texture": "#particle" },
        "north": { "uv": [ 5, 3, 11, 13 ], "texture": "#particle" },
        "south": { "uv": [ 5, 3, 11, 13 ], "texture": "#particle" },
        "west":  { "uv": [ 4, 3, 12, 13 ], "texture": "#particle" },
        "east":  { "uv": [ 4, 3, 12, 13 ], "texture": "#particle" }
    }
},
{
    "__comment": "Ball",
    "from": [ 5, 4, 3 ],
    "to": [ 11, 12, 13 ],
    "faces": {
        "down":  { "uv": [ 11, 13, 5, 3 ], "texture": "#particle" },
        "up":    { "uv": [ 5, 3, 11, 13 ], "texture": "#particle" },
        "north": { "uv": [ 5, 4, 11, 12 ], "texture": "#particle" },
        "south": { "uv": [ 5, 4, 11, 12 ], "texture": "#particle" },
        "west":  { "uv": [ 3, 4, 13, 12 ], "texture": "#particle" },
        "east":  { "uv": [ 3, 4, 13, 12 ], "texture": "#particle" }
    }
},
{
    "__comment": "Ball",
    "from": [ 4, 4, 4 ],
    "to": [ 12, 12, 12 ],
    "faces": {
        "down":  { "uv": [ 12, 12, 4, 4 ], "texture": "#particle" },
        "up":    { "uv": [ 4, 4, 12, 12 ], "texture": "#particle" },
        "north": { "uv": [ 4, 4, 12, 12 ], "texture": "#particle" },
        "south": { "uv": [ 4, 4, 12, 12 ], "texture": "#particle" },
        "west":  { "uv": [ 4, 4, 12, 12 ], "texture": "#particle" },
        "east":  { "uv": [ 4, 4, 12, 12 ], "texture": "#particle" }
    }
}
],
"display": {
    "thirdperson": {
        "rotation": [ 0, 0, 0 ],
        "translation": [ 0, 1, -2 ],
        "scale": [ 0.25, 0.25, 0.25 ]
    },
    "head": {
        "rotation": [ 69, 33, 72 ],
        "translation": [ -2, 2, -4 ],
        "scale": [ 0.5, 0.5, 0.5 ]
    },
    "firstperson": {
        "rotation": [ 0, 0, 0 ],
        "translation": [ 2, 1, 2 ],
        "scale": [ 0.5, 0.5, 0.5 ]
    },
    "gui": {
        "rotation": [ 0, 0, 0 ],
        "translation": [ 0, 0, 0 ],
        "scale": [ 1.25, 1.25, 1.25 ]
    }
}
}