{
"__comment": "Designed by Sibsib92 with BDcraft Cubik PRO 0.90 Beta - http://bdcraft.net",
"ambientocclusion": false,
"textures": {
    "particle": "items/map_empty",
    "texture": "blocks/sandstone_top"
},
"elements": [ 
{
    "__comment": "Map",
    "from": [ 4, 2, 8 ],
    "to": [ 12, 14, 8.5 ],
    "faces": {
        "down":  { "uv": [ 12, 8.5, 4, 8 ], "texture": "#texture" },
        "up":    { "uv": [ 4, 8, 12, 8.5 ], "texture": "#texture" },
        "north": { "uv": [ 4, 2, 12, 14 ], "texture": "#texture" },
        "south": { "uv": [ 4, 2, 12, 14 ], "texture": "#texture" },
        "west":  { "uv": [ 8, 2, 8.5, 14 ], "texture": "#texture" },
        "east":  { "uv": [ 7.5, 2, 8, 14 ], "texture": "#texture" }
    }
},
{
    "__comment": "Map",
    "from": [ 3.5, 10.5, 8 ],
    "to": [ 4, 13.5, 8.5 ],
    "faces": {
        "down":  { "uv": [ 12.5, 8.5, 12, 8 ], "texture": "#texture" },
        "up":    { "uv": [ 3.5, 8, 4, 8.5 ], "texture": "#texture" },
        "north": { "uv": [ 12, 2.5, 12.5, 5.5 ], "texture": "#texture" },
        "south": { "uv": [ 3.5, 2.5, 4, 5.5 ], "texture": "#texture" },
        "west":  { "uv": [ 8, 2.5, 8.5, 5.5 ], "texture": "#texture" }
    }
},
{
    "__comment": "Map",
    "from": [ 3, 5, 8 ],
    "to": [ 3.5, 6.5, 8.5 ],
    "faces": {
        "down":  { "uv": [ 13, 8.5, 12.5, 8 ], "texture": "#texture" },
        "up":    { "uv": [ 3, 8, 3.5, 8.5 ], "texture": "#texture" },
        "north": { "uv": [ 12.5, 9.5, 13, 11 ], "texture": "#texture" },
        "south": { "uv": [ 3, 9.5, 3.5, 11 ], "texture": "#texture" },
        "west":  { "uv": [ 8, 9.5, 8.5, 11 ], "texture": "#texture" }
    }
},
{
    "__comment": "Map",
    "from": [ 11, 1.5, 8 ],
    "to": [ 11.5, 2, 8.5 ],
    "faces": {
        "down":  { "uv": [ 5, 8.5, 4.5, 8 ], "texture": "#texture" },
        "north": { "uv": [ 4.5, 14, 5, 14.5 ], "texture": "#texture" },
        "south": { "uv": [ 11, 14, 11.5, 14.5 ], "texture": "#texture" },
        "west":  { "uv": [ 8, 14, 8.5, 14.5 ], "texture": "#texture" },
        "east":  { "uv": [ 7.5, 14, 8, 14.5 ], "texture": "#texture" }
    }
},
{
    "__comment": "Map",
    "from": [ 12, 2.5, 8 ],
    "to": [ 12.5, 4.5, 8.5 ],
    "faces": {
        "down":  { "uv": [ 4, 8.5, 3.5, 8 ], "texture": "#texture" },
        "up":    { "uv": [ 12, 8, 12.5, 8.5 ], "texture": "#texture" },
        "north": { "uv": [ 3.5, 11.5, 4, 13.5 ], "texture": "#texture" },
        "south": { "uv": [ 12, 11.5, 12.5, 13.5 ], "texture": "#texture" },
        "east":  { "uv": [ 7.5, 11.5, 8, 13.5 ], "texture": "#texture" }
    }
},
{
    "__comment": "Map",
    "from": [ 12, 12, 8 ],
    "to": [ 12.5, 13.5, 8.5 ],
    "faces": {
        "down":  { "uv": [ 3, 8.5, 2, 8 ], "texture": "#texture" },
        "up":    { "uv": [ 13, 8, 14, 8.5 ], "texture": "#texture" },
        "north": { "uv": [ 2, 1, 3, 4 ], "texture": "#texture" },
        "south": { "uv": [ 13, 1, 14, 4 ], "texture": "#texture" },
        "east":  { "uv": [ 7.5, 1, 8, 4 ], "texture": "#texture" }
    }
},
{
    "__comment": "Map",
    "from": [ 9, 14, 8 ],
    "to": [ 11.5, 14.5, 8.5 ],
    "faces": {
        "up":    { "uv": [ 9, 8, 11.5, 8.5 ], "texture": "#texture" },
        "north": { "uv": [ 4.5, 1.5, 7, 2 ], "texture": "#texture" },
        "south": { "uv": [ 9, 1.5, 11.5, 2 ], "texture": "#texture" },
        "west":  { "uv": [ 8, 1.5, 8.5, 2 ], "texture": "#texture" },
        "east":  { "uv": [ 7.5, 1.5, 8, 2 ], "texture": "#texture" }
    }
},
{
    "__comment": "Map",
    "from": [ 12.5, 7.5, 8 ],
    "to": [ 13, 9.5, 8.5 ],
    "faces": {
        "down":  { "uv": [ 3.5, 8.5, 3, 8 ], "texture": "#texture" },
        "up":    { "uv": [ 12.5, 8, 13, 8.5 ], "texture": "#texture" },
        "north": { "uv": [ 3, 6.5, 3.5, 8.5 ], "texture": "#texture" },
        "south": { "uv": [ 12.5, 6.5, 13, 8.5 ], "texture": "#texture" },
        "east":  { "uv": [ 7.5, 6.5, 8, 8.5 ], "texture": "#texture" }
    }
},
{
    "__comment": "Map",
    "from": [ 9, 1, 8 ],
    "to": [ 10, 1.5, 8.5 ],
    "faces": {
        "down":  { "uv": [ 7, 8.5, 6, 8 ], "texture": "#texture" },
        "north": { "uv": [ 6, 14.5, 7, 15 ], "texture": "#texture" },
        "south": { "uv": [ 9, 14.5, 10, 15 ], "texture": "#texture" },
        "west":  { "uv": [ 8, 14.5, 8.5, 15 ], "texture": "#texture" },
        "east":  { "uv": [ 7.5, 14.5, 8, 15 ], "texture": "#texture" }
    }
},
{
    "__comment": "Map",
    "from": [ 3.5, 4, 8 ],
    "to": [ 4, 8, 8.5 ],
    "faces": {
        "down":  { "uv": [ 12.5, 8.5, 12, 8 ], "texture": "#texture" },
        "up":    { "uv": [ 3.5, 8, 4, 8.5 ], "texture": "#texture" },
        "north": { "uv": [ 12, 8, 12.5, 12 ], "texture": "#texture" },
        "south": { "uv": [ 3.5, 8, 4, 12 ], "texture": "#texture" },
        "west":  { "uv": [ 8, 8, 8.5, 12 ], "texture": "#texture" }
    }
},
{
    "__comment": "Map",
    "from": [ 5, 1, 8 ],
    "to": [ 6, 1.5, 8.5 ],
    "faces": {
        "down":  { "uv": [ 11, 8.5, 10, 8 ], "texture": "#texture" },
        "north": { "uv": [ 10, 14.5, 11, 15 ], "texture": "#texture" },
        "south": { "uv": [ 5, 14.5, 6, 15 ], "texture": "#texture" },
        "west":  { "uv": [ 8, 14.5, 8.5, 15 ], "texture": "#texture" },
        "east":  { "uv": [ 7.5, 14.5, 8, 15 ], "texture": "#texture" }
    }
},
{
    "__comment": "Map",
    "from": [ 8, 1.5, 8 ],
    "to": [ 10.5, 2, 8.5 ],
    "faces": {
        "down":  { "uv": [ 8, 8.5, 5.5, 8 ], "texture": "#texture" },
        "north": { "uv": [ 5.5, 14, 8, 14.5 ], "texture": "#texture" },
        "south": { "uv": [ 8, 14, 10.5, 14.5 ], "texture": "#texture" },
        "west":  { "uv": [ 8, 14, 8.5, 14.5 ], "texture": "#texture" },
        "east":  { "uv": [ 7.5, 14, 8, 14.5 ], "texture": "#texture" }
    }
},
{
    "__comment": "Map",
    "from": [ 4.5, 1.5, 8 ],
    "to": [ 6.5, 2, 8.5 ],
    "faces": {
        "down":  { "uv": [ 11.5, 8.5, 9.5, 8 ], "texture": "#texture" },
        "north": { "uv": [ 9.5, 14, 11.5, 14.5 ], "texture": "#texture" },
        "south": { "uv": [ 4.5, 14, 6.5, 14.5 ], "texture": "#texture" },
        "west":  { "uv": [ 8, 14, 8.5, 14.5 ], "texture": "#texture" },
        "east":  { "uv": [ 7.5, 14, 8, 14.5 ], "texture": "#texture" }
    }
},
{
    "__comment": "Map",
    "from": [ 5, 14, 8 ],
    "to": [ 7, 14.5, 8.5 ],
    "faces": {
        "up":    { "uv": [ 5, 8, 7, 8.5 ], "texture": "#texture" },
        "north": { "uv": [ 9, 1.5, 11, 2 ], "texture": "#texture" },
        "south": { "uv": [ 5, 1.5, 7, 2 ], "texture": "#texture" },
        "west":  { "uv": [ 8, 1.5, 8.5, 2 ], "texture": "#texture" },
        "east":  { "uv": [ 7.5, 1.5, 8, 2 ], "texture": "#texture" }
    }
},
{
    "__comment": "Map",
    "from": [ 12, 5.5, 8 ],
    "to": [ 12.5, 10.5, 8.5 ],
    "faces": {
        "down":  { "uv": [ 4, 8.5, 3.5, 8 ], "texture": "#texture" },
        "up":    { "uv": [ 12, 8, 12.5, 8.5 ], "texture": "#texture" },
        "north": { "uv": [ 3.5, 5.5, 4, 10.5 ], "texture": "#texture" },
        "south": { "uv": [ 12, 5.5, 12.5, 10.5 ], "texture": "#texture" },
        "east":  { "uv": [ 7.5, 5.5, 8, 10.5 ], "texture": "#texture" }
    }
}
],
"display": {
    "thirdperson": {
        "rotation": [ -90, 0, 100 ],
        "translation": [ 2.5, 1, -2.5 ],
        "scale": [ 0.75, 0.75, 0.75 ]
    },
    "head": {
        "rotation": [ 0, 0, -30 ],
        "translation": [ 0, 0, -4 ],
        "scale": [ 1, 1, 1 ]
    },
    "ground": {
        "rotation": [ 90, 0, 0 ],
        "translation": [ 0, -5, 0 ],
        "scale": [ 2, 2, 2 ]
    },
    "fixed": {
        "rotation": [ 0, 0, 0 ],
        "translation": [ 0, 0, -0.5 ],
        "scale": [ 2, 2, 1 ]
    },
    "firstperson": {
        "rotation": [ 0, 115, 98 ],
        "translation": [ 0, 2, -2 ],
        "scale": [ 1.5, 1.5, 1.5 ]
    },
    "gui": {
        "rotation": [ -90, 90, 0 ],
        "translation": [ 0, 0, 0 ],
        "scale": [ 1.5, 1.5, 1.5 ]
    }
}
}