{
"__comment": "Designed by Sibsib92 with BDcraft Cubik PRO 0.90 Beta - http://bdcraft.net",
"ambientocclusion": false,
"textures": {
    "particle": "items/bucket_milk",
    "texture": "blocks/iron_block",
    "dark": "blocks/cauldron_inner",
    "filled": "blocks/quartz_block_top"
},
"elements": [ 
{
    "__comment": "TOP",
    "from": [ 0, 8, 5 ],
    "to": [ 1, 16, 11 ],
    "faces": {
        "down":  { "uv": [ 16, 11, 15, 5 ], "texture": "#texture" },
        "up":    { "uv": [ 0, 5, 1, 11 ], "texture": "#texture" },
        "north": { "uv": [ 15, 0, 16, 8 ], "texture": "#texture" },
        "south": { "uv": [ 0, 0, 1, 8 ], "texture": "#texture" },
        "west":  { "uv": [ 5, 0, 11, 8 ], "texture": "#texture" },
        "east":  { "uv": [ 5, 0, 11, 8 ], "texture": "#texture" }
    }
},
{
    "__comment": "TOP",
    "from": [ 5, 8, 0 ],
    "to": [ 11, 16, 1 ],
    "faces": {
        "down":  { "uv": [ 11, 1, 5, 0 ], "texture": "#texture" },
        "up":    { "uv": [ 5, 0, 11, 1 ], "texture": "#texture" },
        "north": { "uv": [ 5, 0, 11, 8 ], "texture": "#texture" },
        "south": { "uv": [ 5, 0, 11, 8 ], "texture": "#texture" },
        "west":  { "uv": [ 0, 0, 1, 8 ], "texture": "#texture" },
        "east":  { "uv": [ 15, 0, 16, 8 ], "texture": "#texture" }
    }
},
{
    "__comment": "TOP",
    "from": [ 15, 8, 5 ],
    "to": [ 16, 16, 11 ],
    "faces": {
        "down":  { "uv": [ 1, 11, 0, 5 ], "texture": "#texture" },
        "up":    { "uv": [ 15, 5, 16, 11 ], "texture": "#texture" },
        "north": { "uv": [ 0, 0, 1, 8 ], "texture": "#texture" },
        "south": { "uv": [ 15, 0, 16, 8 ], "texture": "#texture" },
        "west":  { "uv": [ 5, 0, 11, 8 ], "texture": "#texture" },
        "east":  { "uv": [ 5, 0, 11, 8 ], "texture": "#texture" }
    }
},
{
    "__comment": "TOP",
    "from": [ 5, 8, 15 ],
    "to": [ 11, 16, 16 ],
    "faces": {
        "down":  { "uv": [ 11, 16, 5, 15 ], "texture": "#texture" },
        "up":    { "uv": [ 5, 15, 11, 16 ], "texture": "#texture" },
        "north": { "uv": [ 5, 0, 11, 8 ], "texture": "#texture" },
        "south": { "uv": [ 5, 0, 11, 8 ], "texture": "#texture" },
        "west":  { "uv": [ 15, 0, 16, 8 ], "texture": "#texture" },
        "east":  { "uv": [ 0, 0, 1, 8 ], "texture": "#texture" }
    }
},
{
    "__comment": "TOP",
    "from": [ 0, 8, 10.9375 ],
    "to": [ 1, 16, 18.0625 ],
    "rotation": { "origin": [ 0, 8, 10.9375 ], "axis": "y", "angle": 45 },
    "faces": {
        "down":  { "uv": [ 16, 12, 15, 5 ], "texture": "#texture" },
        "up":    { "uv": [ 0, 5, 1, 12 ], "texture": "#texture" },
        "north": { "uv": [ 15, 0, 16, 8 ], "texture": "#texture" },
        "south": { "uv": [ 0, 0, 1, 8 ], "texture": "#texture" },
        "west":  { "uv": [ 5, 0, 12, 8 ], "texture": "#texture" },
        "east":  { "uv": [ 4, 0, 11, 8 ], "texture": "#texture" }
    }
},
{
    "__comment": "TOP",
    "from": [ 0, 8, 5.0625 ],
    "to": [ 7.125, 16, 6.0625 ],
    "rotation": { "origin": [ 0, 8, 5.0625 ], "axis": "y", "angle": 45 },
    "faces": {
        "down":  { "uv": [ 16, 12, 15, 5 ], "rotation": 270, "texture": "#texture" },
        "up":    { "uv": [ 0, 5, 1, 12 ], "rotation": 90, "texture": "#texture" },
        "north": { "uv": [ 5, 0, 12, 8 ], "texture": "#texture" },
        "south": { "uv": [ 4, 0, 11, 8 ], "texture": "#texture" },
        "west":  { "uv": [ 0, 0, 1, 8 ], "texture": "#texture" },
        "east":  { "uv": [ 15, 0, 16, 8 ], "texture": "#texture" }
    }
},
{
    "__comment": "TOP",
    "from": [ 10.25, 8, 15.25 ],
    "to": [ 17.375, 16, 16.25 ],
    "rotation": { "origin": [ 10.25, 8, 15.25 ], "axis": "y", "angle": 45 },
    "faces": {
        "down":  { "uv": [ 16, 12, 15, 5 ], "rotation": 90, "texture": "#texture" },
        "up":    { "uv": [ 0, 5, 1, 12 ], "rotation": 270, "texture": "#texture" },
        "north": { "uv": [ 4, 0, 11, 8 ], "texture": "#texture" },
        "south": { "uv": [ 5, 0, 12, 8 ], "texture": "#texture" },
        "west":  { "uv": [ 15, 0, 16, 8 ], "texture": "#texture" },
        "east":  { "uv": [ 0, 0, 1, 8 ], "texture": "#texture" }
    }
},
{
    "__comment": "TOP",
    "from": [ 10.25, 8, 0.75 ],
    "to": [ 11.25, 16, 7.875 ],
    "rotation": { "origin": [ 10.25, 8, 0.75 ], "axis": "y", "angle": 45 },
    "faces": {
        "down":  { "uv": [ 16, 12, 15, 5 ], "rotation": 180, "texture": "#texture" },
        "up":    { "uv": [ 0, 5, 1, 12 ], "rotation": 180, "texture": "#texture" },
        "north": { "uv": [ 0, 0, 1, 8 ], "texture": "#texture" },
        "south": { "uv": [ 15, 0, 16, 8 ], "texture": "#texture" },
        "west":  { "uv": [ 4, 0, 11, 8 ], "texture": "#texture" },
        "east":  { "uv": [ 5, 0, 12, 8 ], "texture": "#texture" }
    }
},
{
    "__comment": "Mid",
    "from": [ 0.8125, 1.175, 5.3125 ],
    "to": [ 1.7125, 8.375, 10.7125 ],
    "faces": {
        "down":  { "uv": [ 16, 11, 15, 5 ], "texture": "#texture" },
        "up":    { "uv": [ 0, 5, 1, 11 ], "texture": "#texture" },
        "north": { "uv": [ 15, 0, 16, 8 ], "texture": "#texture" },
        "south": { "uv": [ 0, 0, 1, 8 ], "texture": "#texture" },
        "west":  { "uv": [ 5, 0, 11, 8 ], "texture": "#texture" },
        "east":  { "uv": [ 5, 0, 11, 8 ], "texture": "#texture" }
    }
},
{
    "__comment": "Mid",
    "from": [ 5.3125, 1.175, 0.8125 ],
    "to": [ 10.7125, 8.375, 1.7125 ],
    "faces": {
        "down":  { "uv": [ 11, 1, 5, 0 ], "texture": "#texture" },
        "up":    { "uv": [ 5, 0, 11, 1 ], "texture": "#texture" },
        "north": { "uv": [ 5, 0, 11, 8 ], "texture": "#texture" },
        "south": { "uv": [ 5, 0, 11, 8 ], "texture": "#texture" },
        "west":  { "uv": [ 0, 0, 1, 8 ], "texture": "#texture" },
        "east":  { "uv": [ 15, 0, 16, 8 ], "texture": "#texture" }
    }
},
{
    "__comment": "Mid",
    "from": [ 14.25, 1.175, 5.3125 ],
    "to": [ 15.15, 8.375, 10.7125 ],
    "faces": {
        "down":  { "uv": [ 1, 11, 0, 5 ], "texture": "#texture" },
        "up":    { "uv": [ 15, 5, 16, 11 ], "texture": "#texture" },
        "north": { "uv": [ 0, 0, 1, 8 ], "texture": "#texture" },
        "south": { "uv": [ 15, 0, 16, 8 ], "texture": "#texture" },
        "west":  { "uv": [ 5, 0, 11, 8 ], "texture": "#texture" },
        "east":  { "uv": [ 5, 0, 11, 8 ], "texture": "#texture" }
    }
},
{
    "__comment": "Mid",
    "from": [ 5.3125, 1.175, 14.25 ],
    "to": [ 10.7125, 8.375, 15.15 ],
    "faces": {
        "down":  { "uv": [ 11, 16, 5, 15 ], "texture": "#texture" },
        "up":    { "uv": [ 5, 15, 11, 16 ], "texture": "#texture" },
        "north": { "uv": [ 5, 0, 11, 8 ], "texture": "#texture" },
        "south": { "uv": [ 5, 0, 11, 8 ], "texture": "#texture" },
        "west":  { "uv": [ 15, 0, 16, 8 ], "texture": "#texture" },
        "east":  { "uv": [ 0, 0, 1, 8 ], "texture": "#texture" }
    }
},
{
    "__comment": "Mid",
    "from": [ 0.8125, 1.175, 10.625 ],
    "to": [ 1.7125, 8.375, 17.0375 ],
    "rotation": { "origin": [ 0.8125, 1.175, 10.625 ], "axis": "y", "angle": 45 },
    "faces": {
        "down":  { "uv": [ 16, 12, 15, 5 ], "texture": "#texture" },
        "up":    { "uv": [ 0, 5, 1, 12 ], "texture": "#texture" },
        "north": { "uv": [ 15, 0, 16, 8 ], "texture": "#texture" },
        "south": { "uv": [ 0, 0, 1, 8 ], "texture": "#texture" },
        "west":  { "uv": [ 5, 0, 12, 8 ], "texture": "#texture" },
        "east":  { "uv": [ 4, 0, 11, 8 ], "texture": "#texture" }
    }
},
{
    "__comment": "Mid",
    "from": [ 0.8125, 1.175, 5.375 ],
    "to": [ 7.225, 8.375, 6.275 ],
    "rotation": { "origin": [ 0.8125, 1.175, 5.375 ], "axis": "y", "angle": 45 },
    "faces": {
        "down":  { "uv": [ 16, 12, 15, 5 ], "rotation": 270, "texture": "#texture" },
        "up":    { "uv": [ 0, 5, 1, 12 ], "rotation": 90, "texture": "#texture" },
        "north": { "uv": [ 5, 0, 12, 8 ], "texture": "#texture" },
        "south": { "uv": [ 4, 0, 11, 8 ], "texture": "#texture" },
        "west":  { "uv": [ 0, 0, 1, 8 ], "texture": "#texture" },
        "east":  { "uv": [ 15, 0, 16, 8 ], "texture": "#texture" }
    }
},
{
    "__comment": "Mid",
    "from": [ 10, 1.175, 14.5 ],
    "to": [ 16.4125, 8.375, 15.4 ],
    "rotation": { "origin": [ 10, 1.175, 14.5 ], "axis": "y", "angle": 45 },
    "faces": {
        "down":  { "uv": [ 16, 12, 15, 5 ], "rotation": 90, "texture": "#texture" },
        "up":    { "uv": [ 0, 5, 1, 12 ], "rotation": 270, "texture": "#texture" },
        "north": { "uv": [ 4, 0, 11, 8 ], "texture": "#texture" },
        "south": { "uv": [ 5, 0, 12, 8 ], "texture": "#texture" },
        "west":  { "uv": [ 15, 0, 16, 8 ], "texture": "#texture" },
        "east":  { "uv": [ 0, 0, 1, 8 ], "texture": "#texture" }
    }
},
{
    "__comment": "Mid",
    "from": [ 10, 1.175, 1.5 ],
    "to": [ 10.9, 8.375, 7.9125 ],
    "rotation": { "origin": [ 10, 1.175, 1.5 ], "axis": "y", "angle": 45 },
    "faces": {
        "down":  { "uv": [ 16, 12, 15, 5 ], "rotation": 180, "texture": "#texture" },
        "up":    { "uv": [ 0, 5, 1, 12 ], "rotation": 180, "texture": "#texture" },
        "north": { "uv": [ 0, 0, 1, 8 ], "texture": "#texture" },
        "south": { "uv": [ 15, 0, 16, 8 ], "texture": "#texture" },
        "west":  { "uv": [ 4, 0, 11, 8 ], "texture": "#texture" },
        "east":  { "uv": [ 5, 0, 12, 8 ], "texture": "#texture" }
    }
},
{
    "__comment": "Bot",
    "from": [ 5, 1, 1.5 ],
    "to": [ 11, 2, 14.5 ],
    "faces": {
        "down":  { "uv": [ 11, 14.5, 5, 1.5 ], "texture": "#texture" },
        "up":    { "uv": [ 5, 1.5, 11, 14.5 ], "texture": "#texture" },
        "north": { "uv": [ 5, 14, 11, 15 ], "texture": "#texture" },
        "south": { "uv": [ 5, 14, 11, 15 ], "texture": "#texture" },
        "west":  { "uv": [ 1.5, 14, 14.5, 15 ], "texture": "#texture" },
        "east":  { "uv": [ 1.5, 14, 14.5, 15 ], "texture": "#texture" }
    }
},
{
    "__comment": "Bot",
    "from": [ 4, 1, 2.5 ],
    "to": [ 12, 2, 13.5 ],
    "faces": {
        "down":  { "uv": [ 12, 13.5, 4, 2.5 ], "texture": "#texture" },
        "up":    { "uv": [ 4, 2.5, 12, 13.5 ], "texture": "#texture" },
        "north": { "uv": [ 4, 14, 12, 15 ], "texture": "#texture" },
        "south": { "uv": [ 4, 14, 12, 15 ], "texture": "#texture" },
        "west":  { "uv": [ 2.5, 14, 13.5, 15 ], "texture": "#texture" },
        "east":  { "uv": [ 2.5, 14, 13.5, 15 ], "texture": "#texture" }
    }
},
{
    "__comment": "Bot",
    "from": [ 3, 1, 3.5 ],
    "to": [ 13, 2, 12.5 ],
    "faces": {
        "down":  { "uv": [ 13, 12.5, 3, 3.5 ], "texture": "#texture" },
        "up":    { "uv": [ 3, 3.5, 13, 12.5 ], "texture": "#texture" },
        "north": { "uv": [ 3, 14, 13, 15 ], "texture": "#texture" },
        "south": { "uv": [ 3, 14, 13, 15 ], "texture": "#texture" },
        "west":  { "uv": [ 3.5, 14, 12.5, 15 ], "texture": "#texture" },
        "east":  { "uv": [ 3.5, 14, 12.5, 15 ], "texture": "#texture" }
    }
},
{
    "__comment": "Bot",
    "from": [ 2, 1, 4.5 ],
    "to": [ 14, 2, 11.5 ],
    "faces": {
        "down":  { "uv": [ 14, 11.5, 2, 4.5 ], "texture": "#texture" },
        "up":    { "uv": [ 2, 4.5, 14, 11.5 ], "texture": "#texture" },
        "north": { "uv": [ 2, 14, 14, 15 ], "texture": "#texture" },
        "south": { "uv": [ 2, 14, 14, 15 ], "texture": "#texture" },
        "west":  { "uv": [ 4.5, 14, 11.5, 15 ], "texture": "#texture" },
        "east":  { "uv": [ 4.5, 14, 11.5, 15 ], "texture": "#texture" }
    }
},
{
    "__comment": "Bot",
    "from": [ 1, 1, 5.5 ],
    "to": [ 15, 2, 10.5 ],
    "faces": {
        "down":  { "uv": [ 15, 10.5, 1, 5.5 ], "texture": "#texture" },
        "up":    { "uv": [ 1, 5.5, 15, 10.5 ], "texture": "#texture" },
        "north": { "uv": [ 1, 14, 15, 15 ], "texture": "#texture" },
        "south": { "uv": [ 1, 14, 15, 15 ], "texture": "#texture" },
        "west":  { "uv": [ 5.5, 14, 10.5, 15 ], "texture": "#texture" },
        "east":  { "uv": [ 5.5, 14, 10.5, 15 ], "texture": "#texture" }
    }
},
{
    "__comment": "Grip",
    "from": [ 4.3125, 14.1875, 7.75 ],
    "to": [ 4.8125, 20.1875, 8.25 ],
    "rotation": { "origin": [ 4.3125, 20.1875, 7.75 ], "axis": "z", "angle": -45 },
    "faces": {
        "down":  { "uv": [ 15.5, 8.25, 15, 7.75 ], "texture": "#texture" },
        "up":    { "uv": [ 0.5, 7.75, 1, 8.25 ], "texture": "#texture" },
        "north": { "uv": [ 15, 0, 15.5, 6 ], "texture": "#texture" },
        "south": { "uv": [ 0.5, 0, 1, 6 ], "texture": "#texture" },
        "west":  { "uv": [ 7.75, 0, 8.25, 6 ], "texture": "#texture" },
        "east":  { "uv": [ 7.75, 0, 8.25, 6 ], "texture": "#texture" }
    }
},
{
    "__comment": "Grip",
    "from": [ 11.3125, 13.8125, 7.75 ],
    "to": [ 11.8125, 19.8125, 8.25 ],
    "rotation": { "origin": [ 11.3125, 19.8125, 7.75 ], "axis": "z", "angle": 45 },
    "faces": {
        "down":  { "uv": [ 15.5, 8.25, 15, 7.75 ], "rotation": 180, "texture": "#texture" },
        "up":    { "uv": [ 0.5, 7.75, 1, 8.25 ], "rotation": 180, "texture": "#texture" },
        "north": { "uv": [ 0.5, 0, 1, 6 ], "texture": "#texture" },
        "south": { "uv": [ 15, 0, 15.5, 6 ], "texture": "#texture" },
        "west":  { "uv": [ 7.75, 0, 8.25, 6 ], "texture": "#texture" },
        "east":  { "uv": [ 7.75, 0, 8.25, 6 ], "texture": "#texture" }
    }
},
{
    "__comment": "Grip",
    "from": [ 4.25, 19.625, 7.75 ],
    "to": [ 11.75, 20.125, 8.25 ],
    "faces": {
        "down":  { "uv": [ 12, 8.25, 4.5, 7.75 ], "texture": "#texture" },
        "up":    { "uv": [ 4, 7.75, 11.5, 8.25 ], "texture": "#texture" },
        "north": { "uv": [ 4.5, 0, 12, 0.5 ], "texture": "#texture" },
        "south": { "uv": [ 4, 0, 11.5, 0.5 ], "texture": "#texture" },
        "west":  { "uv": [ 7.75, 0, 8.25, 0.5 ], "texture": "#texture" },
        "east":  { "uv": [ 7.75, 0, 8.25, 0.5 ], "texture": "#texture" }
    }
},
{
    "__comment": "Grip Dark",
    "from": [ 5, 19.375, 7.5 ],
    "to": [ 11, 20.375, 8.5 ],
    "faces": {
        "down":  { "uv": [ 11, 8.5, 5, 7.5 ], "texture": "#dark" },
        "up":    { "uv": [ 5, 7.5, 11, 8.5 ], "texture": "#dark" },
        "north": { "uv": [ 5, 0, 11, 1 ], "texture": "#dark" },
        "south": { "uv": [ 5, 0, 11, 1 ], "texture": "#dark" },
        "west":  { "uv": [ 7.5, 0, 8.5, 1 ], "texture": "#dark" },
        "east":  { "uv": [ 7.5, 0, 8.5, 1 ], "texture": "#dark" }
    }
},
{
    "__comment": "Filled with",
    "from": [ 3, 14, 3 ],
    "to": [ 13, 15, 13 ],
    "faces": {
        "up":    { "uv": [ 3, 3, 13, 13 ], "texture": "#filled" }
    }
},
{
    "__comment": "Filled with",
    "from": [ 14, 14, 4.5 ],
    "to": [ 15, 15, 11.5 ],
    "faces": {
        "up":    { "uv": [ 14, 4.5, 15, 11.5 ], "texture": "#filled" }
    }
},
{
    "__comment": "Filled with",
    "from": [ 13, 14, 3.5 ],
    "to": [ 14, 15, 12.5 ],
    "faces": {
        "up":    { "uv": [ 13, 3.5, 14, 12.5 ], "texture": "#filled" }
    }
},
{
    "__comment": "Filled with",
    "from": [ 1, 14, 4.5 ],
    "to": [ 2, 15, 11.5 ],
    "faces": {
        "up":    { "uv": [ 1, 4.5, 2, 11.5 ], "texture": "#filled" }
    }
},
{
    "__comment": "Filled with",
    "from": [ 2, 14, 3.5 ],
    "to": [ 3, 15, 12.5 ],
    "faces": {
        "up":    { "uv": [ 2, 3.5, 3, 12.5 ], "texture": "#filled" }
    }
},
{
    "__comment": "Filled with",
    "from": [ 4.5, 14, 1 ],
    "to": [ 11.5, 15, 2 ],
    "faces": {
        "up":    { "uv": [ 4.5, 1, 11.5, 2 ], "texture": "#filled" }
    }
},
{
    "__comment": "Filled with",
    "from": [ 3.5, 14, 13 ],
    "to": [ 12.5, 15, 14 ],
    "faces": {
        "up":    { "uv": [ 3.5, 13, 12.5, 14 ], "texture": "#filled" }
    }
},
{
    "__comment": "Filled with",
    "from": [ 4.5, 14, 14 ],
    "to": [ 11.5, 15, 15 ],
    "faces": {
        "up":    { "uv": [ 4.5, 14, 11.5, 15 ], "texture": "#filled" }
    }
},
{
    "__comment": "Filled with",
    "from": [ 3.5, 14, 2 ],
    "to": [ 12.5, 15, 3 ],
    "faces": {
        "up":    { "uv": [ 3.5, 2, 12.5, 3 ], "texture": "#filled" }
    }
}
],
"display": {
    "thirdperson": {
        "rotation": [ -165, 0, 0 ],
        "translation": [ 0, 4, -0.5 ],
        "scale": [ 0.5, 0.5, 0.5 ]
    },
    "head": {
        "rotation": [ 0, 0, 0 ],
        "translation": [ 0, 5, 0 ],
        "scale": [ 0.5, 0.5, 0.5 ]
    },
    "ground": {
        "rotation": [ 0, 0, 0 ],
        "translation": [ 0, 0, 0 ],
        "scale": [ 1, 1, 1 ]
    },
    "fixed": {
        "rotation": [ 0, 0, 0 ],
        "translation": [ 0, 0, 0 ],
        "scale": [ 1, 1, 1 ]
    },
    "firstperson": {
        "rotation": [ 0, 135, 0 ],
        "translation": [ 0, -2.5, 2.5 ],
        "scale": [ 1, 1, 1 ]
    },
    "gui": {
        "rotation": [ 0, 0, 0 ],
        "translation": [ 0, 0, 0 ],
        "scale": [ 1, 1, 1 ]
    }
}
}