{
"__comment": "Designed by Sibsib92 with BDcraft Cubik PRO 0.91 Beta - http://bdcraft.net",
"ambientocclusion": false,
"textures": {
    "particle": "items/name_tag",
    "texture": "blocks/sandstone_top",
    "wool": "blocks/wool_colored_white"
},
"elements": [ 
{
    "__comment": "Sign",
    "from": [ 11.75, 1.5, 9.125 ],
    "to": [ 17.75, 19.5, 9.875 ],
    "rotation": { "origin": [ 11.75, 19.5, 9.125 ], "axis": "z", "angle": -45 },
    "faces": {
        "down":  { "uv": [ 4, 0.5, 0, 0 ], "texture": "#texture" },
        "up":    { "uv": [ 0, 0, 4, 0.5 ], "texture": "#texture" },
        "north": { "uv": [ 0, 0, 4, 12 ], "texture": "#texture" },
        "south": { "uv": [ 0, 0, 4, 12 ], "texture": "#texture" },
        "west":  { "uv": [ 0, 0, 0.5, 12 ], "texture": "#texture" },
        "east":  { "uv": [ 0, 0, 0.5, 12 ], "texture": "#texture" }
    }
},
{
    "__comment": "White",
    "from": [ 11.375, 18.375, 8.75 ],
    "to": [ 12.125, 19.125, 10.25 ],
    "faces": {
        "down":  { "uv": [ 5.75, 9.5, 5.25, 8.5 ], "texture": "#wool" },
        "up":    { "uv": [ 10.25, 8.5, 10.75, 9.5 ], "texture": "#wool" },
        "west":  { "uv": [ 8.5, 3.25, 9.5, 3.75 ], "texture": "#wool" },
        "east":  { "uv": [ 6.5, 3.25, 7.5, 3.75 ], "texture": "#wool" }
    }
},
{
    "__comment": "White",
    "from": [ 11.375, 18.375, 8 ],
    "to": [ 12.125, 22.125, 8.75 ],
    "faces": {
        "down":  { "uv": [ 5.75, 8.5, 5.25, 8 ], "texture": "#wool" },
        "up":    { "uv": [ 10.25, 8, 10.75, 8.5 ], "texture": "#wool" },
        "north": { "uv": [ 5.25, 1.25, 5.75, 3.75 ], "texture": "#wool" },
        "south": { "uv": [ 10.25, 1.25, 10.75, 3.75 ], "texture": "#wool" },
        "west":  { "uv": [ 8, 1.25, 8.5, 3.75 ], "texture": "#wool" },
        "east":  { "uv": [ 7.5, 1.25, 8, 3.75 ], "texture": "#wool" }
    }
},
{
    "__comment": "White",
    "from": [ 11.375, 18.375, 10.25 ],
    "to": [ 12.125, 22.125, 11 ],
    "faces": {
        "down":  { "uv": [ 5.75, 10, 5.25, 9.5 ], "texture": "#wool" },
        "up":    { "uv": [ 10.25, 9.5, 10.75, 10 ], "texture": "#wool" },
        "north": { "uv": [ 5.25, 1.25, 5.75, 3.75 ], "texture": "#wool" },
        "south": { "uv": [ 10.25, 1.25, 10.75, 3.75 ], "texture": "#wool" },
        "west":  { "uv": [ 9.5, 1.25, 10, 3.75 ], "texture": "#wool" },
        "east":  { "uv": [ 6, 1.25, 6.5, 3.75 ], "texture": "#wool" }
    }
},
{
    "__comment": "White",
    "from": [ 11.375, 21.375, 8.75 ],
    "to": [ 12.125, 22.125, 10.25 ],
    "faces": {
        "down":  { "uv": [ 5.75, 9.5, 5.25, 8.5 ], "texture": "#wool" },
        "up":    { "uv": [ 10.25, 8.5, 10.75, 9.5 ], "texture": "#wool" },
        "west":  { "uv": [ 8.5, 1.25, 9.5, 1.75 ], "texture": "#wool" },
        "east":  { "uv": [ 6.5, 1.25, 7.5, 1.75 ], "texture": "#wool" }
    }
}
],
"display": {
    "thirdperson": {
        "rotation": [ 0, -90, 180 ],
        "translation": [ 0, 1, -3 ],
        "scale": [ 0.5, 0.5, 0.5 ]
    },
    "head": {
        "rotation": [ 0, 0, 0 ],
        "translation": [ 0, -8, -3 ],
        "scale": [ 0.75, 0.75, 0.75 ]
    },
    "ground": {
        "rotation": [ 0, 0, 0 ],
        "translation": [ 0, 0, 0 ],
        "scale": [ 1.5, 1.5, 1.5 ]
    },
    "fixed": {
        "rotation": [ 0, 0, 0 ],
        "translation": [ 0, -3.5, -1.5 ],
        "scale": [ 1.5, 1.5, 1.5 ]
    },
    "firstperson": {
        "rotation": [ 5, -160, 45 ],
        "translation": [ 5, 0, 2 ],
        "scale": [ 1, 1, 1 ]
    },
    "gui": {
        "rotation": [ 0, 165, -30 ],
        "translation": [ 0, -1, 0 ],
        "scale": [ 1, 1, 1 ]
    }
}
}