{
"__comment": "Designed by Sibsib92 with BDcraft Cubik PRO 0.91 Beta - http://bdcraft.net",
"ambientocclusion": false,
"textures": {
    "particle": "blocks/rail_normal",
    "texture": "blocks/planks_oak",
    "inner": "blocks/anvil_base",
    "outer": "blocks/iron_block"
},
"elements": [ 
{
    "__comment": "Wood",
    "from": [ 1, 0, 1 ],
    "to": [ 15, 1, 3 ],
    "faces": {
        "down":  { "uv": [ 1, 3, 15, 1 ], "texture": "#texture" },
        "up":    { "uv": [ 1, 1, 15, 3 ], "texture": "#texture" },
        "north": { "uv": [ 15, 1, 1, 2 ], "texture": "#texture" },
        "south": { "uv": [ 1, 2, 15, 3 ], "texture": "#texture" },
        "west":  { "uv": [ 1, 3, 2, 1 ], "rotation": 90, "texture": "#texture" },
        "east":  { "uv": [ 14, 1, 15, 3 ], "rotation": 90, "texture": "#texture" }
    }
},
{
    "__comment": "Wood",
    "from": [ 1, 0, 5 ],
    "to": [ 15, 1, 7 ],
    "faces": {
        "down":  { "uv": [ 1, 7, 15, 5 ], "texture": "#texture" },
        "up":    { "uv": [ 1, 5, 15, 7 ], "texture": "#texture" },
        "north": { "uv": [ 15, 5, 1, 6 ], "texture": "#texture" },
        "south": { "uv": [ 1, 6, 15, 7 ], "texture": "#texture" },
        "west":  { "uv": [ 1, 7, 2, 5 ], "rotation": 90, "texture": "#texture" },
        "east":  { "uv": [ 14, 5, 15, 7 ], "rotation": 90, "texture": "#texture" }
    }
},
{
    "__comment": "Wood",
    "from": [ 1, 0, 9 ],
    "to": [ 15, 1, 11 ],
    "faces": {
        "down":  { "uv": [ 1, 11, 15, 9 ], "texture": "#texture" },
        "up":    { "uv": [ 1, 9, 15, 11 ], "texture": "#texture" },
        "north": { "uv": [ 15, 9, 1, 10 ], "texture": "#texture" },
        "south": { "uv": [ 1, 10, 15, 11 ], "texture": "#texture" },
        "west":  { "uv": [ 1, 11, 2, 9 ], "rotation": 90, "texture": "#texture" },
        "east":  { "uv": [ 14, 9, 15, 11 ], "rotation": 90, "texture": "#texture" }
    }
},
{
    "__comment": "Wood",
    "from": [ 1, 0, 13 ],
    "to": [ 15, 1, 15 ],
    "faces": {
        "down":  { "uv": [ 1, 15, 15, 13 ], "texture": "#texture" },
        "up":    { "uv": [ 1, 13, 15, 15 ], "texture": "#texture" },
        "north": { "uv": [ 15, 13, 1, 14 ], "texture": "#texture" },
        "south": { "uv": [ 1, 14, 15, 15 ], "texture": "#texture" },
        "west":  { "uv": [ 1, 15, 2, 13 ], "rotation": 90, "texture": "#texture" },
        "east":  { "uv": [ 14, 13, 15, 15 ], "rotation": 90, "texture": "#texture" }
    }
},
{
    "__comment": "Inner",
    "from": [ 3, 1, 0 ],
    "to": [ 4, 2, 16 ],
    "faces": {
        "down":  { "uv": [ 1, 16, 0, 0 ], "texture": "#inner" },
        "up":    { "uv": [ 0, 0, 1, 16 ], "texture": "#inner" },
        "north": { "uv": [ 0, 0, 1, 1 ], "texture": "#inner" },
        "south": { "uv": [ 0, 15, 1, 16 ], "texture": "#inner" },
        "east":  { "uv": [ 0, 0, 1, 16 ], "rotation": 90, "texture": "#inner" }
    }
},
{
    "__comment": "Inner",
    "from": [ 12, 1, 0 ],
    "to": [ 13, 2, 16 ],
    "faces": {
        "down":  { "uv": [ 1, 16, 0, 0 ], "texture": "#inner" },
        "up":    { "uv": [ 0, 0, 1, 16 ], "texture": "#inner" },
        "north": { "uv": [ 0, 0, 1, 1 ], "texture": "#inner" },
        "south": { "uv": [ 0, 15, 1, 16 ], "texture": "#inner" },
        "west":  { "uv": [ 0, 16, 1, 0 ], "rotation": 90, "texture": "#inner" }
    }
},
{
    "__comment": "Outer",
    "from": [ 2, 1, 0 ],
    "to": [ 3, 2.5, 16 ],
    "faces": {
        "down":  { "uv": [ 16, 0, 0, 1 ], "rotation": 90, "texture": "#outer" },
        "up":    { "uv": [ 0, 0, 16, 1 ], "rotation": 90, "texture": "#outer" },
        "north": { "uv": [ 15, 0, 16, 1 ], "texture": "#outer" },
        "south": { "uv": [ 0, 0, 1, 1 ], "texture": "#outer" },
        "west":  { "uv": [ 0, 0, 16, 1 ], "texture": "#outer" },
        "east":  { "uv": [ 16, 0, 0, 1 ], "texture": "#outer" }
    }
},
{
    "__comment": "Outer",
    "from": [ 13, 1, 0 ],
    "to": [ 14, 2.5, 16 ],
    "faces": {
        "down":  { "uv": [ 16, 0, 0, 1 ], "rotation": 90, "texture": "#outer" },
        "up":    { "uv": [ 0, 0, 16, 1 ], "rotation": 90, "texture": "#outer" },
        "north": { "uv": [ 15, 0, 16, 1 ], "texture": "#outer" },
        "south": { "uv": [ 0, 0, 1, 1 ], "texture": "#outer" },
        "west":  { "uv": [ 0, 0, 16, 1 ], "texture": "#outer" },
        "east":  { "uv": [ 16, 0, 0, 1 ], "texture": "#outer" }
    }
}
],
"display": {
    "thirdperson": {
        "rotation": [ 0, 0, 90 ],
        "translation": [ -3, 3, -0.5 ],
        "scale": [ 1, 1, 1 ]
    },
    "head": {
        "rotation": [ 0, 0, 0 ],
        "translation": [ 0, 7.5, 0 ],
        "scale": [ 1, 1, 1 ]
    },
    "ground": {
        "rotation": [ 0, 0, 0 ],
        "translation": [ 0, -5, 0 ],
        "scale": [ 2, 2, 2 ]
    },
    "fixed": {
        "rotation": [ -90, 0, 0 ],
        "translation": [ 0, 0, -7.5 ],
        "scale": [ 2, 2, 2 ]
    },
    "firstperson": {
        "rotation": [ 15, -45, -90 ],
        "translation": [ 0, 1, 4 ],
        "scale": [ 1, 1, 1 ]
    },
    "gui": {
        "rotation": [ 0, 0, 0 ],
        "translation": [ 0, 3.5, 0 ],
        "scale": [ 1.25, 1.25, 1.25 ]
    }
}
}