{
"__comment": "Designed by Sibsib92 with BDcraft Cubik PRO 0.91 Beta - http://bdcraft.net",
"ambientocclusion": false,
"textures": {
    "particle": "items/record_chirp",
    "texture": "blocks/cauldron_inner",
    "color": "blocks/wool_colored_red"
},
"elements": [ 
{
    "__comment": "Black",
    "from": [ 1, 6, 7.75 ],
    "to": [ 15, 10, 8.25 ],
    "faces": {
        "down":  { "uv": [ 15, 8.25, 1, 7.75 ], "texture": "#texture" },
        "up":    { "uv": [ 1, 7.75, 15, 8.25 ], "texture": "#texture" },
        "north": { "uv": [ 1, 6, 15, 10 ], "texture": "#texture" },
        "south": { "uv": [ 1, 6, 15, 10 ], "texture": "#texture" },
        "west":  { "uv": [ 7.75, 6, 8.25, 10 ], "texture": "#texture" },
        "east":  { "uv": [ 7.75, 6, 8.25, 10 ], "texture": "#texture" }
    }
},
{
    "__comment": "Black",
    "from": [ 6, 1, 7.75 ],
    "to": [ 10, 15, 8.25 ],
    "faces": {
        "down":  { "uv": [ 10, 8.25, 6, 7.75 ], "texture": "#texture" },
        "up":    { "uv": [ 6, 7.75, 10, 8.25 ], "texture": "#texture" },
        "north": { "uv": [ 6, 1, 10, 15 ], "texture": "#texture" },
        "south": { "uv": [ 6, 1, 10, 15 ], "texture": "#texture" },
        "west":  { "uv": [ 7.75, 1, 8.25, 15 ], "texture": "#texture" },
        "east":  { "uv": [ 7.75, 1, 8.25, 15 ], "texture": "#texture" }
    }
},
{
    "__comment": "Black",
    "from": [ 4, 2, 7.75 ],
    "to": [ 12, 14, 8.25 ],
    "faces": {
        "down":  { "uv": [ 12, 8.25, 4, 7.75 ], "texture": "#texture" },
        "up":    { "uv": [ 4, 7.75, 12, 8.25 ], "texture": "#texture" },
        "north": { "uv": [ 4, 2, 12, 14 ], "texture": "#texture" },
        "south": { "uv": [ 4, 2, 12, 14 ], "texture": "#texture" },
        "west":  { "uv": [ 7.75, 2, 8.25, 14 ], "texture": "#texture" },
        "east":  { "uv": [ 7.75, 2, 8.25, 14 ], "texture": "#texture" }
    }
},
{
    "__comment": "Black",
    "from": [ 2, 4, 7.75 ],
    "to": [ 14, 12, 8.25 ],
    "faces": {
        "down":  { "uv": [ 14, 8.25, 2, 7.75 ], "texture": "#texture" },
        "up":    { "uv": [ 2, 7.75, 14, 8.25 ], "texture": "#texture" },
        "north": { "uv": [ 2, 4, 14, 12 ], "texture": "#texture" },
        "south": { "uv": [ 2, 4, 14, 12 ], "texture": "#texture" },
        "west":  { "uv": [ 7.75, 4, 8.25, 12 ], "texture": "#texture" },
        "east":  { "uv": [ 7.75, 4, 8.25, 12 ], "texture": "#texture" }
    }
},
{
    "__comment": "Black",
    "from": [ 3, 3, 7.75 ],
    "to": [ 13, 13, 8.25 ],
    "faces": {
        "down":  { "uv": [ 13, 8.25, 3, 7.75 ], "texture": "#texture" },
        "up":    { "uv": [ 3, 7.75, 13, 8.25 ], "texture": "#texture" },
        "north": { "uv": [ 3, 3, 13, 13 ], "texture": "#texture" },
        "south": { "uv": [ 3, 3, 13, 13 ], "texture": "#texture" },
        "west":  { "uv": [ 7.75, 3, 8.25, 13 ], "texture": "#texture" },
        "east":  { "uv": [ 7.75, 3, 8.25, 13 ], "texture": "#texture" }
    }
},
{
    "__comment": "Color",
    "from": [ 7, 6, 7.5 ],
    "to": [ 9, 10, 8.5 ],
    "faces": {
        "down":  { "uv": [ 9, 8.5, 7, 7.5 ], "texture": "#color" },
        "up":    { "uv": [ 7, 7.5, 9, 8.5 ], "texture": "#color" },
        "north": { "uv": [ 7, 6, 9, 10 ], "texture": "#color" },
        "south": { "uv": [ 7, 6, 9, 10 ], "texture": "#color" },
        "west":  { "uv": [ 7.5, 6, 8.5, 10 ], "texture": "#color" },
        "east":  { "uv": [ 7.5, 6, 8.5, 10 ], "texture": "#color" }
    }
},
{
    "__comment": "Color",
    "from": [ 6, 7, 7.5 ],
    "to": [ 10, 9, 8.5 ],
    "faces": {
        "down":  { "uv": [ 10, 8.5, 6, 7.5 ], "texture": "#color" },
        "up":    { "uv": [ 6, 7.5, 10, 8.5 ], "texture": "#color" },
        "north": { "uv": [ 6, 7, 10, 9 ], "texture": "#color" },
        "south": { "uv": [ 6, 7, 10, 9 ], "texture": "#color" },
        "west":  { "uv": [ 7.5, 7, 8.5, 9 ], "texture": "#color" },
        "east":  { "uv": [ 7.5, 7, 8.5, 9 ], "texture": "#color" }
    }
}
],
"display": {
    "thirdperson": {
        "rotation": [ -45, -15, 0 ],
        "translation": [ 0, 2, -2.5 ],
        "scale": [ 0.5, 0.5, 0.5 ]
    },
    "head": {
        "rotation": [ -90, 0, 0 ],
        "translation": [ 0, 4, 0 ],
        "scale": [ 1, 1, 1 ]
    },
    "ground": {
        "rotation": [ 90, 0, 0 ],
        "translation": [ 0, -10, 0 ],
        "scale": [ 2, 2, 2 ]
    },
    "fixed": {
        "rotation": [ 0, 0, 0 ],
        "translation": [ 0, 0, 0 ],
        "scale": [ 2, 2, 2 ]
    },
    "firstperson": {
        "rotation": [ 60, 0, 0 ],
        "translation": [ 0, 0, 0 ],
        "scale": [ 1, 1, 1 ]
    },
    "gui": {
        "rotation": [ 90, 0, 0 ],
        "translation": [ 0, 0, 0 ],
        "scale": [ 1.5, 1.5, 1.5 ]
    }
}
}