{
"__comment": "Designed by Sibsib92 with BDcraft Cubik PRO 0.91 Beta - http://bdcraft.net",
"ambientocclusion": false,
"textures": {
    "particle": "blocks/redstone_torch_on",
    "texture": "blocks/planks_oak",
    "fire": "blocks/fire_layer_0",
    "redstone": "blocks/redstone_block"
},
"elements": [ 
{
    "__comment": "Redstone",
    "from": [ 7.75, 7, 6.6875 ],
    "to": [ 8.25, 8.5, 9.25 ],
    "faces": {
        "down":  { "uv": [ 7.75, 9.75, 8.25, 8.25 ], "texture": "#redstone" },
        "north": { "uv": [ 7.75, 12, 8.25, 13.5 ], "texture": "#redstone" },
        "south": { "uv": [ 7.75, 12, 8.25, 13.5 ], "texture": "#redstone" },
        "west":  { "uv": [ 7.25, 12, 8.75, 13.5 ], "texture": "#redstone" },
        "east":  { "uv": [ 7.25, 12, 8.75, 13.5 ], "texture": "#redstone" }
    }
},
{
    "__comment": "Redstone",
    "from": [ 6.6875, 7, 7.75 ],
    "to": [ 9.25, 8.5, 8.25 ],
    "faces": {
        "down":  { "uv": [ 7.25, 9.25, 8.75, 8.75 ], "texture": "#redstone" },
        "north": { "uv": [ 7.25, 12, 8.75, 13.5 ], "texture": "#redstone" },
        "south": { "uv": [ 7.25, 12, 8.75, 13.5 ], "texture": "#redstone" },
        "west":  { "uv": [ 7.75, 12, 8.25, 13.5 ], "texture": "#redstone" },
        "east":  { "uv": [ 7.75, 12, 8.25, 13.5 ], "texture": "#redstone" }
    }
},
{
    "__comment": "Wood",
    "from": [ 7.5, 4, 7 ],
    "to": [ 8.5, 8, 9 ],
    "faces": {
        "down":  { "uv": [ 10, 8, 11, 6 ], "texture": "#texture" },
        "north": { "uv": [ 7.5, 8, 8.5, 12 ], "texture": "#texture" },
        "south": { "uv": [ 7.5, 8, 8.5, 12 ], "texture": "#texture" },
        "west":  { "uv": [ 7, 8, 9, 12 ], "texture": "#texture" },
        "east":  { "uv": [ 7, 8, 9, 12 ], "texture": "#texture" }
    }
},
{
    "__comment": "Wood",
    "from": [ 7, 4, 7.5 ],
    "to": [ 9, 8, 8.5 ],
    "faces": {
        "down":  { "uv": [ 10, 8, 12, 7 ], "texture": "#texture" },
        "north": { "uv": [ 7, 8, 9, 12 ], "texture": "#texture" },
        "south": { "uv": [ 7, 8, 9, 12 ], "texture": "#texture" },
        "west":  { "uv": [ 7.5, 8, 8.5, 12 ], "texture": "#texture" },
        "east":  { "uv": [ 7.5, 8, 8.5, 12 ], "texture": "#texture" }
    }
},
{
    "__comment": "Wood",
    "from": [ 7.5, 0, 7.5 ],
    "to": [ 8.5, 4, 8.5 ],
    "faces": {
        "down":  { "uv": [ 10, 8, 11, 7 ], "texture": "#texture" },
        "north": { "uv": [ 7.5, 12, 8.5, 16 ], "texture": "#texture" },
        "south": { "uv": [ 7.5, 12, 8.5, 16 ], "texture": "#texture" },
        "west":  { "uv": [ 7.5, 12, 8.5, 16 ], "texture": "#texture" },
        "east":  { "uv": [ 7.5, 12, 8.5, 16 ], "texture": "#texture" }
    }
},
{
    "__comment": "Redstone",
    "from": [ 7.75, 2.5, 7.25 ],
    "to": [ 8.25, 4, 8.75 ],
    "faces": {
        "down":  { "uv": [ 7.75, 9.75, 8.25, 8.25 ], "texture": "#redstone" },
        "north": { "uv": [ 7.75, 12, 8.25, 13.5 ], "texture": "#redstone" },
        "south": { "uv": [ 7.75, 12, 8.25, 13.5 ], "texture": "#redstone" },
        "west":  { "uv": [ 7.25, 12, 8.75, 13.5 ], "texture": "#redstone" },
        "east":  { "uv": [ 7.25, 12, 8.75, 13.5 ], "texture": "#redstone" }
    }
},
{
    "__comment": "Redstone",
    "from": [ 7.25, 2.5, 7.75 ],
    "to": [ 8.75, 4, 8.25 ],
    "faces": {
        "down":  { "uv": [ 7.25, 9.25, 8.75, 8.75 ], "texture": "#redstone" },
        "north": { "uv": [ 7.25, 12, 8.75, 13.5 ], "texture": "#redstone" },
        "south": { "uv": [ 7.25, 12, 8.75, 13.5 ], "texture": "#redstone" },
        "west":  { "uv": [ 7.75, 12, 8.25, 13.5 ], "texture": "#redstone" },
        "east":  { "uv": [ 7.75, 12, 8.25, 13.5 ], "texture": "#redstone" }
    }
},
{
    "__comment": "Fire",
    "from": [ 7, 8, 7 ],
    "to": [ 9, 10, 9 ],
    "faces": {
        "down":  { "uv": [ 7, 16, 9, 14 ], "texture": "#fire" },
        "up":    { "uv": [ 7, 14, 9, 16 ], "texture": "#fire" },
        "north": { "uv": [ 7, 14, 9, 16 ], "texture": "#fire" },
        "south": { "uv": [ 7, 14, 9, 16 ], "texture": "#fire" },
        "west":  { "uv": [ 7, 14, 9, 16 ], "texture": "#fire" },
        "east":  { "uv": [ 7, 14, 9, 16 ], "texture": "#fire" }
    }
},
{
    "__comment": "Fire",
    "from": [ 6.6875, 8.5, 7.5 ],
    "to": [ 9.25, 9.5, 8.5625 ],
    "faces": {
        "down":  { "uv": [ 7, 16, 9, 14 ], "texture": "#fire" },
        "up":    { "uv": [ 7, 14, 9, 16 ], "texture": "#fire" },
        "north": { "uv": [ 7, 14, 9, 16 ], "texture": "#fire" },
        "south": { "uv": [ 7, 14, 9, 16 ], "texture": "#fire" },
        "west":  { "uv": [ 7, 14, 9, 16 ], "texture": "#fire" },
        "east":  { "uv": [ 7, 14, 9, 16 ], "texture": "#fire" }
    }
},
{
    "__comment": "Fire",
    "from": [ 7.5, 8.5, 6.6875 ],
    "to": [ 8.5, 9.5, 9.25 ],
    "faces": {
        "down":  { "uv": [ 7, 16, 9, 14 ], "texture": "#fire" },
        "up":    { "uv": [ 7, 14, 9, 16 ], "texture": "#fire" },
        "north": { "uv": [ 7, 14, 9, 16 ], "texture": "#fire" },
        "south": { "uv": [ 7, 14, 9, 16 ], "texture": "#fire" },
        "west":  { "uv": [ 7, 14, 9, 16 ], "texture": "#fire" },
        "east":  { "uv": [ 7, 14, 9, 16 ], "texture": "#fire" }
    }
},
{
    "__comment": "Fire",
    "from": [ 7.5, 9.9375, 7.5 ],
    "to": [ 8.5, 10.25, 8.5 ],
    "faces": {
        "down":  { "uv": [ 7, 8, 9, 6 ], "texture": "#fire" },
        "up":    { "uv": [ 7, 14, 9, 16 ], "texture": "#fire" },
        "north": { "uv": [ 7, 15, 9, 16 ], "texture": "#fire" },
        "south": { "uv": [ 7, 15, 9, 16 ], "texture": "#fire" },
        "west":  { "uv": [ 7, 15, 9, 16 ], "texture": "#fire" },
        "east":  { "uv": [ 7, 15, 9, 16 ], "texture": "#fire" }
    }
}
],
"display": {
    "thirdperson": {
        "rotation": [ -90, 0, 0 ],
        "translation": [ 0, 0.5, -4 ],
        "scale": [ 1, 1, 1 ]
    },
    "head": {
        "rotation": [ -45, 0, -45 ],
        "translation": [ 5, 5, -5 ],
        "scale": [ 1.25, 1.25, 1.25 ]
    },
    "ground": {
        "rotation": [ 0, 0, 0 ],
        "translation": [ 0, 0, 0 ],
        "scale": [ 2, 2, 2 ]
    },
    "fixed": {
        "rotation": [ 0, 0, 0 ],
        "translation": [ 0, 3, 0 ],
        "scale": [ 2, 2, 2 ]
    },
    "firstperson": {
        "rotation": [ 0, -135, -15 ],
        "translation": [ 0, 5, 2 ],
        "scale": [ 1.7, 1.7, 1.7 ]
    },
    "gui": {
        "rotation": [ 0, 0, 0 ],
        "translation": [ 0, 2, 0 ],
        "scale": [ 2, 2, 2 ]
    }
}
}