{
"__comment": "Designed by Sibsib92 with BDcraft Cubik PRO 0.90 Beta - http://bdcraft.net",
"ambientocclusion": false,
"textures": {
    "particle": "blocks/door_spruce_lower",
    "texture": "blocks/planks_spruce",
    "hinge": "blocks/cauldron_inner"
},
"elements": [ 
{
    "__comment": "Hinge",
    "from": [ -0.25, 4, -0.25 ],
    "to": [ 3.25, 6, 0.75 ],
    "faces": {
        "down":  { "uv": [ 3, 1, 0, 0 ], "texture": "#hinge" },
        "up":    { "uv": [ 0, 0, 3, 1 ], "texture": "#hinge" },
        "north": { "uv": [ 0, 0, 3, 2 ], "texture": "#hinge" },
        "south": { "uv": [ 0, 0, 3, 2 ], "texture": "#hinge" },
        "west":  { "uv": [ 0, 0, 1, 2 ], "texture": "#hinge" },
        "east":  { "uv": [ 0, 0, 1, 2 ], "texture": "#hinge" }
    }
},
{
    "__comment": "Hinge",
    "from": [ -0.25, 15, -0.25 ],
    "to": [ 3.25, 17, 0.75 ],
    "faces": {
        "down":  { "uv": [ 3, 1, 0, 0 ], "texture": "#hinge" },
        "up":    { "uv": [ 0, 0, 3, 1 ], "texture": "#hinge" },
        "north": { "uv": [ 0, 0, 3, 2 ], "texture": "#hinge" },
        "south": { "uv": [ 0, 0, 3, 2 ], "texture": "#hinge" },
        "west":  { "uv": [ 0, 0, 1, 2 ], "texture": "#hinge" },
        "east":  { "uv": [ 0, 0, 1, 2 ], "texture": "#hinge" }
    }
},
{
    "__comment": "Hinge",
    "from": [ -0.25, 26, -0.25 ],
    "to": [ 3.25, 28, 0.75 ],
    "faces": {
        "down":  { "uv": [ 3, 1, 0, 0 ], "texture": "#hinge" },
        "up":    { "uv": [ 0, 0, 3, 1 ], "texture": "#hinge" },
        "north": { "uv": [ 0, 0, 3, 2 ], "texture": "#hinge" },
        "south": { "uv": [ 0, 0, 3, 2 ], "texture": "#hinge" },
        "west":  { "uv": [ 0, 0, 1, 2 ], "texture": "#hinge" },
        "east":  { "uv": [ 0, 0, 1, 2 ], "texture": "#hinge" }
    }
},
{
    "__comment": "Hinge extra",
    "from": [ 0.5, 14.5, 2 ],
    "to": [ 2, 16, 14 ],
    "rotation": { "origin": [ 0.5, 16, 2 ], "axis": "z", "angle": 45 },
    "faces": {
        "down":  { "uv": [ 14.5, 14, 13, 2 ], "texture": "#hinge" },
        "up":    { "uv": [ 1.5, 2, 3, 14 ], "texture": "#hinge" },
        "west":  { "uv": [ 2, 0, 14, 1.5 ], "texture": "#hinge" },
        "east":  { "uv": [ 2, 0, 14, 1.5 ], "texture": "#hinge" }
    }
},
{
    "__comment": "Hinge extra",
    "from": [ 0.5, 3.5, 2 ],
    "to": [ 2, 5, 14 ],
    "rotation": { "origin": [ 0.5, 5, 2 ], "axis": "z", "angle": 45 },
    "faces": {
        "down":  { "uv": [ 14.5, 14, 13, 2 ], "texture": "#hinge" },
        "up":    { "uv": [ 1.5, 2, 3, 14 ], "texture": "#hinge" },
        "west":  { "uv": [ 2, 0, 14, 1.5 ], "texture": "#hinge" },
        "east":  { "uv": [ 2, 0, 14, 1.5 ], "texture": "#hinge" }
    }
},
{
    "__comment": "Hinge extra",
    "from": [ 0.5, 25.5, 2 ],
    "to": [ 2, 27, 14 ],
    "rotation": { "origin": [ 0.5, 27, 2 ], "axis": "z", "angle": 45 },
    "faces": {
        "down":  { "uv": [ 14.5, 14, 13, 2 ], "texture": "#hinge" },
        "up":    { "uv": [ 1.5, 2, 3, 14 ], "texture": "#hinge" },
        "west":  { "uv": [ 2, 0, 14, 1.5 ], "texture": "#hinge" },
        "east":  { "uv": [ 2, 0, 14, 1.5 ], "texture": "#hinge" }
    }
},
{
    "__comment": "Handle",
    "from": [ 3.5, 14, 10 ],
    "to": [ 4.5, 16, 11 ],
    "faces": {
        "down":  { "uv": [ 12, 15, 11, 14 ], "texture": "#hinge" },
        "up":    { "uv": [ 4, 14, 5, 15 ], "texture": "#hinge" },
        "north": { "uv": [ 11, 14, 12, 16 ], "texture": "#hinge" },
        "south": { "uv": [ 4, 14, 5, 16 ], "texture": "#hinge" },
        "west":  { "uv": [ 14, 14, 15, 16 ], "texture": "#hinge" },
        "east":  { "uv": [ 1, 14, 2, 16 ], "texture": "#hinge" }
    }
},
{
    "__comment": "Handle",
    "from": [ 3.5, 14, 13 ],
    "to": [ 4.5, 16, 14 ],
    "faces": {
        "down":  { "uv": [ 12, 15, 11, 14 ], "texture": "#hinge" },
        "up":    { "uv": [ 4, 14, 5, 15 ], "texture": "#hinge" },
        "north": { "uv": [ 11, 14, 12, 16 ], "texture": "#hinge" },
        "south": { "uv": [ 4, 14, 5, 16 ], "texture": "#hinge" },
        "west":  { "uv": [ 14, 14, 15, 16 ], "texture": "#hinge" },
        "east":  { "uv": [ 1, 14, 2, 16 ], "texture": "#hinge" }
    }
},
{
    "__comment": "Handle",
    "from": [ 3.5, 16, 11 ],
    "to": [ 4.5, 17, 13 ],
    "faces": {
        "down":  { "uv": [ 12, 13, 11, 11 ], "texture": "#hinge" },
        "up":    { "uv": [ 4, 11, 5, 13 ], "texture": "#hinge" },
        "north": { "uv": [ 11, 12, 12, 13 ], "texture": "#hinge" },
        "south": { "uv": [ 4, 12, 5, 13 ], "texture": "#hinge" },
        "west":  { "uv": [ 11, 12, 13, 13 ], "texture": "#hinge" },
        "east":  { "uv": [ 3, 12, 5, 13 ], "texture": "#hinge" }
    }
},
{
    "__comment": "Handle",
    "from": [ 3.5, 13, 11 ],
    "to": [ 4.5, 14, 13 ],
    "faces": {
        "down":  { "uv": [ 12, 13, 11, 11 ], "texture": "#hinge" },
        "up":    { "uv": [ 4, 11, 5, 13 ], "texture": "#hinge" },
        "north": { "uv": [ 11, 12, 12, 13 ], "texture": "#hinge" },
        "south": { "uv": [ 4, 12, 5, 13 ], "texture": "#hinge" },
        "west":  { "uv": [ 11, 12, 13, 13 ], "texture": "#hinge" },
        "east":  { "uv": [ 3, 12, 5, 13 ], "texture": "#hinge" }
    }
},
{
    "__comment": "Handle",
    "from": [ -0.5, 16.25, 11.75 ],
    "to": [ 3.5, 16.75, 12.25 ],
    "faces": {
        "down":  { "uv": [ 16, 14.5, 12, 14 ], "texture": "#hinge" },
        "up":    { "uv": [ 0, 14, 4, 14.5 ], "texture": "#hinge" },
        "north": { "uv": [ 12, 15.25, 16, 15.75 ], "texture": "#hinge" },
        "south": { "uv": [ 0, 15.25, 4, 15.75 ], "texture": "#hinge" }
    }
},
{
    "__comment": "Handle",
    "from": [ -1.5, 14, 10 ],
    "to": [ -0.5, 16, 11 ],
    "faces": {
        "down":  { "uv": [ 12, 15, 11, 14 ], "texture": "#hinge" },
        "up":    { "uv": [ 4, 14, 5, 15 ], "texture": "#hinge" },
        "north": { "uv": [ 11, 14, 12, 16 ], "texture": "#hinge" },
        "south": { "uv": [ 4, 14, 5, 16 ], "texture": "#hinge" },
        "west":  { "uv": [ 14, 14, 15, 16 ], "texture": "#hinge" },
        "east":  { "uv": [ 1, 14, 2, 16 ], "texture": "#hinge" }
    }
},
{
    "__comment": "Handle",
    "from": [ -1.5, 14, 13 ],
    "to": [ -0.5, 16, 14 ],
    "faces": {
        "down":  { "uv": [ 12, 15, 11, 14 ], "texture": "#hinge" },
        "up":    { "uv": [ 4, 14, 5, 15 ], "texture": "#hinge" },
        "north": { "uv": [ 11, 14, 12, 16 ], "texture": "#hinge" },
        "south": { "uv": [ 4, 14, 5, 16 ], "texture": "#hinge" },
        "west":  { "uv": [ 14, 14, 15, 16 ], "texture": "#hinge" },
        "east":  { "uv": [ 1, 14, 2, 16 ], "texture": "#hinge" }
    }
},
{
    "__comment": "Handle",
    "from": [ -1.5, 16, 11 ],
    "to": [ -0.5, 17, 13 ],
    "faces": {
        "down":  { "uv": [ 12, 13, 11, 11 ], "texture": "#hinge" },
        "up":    { "uv": [ 4, 11, 5, 13 ], "texture": "#hinge" },
        "north": { "uv": [ 11, 12, 12, 13 ], "texture": "#hinge" },
        "south": { "uv": [ 4, 12, 5, 13 ], "texture": "#hinge" },
        "west":  { "uv": [ 11, 12, 13, 13 ], "texture": "#hinge" },
        "east":  { "uv": [ 3, 12, 5, 13 ], "texture": "#hinge" }
    }
},
{
    "__comment": "Handle",
    "from": [ -1.5, 13, 11 ],
    "to": [ -0.5, 14, 13 ],
    "faces": {
        "down":  { "uv": [ 12, 13, 11, 11 ], "texture": "#hinge" },
        "up":    { "uv": [ 4, 11, 5, 13 ], "texture": "#hinge" },
        "north": { "uv": [ 11, 12, 12, 13 ], "texture": "#hinge" },
        "south": { "uv": [ 4, 12, 5, 13 ], "texture": "#hinge" },
        "west":  { "uv": [ 11, 12, 13, 13 ], "texture": "#hinge" },
        "east":  { "uv": [ 3, 12, 5, 13 ], "texture": "#hinge" }
    }
},
{
    "__comment": "Door Bot",
    "from": [ 0, 2, 14 ],
    "to": [ 3, 16, 16 ],
    "faces": {
        "north": { "uv": [ 13, 0, 16, 14 ], "texture": "#texture" },
        "south": { "uv": [ 0, 0, 3, 14 ], "texture": "#texture" },
        "west":  { "uv": [ 14, 0, 16, 14 ], "texture": "#texture" },
        "east":  { "uv": [ 0, 0, 2, 14 ], "texture": "#texture" }
    }
},
{
    "__comment": "Door Bot",
    "from": [ 0, 2, 0 ],
    "to": [ 3, 16, 2 ],
    "faces": {
        "north": { "uv": [ 13, 0, 16, 14 ], "texture": "#texture" },
        "south": { "uv": [ 0, 0, 3, 14 ], "texture": "#texture" },
        "west":  { "uv": [ 0, 0, 2, 14 ], "texture": "#texture" },
        "east":  { "uv": [ 14, 0, 16, 14 ], "texture": "#texture" }
    }
},
{
    "__comment": "Door Bot",
    "from": [ 0, 0, 0 ],
    "to": [ 3, 2, 16 ],
    "faces": {
        "down":  { "uv": [ 16, 15, 0, 12 ], "rotation": 90, "texture": "#texture" },
        "up":    { "uv": [ 0, 4, 16, 7 ], "rotation": 90, "texture": "#texture" },
        "north": { "uv": [ 13, 14, 16, 16 ], "texture": "#texture" },
        "south": { "uv": [ 0, 14, 3, 16 ], "texture": "#texture" },
        "west":  { "uv": [ 0, 14, 16, 16 ], "texture": "#texture" },
        "east":  { "uv": [ 0, 14, 16, 16 ], "texture": "#texture" }
    }
},
{
    "__comment": "Door Top",
    "from": [ 0, 16, 14 ],
    "to": [ 3, 30, 16 ],
    "faces": {
        "north": { "uv": [ 13, 2, 16, 16 ], "texture": "#texture" },
        "south": { "uv": [ 0, 2, 3, 16 ], "texture": "#texture" },
        "west":  { "uv": [ 14, 2, 16, 16 ], "texture": "#texture" },
        "east":  { "uv": [ 0, 2, 2, 16 ], "texture": "#texture" }
    }
},
{
    "__comment": "Door Top",
    "from": [ 0, 16, 0 ],
    "to": [ 3, 30, 2 ],
    "faces": {
        "north": { "uv": [ 13, 2, 16, 16 ], "texture": "#texture" },
        "south": { "uv": [ 0, 2, 3, 16 ], "texture": "#texture" },
        "west":  { "uv": [ 0, 2, 2, 16 ], "texture": "#texture" },
        "east":  { "uv": [ 14, 2, 16, 16 ], "texture": "#texture" }
    }
},
{
    "__comment": "Door Top",
    "from": [ 0, 30, 0 ],
    "to": [ 3, 32, 16 ],
    "faces": {
        "down":  { "uv": [ 16, 15, 0, 12 ], "rotation": 90, "texture": "#texture" },
        "up":    { "uv": [ 0, 0, 16, 3 ], "rotation": 90, "texture": "#texture" },
        "north": { "uv": [ 13, 0, 16, 2 ], "texture": "#texture" },
        "south": { "uv": [ 0, 0, 3, 2 ], "texture": "#texture" },
        "west":  { "uv": [ 0, 0, 16, 2 ], "texture": "#texture" },
        "east":  { "uv": [ 0, 0, 16, 2 ], "texture": "#texture" }
    }
},
{
    "__comment": "Bot Diag Mid",
    "from": [ 0.5, 2, 3 ],
    "to": [ 2, 16, 4.5 ],
    "rotation": { "origin": [ 0.5, 2, 3 ], "axis": "y", "angle": 45 },
    "faces": {
        "north": { "uv": [ 2, 0, 3, 14 ], "texture": "#texture" },
        "south": { "uv": [ 12, 0, 13, 14 ], "texture": "#texture" },
        "west":  { "uv": [ 3, 0, 4, 14 ], "texture": "#texture" },
        "east":  { "uv": [ 13, 0, 14, 14 ], "texture": "#texture" }
    }
},
{
    "__comment": "Bot Diag Mid",
    "from": [ 0.5, 2, 5 ],
    "to": [ 2, 16, 6.5 ],
    "rotation": { "origin": [ 0.5, 2, 5 ], "axis": "y", "angle": 45 },
    "faces": {
        "north": { "uv": [ 4, 0, 5, 14 ], "texture": "#texture" },
        "south": { "uv": [ 10, 0, 11, 14 ], "texture": "#texture" },
        "west":  { "uv": [ 5, 0, 6, 14 ], "texture": "#texture" },
        "east":  { "uv": [ 11, 0, 12, 14 ], "texture": "#texture" }
    }
},
{
    "__comment": "Bot Diag Mid",
    "from": [ 0.5, 2, 7 ],
    "to": [ 2, 16, 8.5 ],
    "rotation": { "origin": [ 0.5, 2, 7 ], "axis": "y", "angle": 45 },
    "faces": {
        "north": { "uv": [ 6, 0, 7, 14 ], "texture": "#texture" },
        "south": { "uv": [ 8, 0, 9, 14 ], "texture": "#texture" },
        "west":  { "uv": [ 7, 0, 8, 14 ], "texture": "#texture" },
        "east":  { "uv": [ 9, 0, 10, 14 ], "texture": "#texture" }
    }
},
{
    "__comment": "Bot Diag Mid",
    "from": [ 0.5, 2, 9 ],
    "to": [ 2, 16, 10.5 ],
    "rotation": { "origin": [ 0.5, 2, 9 ], "axis": "y", "angle": 45 },
    "faces": {
        "north": { "uv": [ 8, 0, 9, 14 ], "texture": "#texture" },
        "south": { "uv": [ 6, 0, 7, 14 ], "texture": "#texture" },
        "west":  { "uv": [ 9, 0, 10, 14 ], "texture": "#texture" },
        "east":  { "uv": [ 7, 0, 8, 14 ], "texture": "#texture" }
    }
},
{
    "__comment": "Bot Diag Mid",
    "from": [ 0.5, 2, 11 ],
    "to": [ 2, 16, 12.5 ],
    "rotation": { "origin": [ 0.5, 2, 11 ], "axis": "y", "angle": 45 },
    "faces": {
        "north": { "uv": [ 10, 0, 11, 14 ], "texture": "#texture" },
        "south": { "uv": [ 4, 0, 5, 14 ], "texture": "#texture" },
        "west":  { "uv": [ 11, 0, 12, 14 ], "texture": "#texture" },
        "east":  { "uv": [ 5, 0, 6, 14 ], "texture": "#texture" }
    }
},
{
    "__comment": "Bot Diag Mid",
    "from": [ 0.5, 2, 13 ],
    "to": [ 2, 16, 14.5 ],
    "rotation": { "origin": [ 0.5, 2, 13 ], "axis": "y", "angle": 45 },
    "faces": {
        "north": { "uv": [ 12, 0, 13, 14 ], "texture": "#texture" },
        "south": { "uv": [ 2, 0, 3, 14 ], "texture": "#texture" },
        "west":  { "uv": [ 13, 0, 14, 14 ], "texture": "#texture" },
        "east":  { "uv": [ 3, 0, 4, 14 ], "texture": "#texture" }
    }
},
{
    "__comment": "Bot Diag Top",
    "from": [ 0.5, 16, 3 ],
    "to": [ 2, 30, 4.5 ],
    "rotation": { "origin": [ 0.5, 16, 3 ], "axis": "y", "angle": 45 },
    "faces": {
        "north": { "uv": [ 2, 2, 3, 16 ], "texture": "#texture" },
        "south": { "uv": [ 12, 2, 13, 16 ], "texture": "#texture" },
        "west":  { "uv": [ 3, 2, 4, 16 ], "texture": "#texture" },
        "east":  { "uv": [ 13, 2, 14, 16 ], "texture": "#texture" }
    }
},
{
    "__comment": "Bot Diag Top",
    "from": [ 0.5, 16, 5 ],
    "to": [ 2, 30, 6.5 ],
    "rotation": { "origin": [ 0.5, 16, 5 ], "axis": "y", "angle": 45 },
    "faces": {
        "north": { "uv": [ 4, 2, 5, 16 ], "texture": "#texture" },
        "south": { "uv": [ 10, 2, 11, 16 ], "texture": "#texture" },
        "west":  { "uv": [ 5, 2, 6, 16 ], "texture": "#texture" },
        "east":  { "uv": [ 11, 2, 12, 16 ], "texture": "#texture" }
    }
},
{
    "__comment": "Bot Diag Top",
    "from": [ 0.5, 16, 7 ],
    "to": [ 2, 30, 8.5 ],
    "rotation": { "origin": [ 0.5, 16, 7 ], "axis": "y", "angle": 45 },
    "faces": {
        "north": { "uv": [ 6, 2, 7, 16 ], "texture": "#texture" },
        "south": { "uv": [ 8, 2, 9, 16 ], "texture": "#texture" },
        "west":  { "uv": [ 7, 2, 8, 16 ], "texture": "#texture" },
        "east":  { "uv": [ 9, 2, 10, 16 ], "texture": "#texture" }
    }
},
{
    "__comment": "Bot Diag Top",
    "from": [ 0.5, 16, 9 ],
    "to": [ 2, 30, 10.5 ],
    "rotation": { "origin": [ 0.5, 16, 9 ], "axis": "y", "angle": 45 },
    "faces": {
        "north": { "uv": [ 8, 2, 9, 16 ], "texture": "#texture" },
        "south": { "uv": [ 6, 2, 7, 16 ], "texture": "#texture" },
        "west":  { "uv": [ 9, 2, 10, 16 ], "texture": "#texture" },
        "east":  { "uv": [ 7, 2, 8, 16 ], "texture": "#texture" }
    }
},
{
    "__comment": "Bot Diag Top",
    "from": [ 0.5, 16, 11 ],
    "to": [ 2, 30, 12.5 ],
    "rotation": { "origin": [ 0.5, 16, 11 ], "axis": "y", "angle": 45 },
    "faces": {
        "north": { "uv": [ 10, 2, 11, 16 ], "texture": "#texture" },
        "south": { "uv": [ 4, 2, 5, 16 ], "texture": "#texture" },
        "west":  { "uv": [ 11, 2, 12, 16 ], "texture": "#texture" },
        "east":  { "uv": [ 5, 2, 6, 16 ], "texture": "#texture" }
    }
},
{
    "__comment": "Bot Diag Top",
    "from": [ 0.5, 16, 13 ],
    "to": [ 2, 30, 14.5 ],
    "rotation": { "origin": [ 0.5, 16, 13 ], "axis": "y", "angle": 45 },
    "faces": {
        "north": { "uv": [ 12, 2, 13, 16 ], "texture": "#texture" },
        "south": { "uv": [ 2, 2, 3, 16 ], "texture": "#texture" },
        "west":  { "uv": [ 13, 2, 14, 16 ], "texture": "#texture" },
        "east":  { "uv": [ 3, 2, 4, 16 ], "texture": "#texture" }
    }
}
],
"display": {
    "thirdperson": {
        "rotation": [ 90, -180, 0 ],
        "translation": [ -1, 3, 0 ],
        "scale": [ 0.5, 0.5, 0.5 ]
    },
    "head": {
        "rotation": [ 0, -90, 0 ],
        "translation": [ 0, 7, 3 ],
        "scale": [ 1, 1, 1 ]
    },
    "ground": {
        "rotation": [ 0, 0, 0 ],
        "translation": [ 3, 0, 0 ],
        "scale": [ 1, 1, 1 ]
    },
    "fixed": {
        "rotation": [ 0, -90, 0 ],
        "translation": [ 0, -4, 3 ],
        "scale": [ 1, 1, 1 ]
    },
    "firstperson": {
        "rotation": [ -35, -35, 0 ],
        "translation": [ 0, -2, 4 ],
        "scale": [ 1, 1, 1 ]
    },
    "gui": {
        "rotation": [ 0, -115, 0 ],
        "translation": [ 0, -1.5, 0 ],
        "scale": [ 0.75, 0.75, 0.75 ]
    }
}
}