{
"__comment": "3D Models by Sibsib92 with BDcraft Cubik PRO 0.87 Beta - http://bdcraft.net",
"ambientocclusion": false,
"textures": {
    "particle": "blocks/rail_activator_powered",
    "texture": "blocks/planks_oak",
    "inner": "blocks/anvil_base",
    "outer": "blocks/iron_block",
    "redstone": "blocks/redstone_block"
},
"elements": [ 
{
    "__comment": "Wood",
    "from": [ 1, 0, 1 ],
    "to": [ 15, 1, 3 ],
    "faces": {
        "down":  { "uv": [ 1, 3, 15, 1 ], "texture": "#texture" },
        "up":    { "uv": [ 1, 1, 15, 3 ], "texture": "#texture" },
        "north": { "uv": [ 15, 1, 1, 2 ], "texture": "#texture" },
        "south": { "uv": [ 1, 2, 15, 3 ], "texture": "#texture" },
        "west":  { "uv": [ 1, 3, 2, 1 ], "rotation": 90, "texture": "#texture" },
        "east":  { "uv": [ 14, 1, 15, 3 ], "rotation": 90, "texture": "#texture" }
    }
},
{
    "__comment": "Wood",
    "from": [ 1, 0, 13 ],
    "to": [ 15, 1, 15 ],
    "faces": {
        "down":  { "uv": [ 1, 15, 15, 13 ], "texture": "#texture" },
        "up":    { "uv": [ 1, 13, 15, 15 ], "texture": "#texture" },
        "north": { "uv": [ 15, 13, 1, 14 ], "texture": "#texture" },
        "south": { "uv": [ 1, 14, 15, 15 ], "texture": "#texture" },
        "west":  { "uv": [ 1, 15, 2, 13 ], "rotation": 90, "texture": "#texture" },
        "east":  { "uv": [ 14, 13, 15, 15 ], "rotation": 90, "texture": "#texture" }
    }
},
{
    "__comment": "Inner",
    "from": [ 3, 1, 0 ],
    "to": [ 4, 2, 16 ],
    "faces": {
        "down":  { "uv": [ 1, 16, 0, 0 ], "texture": "#inner" },
        "up":    { "uv": [ 0, 0, 1, 16 ], "texture": "#inner" },
        "north": { "uv": [ 0, 0, 1, 1 ], "texture": "#inner" },
        "south": { "uv": [ 0, 15, 1, 16 ], "texture": "#inner" },
        "east":  { "uv": [ 0, 0, 1, 16 ], "rotation": 90, "texture": "#inner" }
    }
},
{
    "__comment": "Inner",
    "from": [ 12, 1, 0 ],
    "to": [ 13, 2, 16 ],
    "faces": {
        "down":  { "uv": [ 1, 16, 0, 0 ], "texture": "#inner" },
        "up":    { "uv": [ 0, 0, 1, 16 ], "texture": "#inner" },
        "north": { "uv": [ 0, 0, 1, 1 ], "texture": "#inner" },
        "south": { "uv": [ 0, 15, 1, 16 ], "texture": "#inner" },
        "west":  { "uv": [ 0, 16, 1, 0 ], "rotation": 90, "texture": "#inner" }
    }
},
{
    "__comment": "Outer",
    "from": [ 2, 1, 0 ],
    "to": [ 3, 2.5, 16 ],
    "faces": {
        "down":  { "uv": [ 16, 0, 0, 1 ], "rotation": 90, "texture": "#outer" },
        "up":    { "uv": [ 0, 0, 16, 1 ], "rotation": 90, "texture": "#outer" },
        "north": { "uv": [ 15, 0, 16, 1 ], "texture": "#outer" },
        "south": { "uv": [ 0, 0, 1, 1 ], "texture": "#outer" },
        "west":  { "uv": [ 0, 0, 16, 1 ], "texture": "#outer" },
        "east":  { "uv": [ 16, 0, 0, 1 ], "texture": "#outer" }
    }
},
{
    "__comment": "Outer",
    "from": [ 13, 1, 0 ],
    "to": [ 14, 2.5, 16 ],
    "faces": {
        "down":  { "uv": [ 16, 0, 0, 1 ], "rotation": 90, "texture": "#outer" },
        "up":    { "uv": [ 0, 0, 16, 1 ], "rotation": 90, "texture": "#outer" },
        "north": { "uv": [ 15, 0, 16, 1 ], "texture": "#outer" },
        "south": { "uv": [ 0, 0, 1, 1 ], "texture": "#outer" },
        "west":  { "uv": [ 0, 0, 16, 1 ], "texture": "#outer" },
        "east":  { "uv": [ 16, 0, 0, 1 ], "texture": "#outer" }
    }
},
{
    "__comment": "Redstone",
    "from": [ 7, 0.25, 0 ],
    "to": [ 9, 0.75, 16 ],
    "faces": {
        "down":  { "uv": [ 9, 16, 7, 0 ], "texture": "#redstone" },
        "up":    { "uv": [ 7, 0, 9, 16 ], "texture": "#redstone" },
        "north": { "uv": [ 7, 15.25, 9, 15.75 ], "texture": "#redstone" },
        "south": { "uv": [ 7, 15.25, 9, 15.75 ], "texture": "#redstone" },
        "west":  { "uv": [ 0, 15.25, 16, 15.75 ], "texture": "#redstone" },
        "east":  { "uv": [ 0, 15.25, 16, 15.75 ], "texture": "#redstone" }
    }
},
{
    "__comment": "Redstone",
    "from": [ 4, 1, 1 ],
    "to": [ 6, 1.5, 3 ],
    "faces": {
        "up":    { "uv": [ 4, 1, 6, 3 ], "texture": "#redstone" },
        "north": { "uv": [ 10, 14.5, 12, 15 ], "texture": "#redstone" },
        "south": { "uv": [ 4, 14.5, 6, 15 ], "texture": "#redstone" },
        "east":  { "uv": [ 13, 14.5, 15, 15 ], "texture": "#redstone" }
    }
},
{
    "__comment": "Redstone",
    "from": [ 10, 1, 1 ],
    "to": [ 12, 1.5, 3 ],
    "faces": {
        "up":    { "uv": [ 10, 1, 12, 3 ], "texture": "#redstone" },
        "north": { "uv": [ 4, 14.5, 6, 15 ], "texture": "#redstone" },
        "south": { "uv": [ 10, 14.5, 12, 15 ], "texture": "#redstone" },
        "west":  { "uv": [ 1, 14.5, 3, 15 ], "texture": "#redstone" }
    }
},
{
    "__comment": "Redstone",
    "from": [ 4, 1, 13 ],
    "to": [ 6, 1.5, 15 ],
    "faces": {
        "up":    { "uv": [ 4, 13, 6, 15 ], "texture": "#redstone" },
        "north": { "uv": [ 10, 14.5, 12, 15 ], "texture": "#redstone" },
        "south": { "uv": [ 4, 14.5, 6, 15 ], "texture": "#redstone" },
        "east":  { "uv": [ 1, 14.5, 3, 15 ], "texture": "#redstone" }
    }
},
{
    "__comment": "Redstone",
    "from": [ 10, 1, 13 ],
    "to": [ 12, 1.5, 15 ],
    "faces": {
        "up":    { "uv": [ 10, 13, 12, 15 ], "texture": "#redstone" },
        "north": { "uv": [ 4, 14.5, 6, 15 ], "texture": "#redstone" },
        "south": { "uv": [ 10, 14.5, 12, 15 ], "texture": "#redstone" },
        "west":  { "uv": [ 13, 14.5, 15, 15 ], "texture": "#redstone" }
    }
}
]
}