{
"__comment": "Designed by Sibsib92 with BDcraft Cubik PRO 0.85 Beta - http://bdcraft.net",
"ambientocclusion": false,
"textures": {
    "particle": "blocks/iron_bars"
},
"elements": [ 
{
    "__comment": "Horizontal",
    "from": [ 0, 1.6875, 7 ],
    "to": [ 16, 3, 8.375 ],
    "rotation": { "origin": [ 0, 3, 7 ], "axis": "x", "angle": -45 },
    "faces": {
        "down":  { "uv": [ 7.5, 16, 8, 0 ], "rotation": 270, "texture": "#particle" },
        "up":    { "uv": [ 7, 0, 7.5, 16 ], "rotation": 90, "texture": "#particle" },
        "north": { "uv": [ 7, 16, 7.5, 0 ], "rotation": 90, "texture": "#particle" },
        "south": { "uv": [ 7.5, 0, 8, 16 ], "rotation": 90, "texture": "#particle" },
        "west":  { "uv": [ 8.5, 15.5, 9, 16 ], "texture": "#particle" },
        "east":  { "uv": [ 8.5, 0, 9, 0.5 ], "texture": "#particle" }
    }
},
{
    "__comment": "Horizontal",
    "from": [ 0, 12.5, 7.625 ],
    "to": [ 16, 13, 8.125 ],
    "rotation": { "origin": [ 0, 13, 7.625 ], "axis": "x", "angle": -45 },
    "faces": {
        "down":  { "uv": [ 8.5, 16, 9, 0 ], "rotation": 270, "texture": "#particle" },
        "up":    { "uv": [ 8.5, 0, 9, 16 ], "rotation": 90, "texture": "#particle" },
        "north": { "uv": [ 8.5, 16, 9, 0 ], "rotation": 90, "texture": "#particle" },
        "south": { "uv": [ 8.5, 0, 9, 16 ], "rotation": 90, "texture": "#particle" },
        "west":  { "uv": [ 8.5, 15.5, 9, 16 ], "texture": "#particle" },
        "east":  { "uv": [ 8.5, 0, 9, 0.5 ], "texture": "#particle" }
    }
},
{
    "__comment": "Horizontal",
    "from": [ 7, 1.6875, 0 ],
    "to": [ 8.375, 3, 16 ],
    "rotation": { "origin": [ 7, 3, 0 ], "axis": "z", "angle": 45 },
    "faces": {
        "down":  { "uv": [ 7.5, 16, 8, 0 ], "texture": "#particle" },
        "up":    { "uv": [ 7, 0, 7.5, 16 ], "texture": "#particle" },
        "north": { "uv": [ 8.5, 0, 9, 0.5 ], "texture": "#particle" },
        "south": { "uv": [ 8.5, 15.5, 9, 16 ], "texture": "#particle" },
        "west":  { "uv": [ 7, 16, 7.5, 0 ], "rotation": 90, "texture": "#particle" },
        "east":  { "uv": [ 7.5, 0, 8, 16 ], "rotation": 90, "texture": "#particle" }
    }
},
{
    "__comment": "Horizontal",
    "from": [ 7.625, 12.5, 0 ],
    "to": [ 8.125, 13, 16 ],
    "rotation": { "origin": [ 7.625, 13, 0 ], "axis": "z", "angle": 45 },
    "faces": {
        "down":  { "uv": [ 8.5, 16, 9, 0 ], "texture": "#particle" },
        "up":    { "uv": [ 8.5, 0, 9, 16 ], "texture": "#particle" },
        "north": { "uv": [ 8.5, 0, 9, 0.5 ], "texture": "#particle" },
        "south": { "uv": [ 8.5, 15.5, 9, 16 ], "texture": "#particle" },
        "west":  { "uv": [ 8.5, 16, 9, 0 ], "rotation": 90, "texture": "#particle" },
        "east":  { "uv": [ 8.5, 0, 9, 16 ], "rotation": 90, "texture": "#particle" }
    }
},
{
    "__comment": "Vertical",
    "from": [ 12.5, 0, 7 ],
    "to": [ 13.5, 16, 9 ],
    "faces": {
        "down":  { "uv": [ 3, 4, 4, 2 ], "texture": "#particle" },
        "up":    { "uv": [ 15, 7, 16, 9 ], "texture": "#particle" },
        "north": { "uv": [ 13, 0, 12, 16 ], "texture": "#particle" },
        "south": { "uv": [ 13, 0, 14, 16 ], "texture": "#particle" },
        "west":  { "uv": [ 12, 0, 14, 16 ], "texture": "#particle" },
        "east":  { "uv": [ 14, 0, 12, 16 ], "texture": "#particle" }
    }
},
{
    "__comment": "Vertical",
    "from": [ 12, 0, 7.5 ],
    "to": [ 14, 16, 8.5 ],
    "faces": {
        "down":  { "uv": [ 3, 4, 4, 2 ], "texture": "#particle" },
        "up":    { "uv": [ 15, 7, 16, 9 ], "texture": "#particle" },
        "north": { "uv": [ 13, 0, 12, 16 ], "texture": "#particle" },
        "south": { "uv": [ 13, 0, 14, 16 ], "texture": "#particle" },
        "west":  { "uv": [ 12, 0, 14, 16 ], "texture": "#particle" },
        "east":  { "uv": [ 14, 0, 12, 16 ], "texture": "#particle" }
    }
},
{
    "__comment": "Vertical",
    "from": [ 2.5, 0, 7 ],
    "to": [ 3.5, 16, 9 ],
    "faces": {
        "down":  { "uv": [ 3, 4, 4, 2 ], "texture": "#particle" },
        "up":    { "uv": [ 13, 11, 14, 13 ], "texture": "#particle" },
        "north": { "uv": [ 3, 0, 2, 16 ], "texture": "#particle" },
        "south": { "uv": [ 3, 0, 4, 16 ], "texture": "#particle" },
        "west":  { "uv": [ 2, 0, 4, 16 ], "texture": "#particle" },
        "east":  { "uv": [ 4, 0, 2, 16 ], "texture": "#particle" }
    }
},
{
    "__comment": "Vertical",
    "from": [ 2, 0, 7.5 ],
    "to": [ 4, 16, 8.5 ],
    "faces": {
        "down":  { "uv": [ 3, 4, 4, 2 ], "texture": "#particle" },
        "up":    { "uv": [ 13, 11, 14, 13 ], "texture": "#particle" },
        "north": { "uv": [ 3, 0, 2, 16 ], "texture": "#particle" },
        "south": { "uv": [ 3, 0, 4, 16 ], "texture": "#particle" },
        "west":  { "uv": [ 2, 0, 4, 16 ], "texture": "#particle" },
        "east":  { "uv": [ 4, 0, 2, 16 ], "texture": "#particle" }
    }
},
{
    "__comment": "Vertical",
    "from": [ 7.5, 0, 7 ],
    "to": [ 8.5, 16, 9 ],
    "faces": {
        "down":  { "uv": [ 3, 4, 4, 2 ], "texture": "#particle" },
        "up":    { "uv": [ 15, 7, 16, 9 ], "texture": "#particle" },
        "north": { "uv": [ 8, 0, 7, 16 ], "texture": "#particle" },
        "south": { "uv": [ 8, 0, 9, 16 ], "texture": "#particle" },
        "west":  { "uv": [ 7, 0, 9, 16 ], "texture": "#particle" },
        "east":  { "uv": [ 9, 0, 7, 16 ], "texture": "#particle" }
    }
},
{
    "__comment": "Vertical",
    "from": [ 7.5, 0, 2 ],
    "to": [ 8.5, 16, 4 ],
    "faces": {
        "down":  { "uv": [ 3, 4, 4, 2 ], "texture": "#particle" },
        "up":    { "uv": [ 13, 11, 14, 13 ], "texture": "#particle" },
        "north": { "uv": [ 3, 0, 2, 16 ], "texture": "#particle" },
        "south": { "uv": [ 3, 0, 4, 16 ], "texture": "#particle" },
        "west":  { "uv": [ 2, 0, 4, 16 ], "texture": "#particle" },
        "east":  { "uv": [ 4, 0, 2, 16 ], "texture": "#particle" }
    }
},
{
    "__comment": "Vertical",
    "from": [ 7.5, 0, 12 ],
    "to": [ 8.5, 16, 14 ],
    "faces": {
        "down":  { "uv": [ 3, 4, 4, 2 ], "texture": "#particle" },
        "up":    { "uv": [ 15, 7, 16, 9 ], "texture": "#particle" },
        "north": { "uv": [ 13, 0, 12, 16 ], "texture": "#particle" },
        "south": { "uv": [ 13, 0, 14, 16 ], "texture": "#particle" },
        "west":  { "uv": [ 12, 0, 14, 16 ], "texture": "#particle" },
        "east":  { "uv": [ 14, 0, 12, 16 ], "texture": "#particle" }
    }
},
{
    "__comment": "Vertical",
    "from": [ 7, 0, 7.5 ],
    "to": [ 9, 16, 8.5 ],
    "faces": {
        "down":  { "uv": [ 3, 4, 4, 2 ], "texture": "#particle" },
        "up":    { "uv": [ 15, 7, 16, 9 ], "texture": "#particle" },
        "north": { "uv": [ 8, 0, 7, 16 ], "texture": "#particle" },
        "south": { "uv": [ 8, 0, 9, 16 ], "texture": "#particle" },
        "west":  { "uv": [ 7, 0, 9, 16 ], "texture": "#particle" },
        "east":  { "uv": [ 9, 0, 7, 16 ], "texture": "#particle" }
    }
},
{
    "__comment": "Vertical",
    "from": [ 7, 0, 2.5 ],
    "to": [ 9, 16, 3.5 ],
    "faces": {
        "down":  { "uv": [ 3, 4, 4, 2 ], "texture": "#particle" },
        "up":    { "uv": [ 13, 11, 14, 13 ], "texture": "#particle" },
        "north": { "uv": [ 3, 0, 2, 16 ], "texture": "#particle" },
        "south": { "uv": [ 3, 0, 4, 16 ], "texture": "#particle" },
        "west":  { "uv": [ 2, 0, 4, 16 ], "texture": "#particle" },
        "east":  { "uv": [ 4, 0, 2, 16 ], "texture": "#particle" }
    }
},
{
    "__comment": "Vertical",
    "from": [ 7, 0, 12.5 ],
    "to": [ 9, 16, 13.5 ],
    "faces": {
        "down":  { "uv": [ 3, 4, 4, 2 ], "texture": "#particle" },
        "up":    { "uv": [ 15, 7, 16, 9 ], "texture": "#particle" },
        "north": { "uv": [ 13, 0, 12, 16 ], "texture": "#particle" },
        "south": { "uv": [ 13, 0, 14, 16 ], "texture": "#particle" },
        "west":  { "uv": [ 12, 0, 14, 16 ], "texture": "#particle" },
        "east":  { "uv": [ 14, 0, 12, 16 ], "texture": "#particle" }
    }
}
]
}