{
"__comment": "Designed by Sibsib92 with BDcraft Cubik PRO 0.85 Beta - http://bdcraft.net",
"ambientocclusion": false,
"textures": {
    "particle": "blocks/planks_birch",
    "texture": "blocks/log_birch",
    "top": "blocks/log_birch_top"
},
"elements": [ 
{
    "__comment": "Mid",
    "from": [ 7, 0, 6 ],
    "to": [ 9, 16, 7 ],
    "faces": {
        "down":  { "uv": [ 1, 16, 3, 15 ], "texture": "#texture" },
        "up":    { "uv": [ 1, 0, 3, 1 ], "texture": "#texture" },
        "north": { "uv": [ 1, 0, 3, 16 ], "texture": "#texture" },
        "west":  { "uv": [ 3, 0, 4, 16 ], "texture": "#texture" },
        "east":  { "uv": [ 0, 0, 1, 16 ], "texture": "#texture" }
    }
},
{
    "__comment": "Mid",
    "from": [ 9, 0, 7 ],
    "to": [ 10, 16, 9 ],
    "faces": {
        "down":  { "uv": [ 15, 15, 13, 16 ], "rotation": 90, "texture": "#texture" },
        "up":    { "uv": [ 15, 0, 13, 1 ], "rotation": 90, "texture": "#texture" },
        "north": { "uv": [ 15, 0, 16, 16 ], "texture": "#texture" },
        "south": { "uv": [ 12, 0, 13, 16 ], "texture": "#texture" },
        "east":  { "uv": [ 13, 0, 15, 16 ], "texture": "#texture" }
    }
},
{
    "__comment": "Mid",
    "from": [ 7, 0, 9 ],
    "to": [ 9, 16, 10 ],
    "faces": {
        "down":  { "uv": [ 14, 16, 12, 15 ], "texture": "#texture" },
        "up":    { "uv": [ 9, 0, 11, 1 ], "texture": "#texture" },
        "south": { "uv": [ 9, 0, 11, 16 ], "texture": "#texture" },
        "west":  { "uv": [ 8, 0, 9, 16 ], "texture": "#texture" },
        "east":  { "uv": [ 11, 0, 12, 16 ], "texture": "#texture" }
    }
},
{
    "__comment": "Mid",
    "from": [ 6, 0, 7 ],
    "to": [ 7, 16, 9 ],
    "faces": {
        "down":  { "uv": [ 7, 16, 5, 15 ], "rotation": 90, "texture": "#texture" },
        "up":    { "uv": [ 5, 0, 7, 1 ], "rotation": 90, "texture": "#texture" },
        "north": { "uv": [ 4, 0, 5, 16 ], "texture": "#texture" },
        "south": { "uv": [ 7, 0, 8, 16 ], "texture": "#texture" },
        "west":  { "uv": [ 5, 0, 7, 16 ], "texture": "#texture" }
    }
},
{
    "__comment": "MID",
    "from": [ 7, 0, 7 ],
    "to": [ 9, 16, 9 ],
    "faces": {
        "down":  { "uv": [ 7, 9, 9, 7 ], "texture": "#top" },
        "up":    { "uv": [ 7, 7, 9, 9 ], "texture": "#top" }
    }
},
{
    "__comment": "Horizontal",
    "from": [ 10, 12, 7.25 ],
    "to": [ 16, 14, 8.75 ],
    "faces": {
        "down":  { "uv": [ 10, 1, 16, 2 ], "texture": "#particle" },
        "up":    { "uv": [ 10, 0, 16, 1 ], "texture": "#particle" },
        "north": { "uv": [ 16, 0, 10, 2 ], "texture": "#particle" },
        "south": { "uv": [ 10, 0, 16, 2 ], "texture": "#particle" },
        "east":  { "uv": [ 15, 0, 16, 2 ], "texture": "#particle" }
    }
},
{
    "__comment": "Horizontal",
    "from": [ 10, 2, 7.25 ],
    "to": [ 16, 4, 8.75 ],
    "faces": {
        "down":  { "uv": [ 10, 9, 16, 10 ], "texture": "#particle" },
        "up":    { "uv": [ 10, 8, 16, 9 ], "texture": "#particle" },
        "north": { "uv": [ 16, 8, 10, 10 ], "texture": "#particle" },
        "south": { "uv": [ 10, 8, 16, 10 ], "texture": "#particle" },
        "east":  { "uv": [ 15, 8, 16, 10 ], "texture": "#particle" }
    }
},
{
    "__comment": "Horizontal",
    "from": [ 10, 7, 7.25 ],
    "to": [ 16, 9, 8.75 ],
    "faces": {
        "down":  { "uv": [ 10, 14, 16, 15 ], "texture": "#particle" },
        "up":    { "uv": [ 10, 13, 16, 14 ], "texture": "#particle" },
        "north": { "uv": [ 16, 13, 10, 15 ], "texture": "#particle" },
        "south": { "uv": [ 10, 13, 16, 15 ], "texture": "#particle" },
        "east":  { "uv": [ 15, 13, 16, 15 ], "texture": "#particle" }
    }
},
{
    "__comment": "Horizontal",
    "from": [ 7.25, 12, 0 ],
    "to": [ 8.75, 14, 6 ],
    "faces": {
        "down":  { "uv": [ 0, 2, 6, 3 ], "rotation": 270, "texture": "#particle" },
        "up":    { "uv": [ 0, 1, 6, 2 ], "rotation": 90, "texture": "#particle" },
        "north": { "uv": [ 0, 1, 1, 3 ], "texture": "#particle" },
        "west":  { "uv": [ 0, 1, 6, 3 ], "texture": "#particle" },
        "east":  { "uv": [ 6, 1, 0, 3 ], "texture": "#particle" }
    }
},
{
    "__comment": "Horizontal",
    "from": [ 7.25, 7, 0 ],
    "to": [ 8.75, 9, 6 ],
    "faces": {
        "down":  { "uv": [ 0, 6, 6, 7 ], "rotation": 270, "texture": "#particle" },
        "up":    { "uv": [ 0, 5, 6, 6 ], "rotation": 90, "texture": "#particle" },
        "north": { "uv": [ 0, 5, 1, 7 ], "texture": "#particle" },
        "west":  { "uv": [ 0, 5, 6, 7 ], "texture": "#particle" },
        "east":  { "uv": [ 6, 5, 0, 7 ], "texture": "#particle" }
    }
},
{
    "__comment": "Horizontal",
    "from": [ 7.25, 2, 0 ],
    "to": [ 8.75, 4, 6 ],
    "faces": {
        "down":  { "uv": [ 0, 13, 6, 14 ], "rotation": 270, "texture": "#particle" },
        "up":    { "uv": [ 0, 12, 6, 13 ], "rotation": 90, "texture": "#particle" },
        "north": { "uv": [ 0, 12, 1, 14 ], "texture": "#particle" },
        "west":  { "uv": [ 0, 12, 6, 14 ], "texture": "#particle" },
        "east":  { "uv": [ 6, 12, 0, 14 ], "texture": "#particle" }
    }
}
]
}