{
"__comment": "3D Models by Sibsib92 with BDcraft Cubik PRO 0.87 Beta - http://bdcraft.net",
"ambientocclusion": false,
"textures": {
    "particle": "blocks/door_birch_upper",
    "texture": "blocks/cauldron_inner"
},
"elements": [ 
{
    "__comment": "Hinge",
    "from": [ -0.25, -12, -0.25 ],
    "to": [ 3.25, -10, 0.75 ],
    "faces": {
        "down":  { "uv": [ 3, 1, 0, 0 ], "texture": "#texture" },
        "up":    { "uv": [ 0, 0, 3, 1 ], "texture": "#texture" },
        "north": { "uv": [ 0, 0, 3, 2 ], "texture": "#texture" },
        "south": { "uv": [ 0, 0, 3, 2 ], "texture": "#texture" },
        "west":  { "uv": [ 0, 0, 1, 2 ], "texture": "#texture" },
        "east":  { "uv": [ 0, 0, 1, 2 ], "texture": "#texture" }
    }
},
{
    "__comment": "Hinge",
    "from": [ -0.25, -1, -0.25 ],
    "to": [ 3.25, 1, 0.75 ],
    "faces": {
        "down":  { "uv": [ 3, 1, 0, 0 ], "texture": "#texture" },
        "up":    { "uv": [ 0, 0, 3, 1 ], "texture": "#texture" },
        "north": { "uv": [ 0, 0, 3, 2 ], "texture": "#texture" },
        "south": { "uv": [ 0, 0, 3, 2 ], "texture": "#texture" },
        "west":  { "uv": [ 0, 0, 1, 2 ], "texture": "#texture" },
        "east":  { "uv": [ 0, 0, 1, 2 ], "texture": "#texture" }
    }
},
{
    "__comment": "Hinge",
    "from": [ -0.25, 10, -0.25 ],
    "to": [ 3.25, 12, 0.75 ],
    "faces": {
        "down":  { "uv": [ 3, 1, 0, 0 ], "texture": "#texture" },
        "up":    { "uv": [ 0, 0, 3, 1 ], "texture": "#texture" },
        "north": { "uv": [ 0, 0, 3, 2 ], "texture": "#texture" },
        "south": { "uv": [ 0, 0, 3, 2 ], "texture": "#texture" },
        "west":  { "uv": [ 0, 0, 1, 2 ], "texture": "#texture" },
        "east":  { "uv": [ 0, 0, 1, 2 ], "texture": "#texture" }
    }
},
{
    "__comment": "Handle",
    "from": [ -0.5, 0.25, 14.25 ],
    "to": [ 3.5, 0.75, 14.75 ],
    "faces": {
        "down":  { "uv": [ 16, 14.5, 12, 14 ], "texture": "#texture" },
        "up":    { "uv": [ 0, 14, 4, 14.5 ], "texture": "#texture" },
        "north": { "uv": [ 12, 15.25, 16, 15.75 ], "texture": "#texture" },
        "south": { "uv": [ 0, 15.25, 4, 15.75 ], "texture": "#texture" },
        "west":  { "uv": [ 14, 15.25, 14.5, 15.75 ], "texture": "#texture" },
        "east":  { "uv": [ 1.5, 15.25, 2, 15.75 ], "texture": "#texture" }
    }
},
{
    "__comment": "Handle",
    "from": [ -1, -0.5, 14 ],
    "to": [ -0.5, 1, 15 ],
    "faces": {
        "down":  { "uv": [ 16, 15, 15.5, 14 ], "texture": "#texture" },
        "up":    { "uv": [ 0, 14, 0.5, 15 ], "texture": "#texture" },
        "north": { "uv": [ 15.5, 0, 16, 1.5 ], "texture": "#texture" },
        "south": { "uv": [ 0, 0, 0.5, 1.5 ], "texture": "#texture" },
        "west":  { "uv": [ 14, 0, 15, 1.5 ], "texture": "#texture" },
        "east":  { "uv": [ 1, 0, 2, 1.5 ], "texture": "#texture" }
    }
},
{
    "__comment": "Handle",
    "from": [ 3.5, -0.5, 14 ],
    "to": [ 4, 1, 15 ],
    "faces": {
        "down":  { "uv": [ 12.5, 15, 12, 14 ], "texture": "#texture" },
        "up":    { "uv": [ 3.5, 14, 4, 15 ], "texture": "#texture" },
        "north": { "uv": [ 12, 0, 12.5, 1.5 ], "texture": "#texture" },
        "south": { "uv": [ 3.5, 0, 4, 1.5 ], "texture": "#texture" },
        "west":  { "uv": [ 14, 0, 15, 1.5 ], "texture": "#texture" },
        "east":  { "uv": [ 1, 0, 2, 1.5 ], "texture": "#texture" }
    }
},
{
    "__comment": "Handle",
    "from": [ -1.5, -1, 14 ],
    "to": [ -1, 0, 15 ],
    "faces": {
        "down":  { "uv": [ 16, 15, 15.5, 14 ], "texture": "#texture" },
        "up":    { "uv": [ 0, 14, 0.5, 15 ], "texture": "#texture" },
        "north": { "uv": [ 15.5, 0, 16, 2 ], "texture": "#texture" },
        "south": { "uv": [ 0, 0, 0.5, 2 ], "texture": "#texture" },
        "west":  { "uv": [ 14, 0, 15, 2 ], "texture": "#texture" },
        "east":  { "uv": [ 1, 0, 2, 2 ], "texture": "#texture" }
    }
},
{
    "__comment": "Handle",
    "from": [ 4, -1, 14 ],
    "to": [ 4.5, 0, 15 ],
    "faces": {
        "down":  { "uv": [ 16, 15, 15.5, 14 ], "texture": "#texture" },
        "up":    { "uv": [ 0, 14, 0.5, 15 ], "texture": "#texture" },
        "north": { "uv": [ 15.5, 0, 16, 2 ], "texture": "#texture" },
        "south": { "uv": [ 0, 0, 0.5, 2 ], "texture": "#texture" },
        "west":  { "uv": [ 14, 0, 15, 2 ], "texture": "#texture" },
        "east":  { "uv": [ 1, 0, 2, 2 ], "texture": "#texture" }
    }
}
]
}