{
"__comment": "Sibsib92 3D Models for Default Resourcepack",
"textures": {
    "texture": "blocks/planks_oak",
    "particle": "blocks/bookshelf"
},
"elements": [ 
{
    "__comment": "Shelf",
    "from": [ 10.75, 1, 4.3125 ],
    "to": [ 16.75, 15, 5.6875 ],
    "shade": false,
    "rotation": { "origin": [ 10.75, 1, 4.3125 ], "axis": "y", "angle": 45 },
    "faces": {
        "down":  { "uv": [ 1.5, 1.5, 7.5, 0.5 ], "texture": "#texture" },
        "up":    { "uv": [ 1.5, 0.5, 7.5, 1.5 ], "texture": "#texture" },
        "north": { "uv": [ 7.5, 1, 1.5, 15 ], "texture": "#texture" },
        "south": { "uv": [ 1.5, 1, 7.5, 15 ], "texture": "#texture" },
        "west":  { "uv": [ 0.5, 1, 1.5, 15 ], "texture": "#texture" },
        "east":  { "uv": [ 1.5, 1, 0.5, 15 ], "texture": "#texture" }
    }
},
{
    "__comment": "Shelf",
    "from": [ 1, 1, 0 ],
    "to": [ 7, 15, 1.375 ],
    "shade": false,
    "rotation": { "origin": [ 1, 1, 0 ], "axis": "y", "angle": -45 },
    "faces": {
        "north": { "uv": [ 7.5, 1, 1.5, 15 ], "texture": "#texture" },
        "south": { "uv": [ 1.5, 1, 7.5, 15 ], "texture": "#texture" },
        "west":  { "uv": [ 0.5, 1, 1.5, 15 ], "texture": "#texture" },
        "east":  { "uv": [ 1.5, 1, 0.5, 15 ], "texture": "#texture" }
    }
},
{
    "__comment": "Shelf",
    "from": [ 0, 1, 15 ],
    "to": [ 6, 15, 16.375 ],
    "shade": false,
    "rotation": { "origin": [ 0, 1, 15 ], "axis": "y", "angle": 45 },
    "faces": {
        "down":  { "uv": [ 1.5, 1.5, 7.5, 0.5 ], "texture": "#texture" },
        "up":    { "uv": [ 1.5, 0.5, 7.5, 1.5 ], "texture": "#texture" },
        "north": { "uv": [ 7.5, 1, 1.5, 15 ], "texture": "#texture" },
        "south": { "uv": [ 1.5, 1, 7.5, 15 ], "texture": "#texture" },
        "west":  { "uv": [ 0.5, 1, 1.5, 15 ], "texture": "#texture" },
        "east":  { "uv": [ 1.5, 1, 0.5, 15 ], "texture": "#texture" }
    }
},
{
    "__comment": "Shelf",
    "from": [ 11.6875, 1, 10.75 ],
    "to": [ 17.6875, 15, 12.125 ],
    "shade": false,
    "rotation": { "origin": [ 11.6875, 1, 10.75 ], "axis": "y", "angle": -45 },
    "faces": {
        "down":  { "uv": [ 1.5, 1.5, 7.5, 0.5 ], "texture": "#texture" },
        "up":    { "uv": [ 1.5, 0.5, 7.5, 1.5 ], "texture": "#texture" },
        "north": { "uv": [ 7.5, 1, 1.5, 15 ], "texture": "#texture" },
        "south": { "uv": [ 1.5, 1, 7.5, 15 ], "texture": "#texture" },
        "west":  { "uv": [ 0.5, 1, 1.5, 15 ], "texture": "#texture" },
        "east":  { "uv": [ 1.5, 1, 0.5, 15 ], "texture": "#texture" }
    }
},
{
    "__comment": "Shelf",
    "from": [ 4, 1, 4 ],
    "to": [ 12, 15, 12 ],
    "shade": false,
    "faces": {
        "north": { "uv": [ 4, 1, 12, 15 ], "texture": "#texture" },
        "south": { "uv": [ 4, 1, 12, 15 ], "texture": "#texture" },
        "west":  { "uv": [ 4, 1, 12, 15 ], "texture": "#texture" },
        "east":  { "uv": [ 4, 1, 12, 15 ], "texture": "#texture" }
    }
},
{
    "__comment": "Shelf",
    "from": [ 0, 7, 0 ],
    "to": [ 16, 9, 16 ],
    "shade": false,
    "faces": {
        "down":  { "uv": [ 0, 16, 16, 0 ], "texture": "#texture" },
        "up":    { "uv": [ 0, 0, 16, 16 ], "texture": "#texture" },
        "north": { "uv": [ 0, 7, 16, 9 ], "texture": "#texture" },
        "south": { "uv": [ 0, 7, 16, 9 ], "texture": "#texture" },
        "west":  { "uv": [ 0, 7, 16, 9 ], "texture": "#texture" },
        "east":  { "uv": [ 0, 7, 16, 9 ], "texture": "#texture" }
    }
},
{
    "__comment": "Shelf",
    "from": [ 15, 9, 0 ],
    "to": [ 16, 15, 1 ],
    "shade": false,
    "faces": {
        "north": { "uv": [ 0, 1, 1, 7 ], "texture": "#texture" },
        "south": { "uv": [ 15, 1, 16, 7 ], "texture": "#texture" },
        "west":  { "uv": [ 0, 1, 1, 7 ], "texture": "#texture" },
        "east":  { "uv": [ 15, 1, 16, 7 ], "texture": "#texture" }
    }
},
{
    "__comment": "Shelf",
    "from": [ 0, 1, 15 ],
    "to": [ 1, 7, 16 ],
    "shade": false,
    "faces": {
        "north": { "uv": [ 15, 9, 16, 15 ], "texture": "#texture" },
        "south": { "uv": [ 0, 9, 1, 15 ], "texture": "#texture" },
        "west":  { "uv": [ 15, 9, 16, 15 ], "texture": "#texture" },
        "east":  { "uv": [ 0, 9, 1, 15 ], "texture": "#texture" }
    }
},
{
    "__comment": "Shelf",
    "from": [ 15, 1, 15 ],
    "to": [ 16, 7, 16 ],
    "shade": false,
    "faces": {
        "north": { "uv": [ 0, 9, 1, 15 ], "texture": "#texture" },
        "south": { "uv": [ 15, 9, 16, 15 ], "texture": "#texture" },
        "west":  { "uv": [ 15, 9, 16, 15 ], "texture": "#texture" },
        "east":  { "uv": [ 0, 9, 1, 15 ], "texture": "#texture" }
    }
},
{
    "__comment": "Shelf",
    "from": [ 0, 9, 0 ],
    "to": [ 1, 15, 1 ],
    "shade": false,
    "faces": {
        "north": { "uv": [ 15, 1, 16, 7 ], "texture": "#texture" },
        "south": { "uv": [ 0, 1, 1, 7 ], "texture": "#texture" },
        "west":  { "uv": [ 0, 1, 1, 7 ], "texture": "#texture" }
    }
},
{
    "__comment": "Shelf",
    "from": [ 15, 1, 0 ],
    "to": [ 16, 7, 1 ],
    "shade": false,
    "faces": {
        "north": { "uv": [ 0, 9, 1, 15 ], "texture": "#texture" },
        "south": { "uv": [ 15, 9, 16, 15 ], "texture": "#texture" },
        "west":  { "uv": [ 0, 9, 1, 15 ], "texture": "#texture" },
        "east":  { "uv": [ 15, 9, 16, 15 ], "texture": "#texture" }
    }
},
{
    "__comment": "Shelf",
    "from": [ 0, 9, 15 ],
    "to": [ 1, 15, 16 ],
    "shade": false,
    "faces": {
        "north": { "uv": [ 15, 1, 16, 7 ], "texture": "#texture" },
        "south": { "uv": [ 0, 1, 1, 7 ], "texture": "#texture" },
        "west":  { "uv": [ 15, 1, 16, 7 ], "texture": "#texture" },
        "east":  { "uv": [ 0, 1, 1, 7 ], "texture": "#texture" }
    }
},
{
    "__comment": "Shelf",
    "from": [ 15, 9, 15 ],
    "to": [ 16, 15, 16 ],
    "shade": false,
    "faces": {
        "north": { "uv": [ 0, 1, 1, 7 ], "texture": "#texture" },
        "south": { "uv": [ 15, 1, 16, 7 ], "texture": "#texture" },
        "west":  { "uv": [ 15, 1, 16, 7 ], "texture": "#texture" },
        "east":  { "uv": [ 0, 1, 1, 7 ], "texture": "#texture" }
    }
},
{
    "__comment": "Shelf",
    "from": [ 0, 1, 0 ],
    "to": [ 1, 7, 1 ],
    "shade": false,
    "faces": {
        "north": { "uv": [ 15, 9, 16, 15 ], "texture": "#texture" },
        "south": { "uv": [ 0, 9, 1, 15 ], "texture": "#texture" },
        "west":  { "uv": [ 0, 9, 1, 15 ], "texture": "#texture" }
    }
},
{
    "__comment": "Shelf",
    "from": [ 0, 0, 0 ],
    "to": [ 16, 1, 16 ],
    "shade": false,
    "faces": {
        "down":  { "uv": [ 0, 16, 16, 0 ], "texture": "#texture" },
        "up":    { "uv": [ 0, 0, 16, 16 ], "texture": "#texture" },
        "north": { "uv": [ 0, 15, 16, 16 ], "texture": "#texture" },
        "south": { "uv": [ 0, 15, 16, 16 ], "texture": "#texture" },
        "west":  { "uv": [ 0, 15, 16, 16 ], "texture": "#texture" },
        "east":  { "uv": [ 0, 15, 16, 16 ], "texture": "#texture" }
    }
},
{
    "__comment": "Shelf",
    "from": [ 0, 15, 0 ],
    "to": [ 16, 16, 16 ],
    "shade": false,
    "faces": {
        "down":  { "uv": [ 0, 16, 16, 0 ], "texture": "#texture" },
        "up":    { "uv": [ 0, 0, 16, 16 ], "texture": "#texture" },
        "north": { "uv": [ 0, 0, 16, 1 ], "texture": "#texture" },
        "south": { "uv": [ 0, 0, 16, 1 ], "texture": "#texture" },
        "west":  { "uv": [ 0, 0, 16, 1 ], "texture": "#texture" },
        "east":  { "uv": [ 0, 0, 16, 1 ], "texture": "#texture" }
    }
},
{
    "__comment": "BOOKS",
    "from": [ 0, 1, 3 ],
    "to": [ 4, 6, 5 ],
    "shade": false,
    "rotation": { "origin": [ 0, 1, 3 ], "axis": "y", "angle": -22.5 },
    "faces": {
        "down":  { "uv": [ 1, 3, 2, 4 ], "texture": "#particle" },
        "up":    { "uv": [ 1, 3, 2, 4 ], "texture": "#particle" },
        "north": { "uv": [ 1, 2, 2, 7 ], "texture": "#particle" },
        "south": { "uv": [ 2, 2, 3, 7 ], "texture": "#particle" },
        "west":  { "uv": [ 1, 2, 3, 7 ], "texture": "#particle" }
    }
},
{
    "__comment": "BOOKS",
    "from": [ 0.5, 1, 9 ],
    "to": [ 4, 6, 11 ],
    "shade": false,
    "rotation": { "origin": [ 0.5, 1, 9 ], "axis": "y", "angle": -45 },
    "faces": {
        "down":  { "uv": [ 1, 3, 2, 4 ], "texture": "#particle" },
        "up":    { "uv": [ 1, 3, 2, 4 ], "texture": "#particle" },
        "north": { "uv": [ 4, 2, 5, 7 ], "texture": "#particle" },
        "south": { "uv": [ 5, 2, 6, 7 ], "texture": "#particle" },
        "west":  { "uv": [ 4, 2, 6, 7 ], "texture": "#particle" }
    }
},
{
    "__comment": "BOOKS",
    "from": [ 0, 1, 6.5 ],
    "to": [ 3.5, 6, 8.5 ],
    "shade": false,
    "rotation": { "origin": [ 0, 1, 6.5 ], "axis": "y", "angle": -22.5 },
    "faces": {
        "down":  { "uv": [ 1, 4, 2, 3 ], "texture": "#particle" },
        "up":    { "uv": [ 1, 3, 2, 4 ], "texture": "#particle" },
        "north": { "uv": [ 9, 10, 10, 15 ], "texture": "#particle" },
        "south": { "uv": [ 10, 10, 11, 15 ], "texture": "#particle" },
        "west":  { "uv": [ 9, 10, 11, 15 ], "texture": "#particle" },
        "east":  { "uv": [ 1, 3, 2, 4 ], "texture": "#particle" }
    }
},
{
    "__comment": "BOOKS",
    "from": [ 8.5, 9, 12.5 ],
    "to": [ 13.5, 11, 15.5 ],
    "shade": false,
    "rotation": { "origin": [ 8.5, 9, 12.5 ], "axis": "y", "angle": -22.5 },
    "faces": {
        "down":  { "uv": [ 7, 1, 8, 7 ], "rotation": 90, "texture": "#particle" },
        "up":    { "uv": [ 6, 1, 7, 7 ], "rotation": 90, "texture": "#particle" },
        "north": { "uv": [ 1, 3, 2, 4 ], "texture": "#particle" },
        "south": { "uv": [ 6, 1, 8, 7 ], "rotation": 90, "texture": "#particle" },
        "west":  { "uv": [ 13, 4, 14, 5 ], "texture": "#particle" },
        "east":  { "uv": [ 14, 4, 13, 5 ], "texture": "#particle" }
    }
},
{
    "__comment": "BOOKS",
    "from": [ 6, 1, 12.5 ],
    "to": [ 8, 7, 17.5 ],
    "shade": false,
    "rotation": { "origin": [ 6, 1, 12.5 ], "axis": "y", "angle": -45 },
    "faces": {
        "down":  { "uv": [ 1, 3, 2, 4 ], "texture": "#particle" },
        "up":    { "uv": [ 1, 3, 2, 4 ], "texture": "#particle" },
        "north": { "uv": [ 1, 3, 2, 4 ], "texture": "#particle" },
        "south": { "uv": [ 13, 3, 15, 7 ], "texture": "#particle" },
        "west":  { "uv": [ 13, 3, 14, 7 ], "texture": "#particle" },
        "east":  { "uv": [ 14, 3, 15, 7 ], "texture": "#particle" }
    }
},
{
    "__comment": "BOOKS",
    "from": [ 10, 1, 14 ],
    "to": [ 12, 6, 17.5 ],
    "shade": false,
    "rotation": { "origin": [ 10, 1, 14 ], "axis": "y", "angle": 22.5 },
    "faces": {
        "down":  { "uv": [ 13, 5, 14, 4 ], "texture": "#particle" },
        "up":    { "uv": [ 13, 4, 14, 5 ], "texture": "#particle" },
        "north": { "uv": [ 2, 3, 1, 4 ], "texture": "#particle" },
        "south": { "uv": [ 9, 10, 11, 15 ], "texture": "#particle" },
        "west":  { "uv": [ 9, 10, 10, 15 ], "texture": "#particle" },
        "east":  { "uv": [ 10, 10, 11, 15 ], "texture": "#particle" }
    }
},
{
    "__comment": "BOOKS",
    "from": [ 16, 9, 9 ],
    "to": [ 18, 15, 13 ],
    "shade": false,
    "rotation": { "origin": [ 16, 9, 9 ], "axis": "y", "angle": -45 },
    "faces": {
        "down":  { "uv": [ 13, 5, 14, 4 ], "texture": "#particle" },
        "up":    { "uv": [ 13, 4, 14, 5 ], "texture": "#particle" },
        "north": { "uv": [ 14, 9, 12, 15 ], "texture": "#particle" },
        "south": { "uv": [ 9, 11, 10, 12 ], "texture": "#particle" },
        "west":  { "uv": [ 12, 9, 13, 15 ], "texture": "#particle" },
        "east":  { "uv": [ 14, 9, 13, 15 ], "texture": "#particle" }
    }
},
{
    "__comment": "BOOKS",
    "from": [ 14.5, 10, 3.5 ],
    "to": [ 16, 14.5, 8 ],
    "shade": false,
    "rotation": { "origin": [ 14.5, 10, 3.5 ], "axis": "y", "angle": 22.5 },
    "faces": {
        "down":  { "uv": [ 13, 5, 14, 4 ], "texture": "#particle" },
        "up":    { "uv": [ 13, 4, 14, 5 ], "texture": "#particle" },
        "north": { "uv": [ 13, 4, 14, 5 ], "texture": "#particle" },
        "south": { "uv": [ 13, 3, 15, 7 ], "texture": "#particle" },
        "west":  { "uv": [ 13, 3, 14, 7 ], "texture": "#particle" },
        "east":  { "uv": [ 15, 3, 14, 7 ], "texture": "#particle" }
    }
},
{
    "__comment": "BOOKS",
    "from": [ 15, 9, 2.5 ],
    "to": [ 19, 10, 8 ],
    "shade": false,
    "rotation": { "origin": [ 15, 9, 2.5 ], "axis": "y", "angle": -22.5 },
    "faces": {
        "down":  { "uv": [ 9, 15, 10, 10 ], "texture": "#particle" },
        "up":    { "uv": [ 9, 10, 10, 15 ], "texture": "#particle" },
        "north": { "uv": [ 14, 4, 13, 5 ], "texture": "#particle" },
        "south": { "uv": [ 9, 11, 10, 12 ], "texture": "#particle" },
        "west":  { "uv": [ 9, 11, 10, 12 ], "texture": "#particle" },
        "east":  { "uv": [ 9, 10, 10, 15 ], "rotation": 90, "texture": "#particle" }
    }
},
{
    "__comment": "BOOKS",
    "from": [ 7.5, 9, -0.5 ],
    "to": [ 8.5, 13.5, 3.5 ],
    "shade": false,
    "rotation": { "origin": [ 7.5, 9, -0.5 ], "axis": "y", "angle": 45 },
    "faces": {
        "down":  { "uv": [ 13, 4, 14, 5 ], "texture": "#particle" },
        "up":    { "uv": [ 13, 4, 14, 5 ], "texture": "#particle" },
        "north": { "uv": [ 9, 10, 11, 15 ], "texture": "#particle" },
        "south": { "uv": [ 9, 11, 10, 13 ], "texture": "#particle" },
        "west":  { "uv": [ 10, 10, 11, 15 ], "texture": "#particle" },
        "east":  { "uv": [ 9, 10, 10, 15 ], "texture": "#particle" }
    }
},
{
    "__comment": "BOOKS",
    "from": [ 5.5, 4, -2.5 ],
    "to": [ 11.5, 5, 1.5 ],
    "shade": false,
    "rotation": { "origin": [ 5.5, 4, -2.5 ], "axis": "y", "angle": -22.5 },
    "faces": {
        "down":  { "uv": [ 2, 2, 3, 7 ], "rotation": 90, "texture": "#particle" },
        "up":    { "uv": [ 1, 2, 2, 7 ], "rotation": 90, "texture": "#particle" },
        "north": { "uv": [ 1, 7, 2, 2 ], "rotation": 90, "texture": "#particle" },
        "south": { "uv": [ 9, 11, 10, 12 ], "texture": "#particle" },
        "west":  { "uv": [ 9, 11, 10, 12 ], "texture": "#particle" },
        "east":  { "uv": [ 10, 11, 9, 12 ], "texture": "#particle" }
    }
},
{
    "__comment": "BOOKS",
    "from": [ 6, 9, -1 ],
    "to": [ 7, 13.5, 3 ],
    "shade": false,
    "faces": {
        "down":  { "uv": [ 9, 10.5, 10, 12.5 ], "texture": "#particle" },
        "up":    { "uv": [ 9, 11, 10, 13 ], "texture": "#particle" },
        "north": { "uv": [ 12, 9, 13, 15 ], "texture": "#particle" },
        "south": { "uv": [ 9, 11, 10, 13 ], "texture": "#particle" },
        "west":  { "uv": [ 13, 9, 14, 15 ], "texture": "#particle" },
        "east":  { "uv": [ 13, 9, 14, 15 ], "texture": "#particle" }
    }
},
{
    "__comment": "BOOKS",
    "from": [ 4.5, 1, -2 ],
    "to": [ 10.5, 2, 2 ],
    "shade": false,
    "rotation": { "origin": [ 4.5, 1, -2 ], "axis": "y", "angle": -22.5 },
    "faces": {
        "down":  { "uv": [ 9, 10, 10, 15 ], "rotation": 90, "texture": "#particle" },
        "up":    { "uv": [ 9, 10, 10, 15 ], "rotation": 90, "texture": "#particle" },
        "north": { "uv": [ 10, 15, 9, 10 ], "rotation": 90, "texture": "#particle" },
        "south": { "uv": [ 9, 11, 10, 12 ], "texture": "#particle" },
        "west":  { "uv": [ 9, 11, 10, 12 ], "texture": "#particle" },
        "east":  { "uv": [ 10, 11, 9, 12 ], "texture": "#particle" }
    }
},
{
    "__comment": "BOOKS",
    "from": [ 7, 2, -2 ],
    "to": [ 13, 4, 2 ],
    "shade": false,
    "faces": {
        "down":  { "uv": [ 14, 3, 15, 7 ], "rotation": 90, "texture": "#particle" },
        "up":    { "uv": [ 13, 3, 14, 7 ], "rotation": 90, "texture": "#particle" },
        "north": { "uv": [ 13, 7, 15, 3 ], "rotation": 90, "texture": "#particle" },
        "south": { "uv": [ 9, 11, 10, 12 ], "texture": "#particle" },
        "west":  { "uv": [ 9, 11, 10, 12 ], "texture": "#particle" },
        "east":  { "uv": [ 10, 11, 9, 12 ], "texture": "#particle" }
    }
}
]
}