{
"__comment": "Sibsib92 3D Models for Default Resourcepack",
"ambientocclusion": false,
"inventoryRender3D": false,
"textures": {
    "down": "blocks/brewing_stand",
    "up": "blocks/glass",
    "north": "blocks/brewing_stand_base",
    "south": "blocks/water_still",
    "particle": "blocks/brewing_stand"
},
"elements": [ 
{
    "from": [ 7, 0, 7 ],
    "to": [ 9, 12, 9 ],
    "__comment": "mid",
    "faces": {
        "down":  { "uv": [ 7, 14, 9, 16 ], "texture": "#down" },
        "up":    { "uv": [ 7, 4, 8, 5 ], "texture": "#down" },
        "north": { "uv": [ 7, 4, 9, 16 ], "texture": "#down" },
        "south": { "uv": [ 7, 4, 9, 16 ], "texture": "#down" },
        "west":  { "uv": [ 9, 4, 7, 16 ], "texture": "#down" },
        "east":  { "uv": [ 9, 4, 7, 16 ], "texture": "#down" }
    }
},
{
    "from": [ 7.5, 0, 6.5 ],
    "to": [ 8.5, 12, 7 ],
    "__comment": "midouts",
    "faces": {
        "down":  { "uv": [ 7, 16, 8, 15.5 ], "texture": "#down" },
        "up":    { "uv": [ 7, 4, 8, 4.5 ], "texture": "#down" },
        "north": { "uv": [ 7.5, 4, 8.5, 16 ], "texture": "#down" },
        "west":  { "uv": [ 8, 4, 8.5, 16 ], "texture": "#down" },
        "east":  { "uv": [ 8, 4, 7.5, 16 ], "texture": "#down" }
    }
},
{
    "from": [ 6.5, 0, 7.5 ],
    "to": [ 7, 12, 8.5 ],
    "__comment": "midouts",
    "faces": {
        "down":  { "uv": [ 7, 16, 7.5, 15 ], "texture": "#down" },
        "up":    { "uv": [ 7, 4, 7.5, 5 ], "texture": "#down" },
        "north": { "uv": [ 8.5, 4, 8, 16 ], "texture": "#down" },
        "south": { "uv": [ 7.5, 4, 8, 16 ], "texture": "#down" },
        "west":  { "uv": [ 8.5, 4, 7.5, 16 ], "texture": "#down" }
    }
},
{
    "from": [ 7.5, 0, 9 ],
    "to": [ 8.5, 12, 9.5 ],
    "__comment": "midouts",
    "faces": {
        "down":  { "uv": [ 7, 16, 8, 15.5 ], "texture": "#down" },
        "up":    { "uv": [ 7, 4, 8, 4.5 ], "texture": "#down" },
        "south": { "uv": [ 7.5, 4, 8.5, 16 ], "texture": "#down" },
        "west":  { "uv": [ 7.5, 4, 8, 16 ], "texture": "#down" },
        "east":  { "uv": [ 8.5, 4, 8, 16 ], "texture": "#down" }
    }
},
{
    "from": [ 9, 0, 7.5 ],
    "to": [ 9.5, 12, 8.5 ],
    "__comment": "midouts",
    "faces": {
        "down":  { "uv": [ 7.5, 16, 8, 15 ], "texture": "#down" },
        "up":    { "uv": [ 7.5, 4, 8, 5 ], "texture": "#down" },
        "north": { "uv": [ 8, 4, 7.5, 16 ], "texture": "#down" },
        "south": { "uv": [ 8, 4, 8.5, 16 ], "texture": "#down" },
        "east":  { "uv": [ 8.5, 4, 7.5, 16 ], "texture": "#down" }
    }
},
{
    "from": [ 9.5, 3, 7.5 ],
    "to": [ 11.5, 14, 8.5 ],
    "__comment": "Arms",
    "faces": {
        "down":  { "uv": [ 9, 13, 11, 12 ], "texture": "#down" },
        "up":    { "uv": [ 9, 2, 11, 3 ], "texture": "#down" },
        "north": { "uv": [ 11, 2, 9, 13 ], "texture": "#down" },
        "south": { "uv": [ 9, 2, 11, 13 ], "texture": "#down" },
        "west":  { "uv": [ 9, 2, 10, 13 ], "texture": "#down" },
        "east":  { "uv": [ 11, 2, 10, 13 ], "texture": "#down" }
    }
},
{
    "from": [ 5.5, 3, 9.8125 ],
    "to": [ 7.5, 14, 10.8125 ],
    "rotation": { "origin": [ 5.5, 3, 9.8125 ], "axis": "y", "angle": 45 },
    "__comment": "Arms",
    "faces": {
        "down":  { "uv": [ 5, 13, 7, 12 ], "texture": "#down" },
        "up":    { "uv": [ 5, 2, 7, 3 ], "texture": "#down" },
        "north": { "uv": [ 7, 2, 5, 13 ], "texture": "#down" },
        "south": { "uv": [ 5, 2, 7, 13 ], "texture": "#down" },
        "west":  { "uv": [ 5, 2, 6, 13 ], "texture": "#down" },
        "east":  { "uv": [ 7, 2, 6, 13 ], "texture": "#down" }
    }
},
{
    "from": [ 6.1875, 3, 5.5 ],
    "to": [ 8.1875, 14, 6.5 ],
    "rotation": { "origin": [ 6.1875, 3, 5.5 ], "axis": "y", "angle": -45 },
    "__comment": "Arms",
    "faces": {
        "down":  { "uv": [ 5, 13, 7, 12 ], "texture": "#down" },
        "up":    { "uv": [ 5, 2, 7, 3 ], "texture": "#down" },
        "north": { "uv": [ 7, 2, 5, 13 ], "texture": "#down" },
        "south": { "uv": [ 5, 2, 7, 13 ], "texture": "#down" },
        "west":  { "uv": [ 5, 2, 6, 13 ], "texture": "#down" },
        "east":  { "uv": [ 7, 2, 6, 13 ], "texture": "#down" }
    }
},
{
    "from": [ 11.5, 12, 7.5 ],
    "to": [ 12.5, 14, 8.5 ],
    "__comment": "Arms",
    "faces": {
        "down":  { "uv": [ 11, 4, 12, 3 ], "texture": "#down" },
        "up":    { "uv": [ 11, 2, 12, 3 ], "texture": "#down" },
        "north": { "uv": [ 12, 2, 11, 4 ], "texture": "#down" },
        "south": { "uv": [ 11, 2, 12, 4 ], "texture": "#down" }
    }
},
{
    "from": [ 5.5, 12, 9.8125 ],
    "to": [ 6.5, 14, 10.8125 ],
    "rotation": { "origin": [ 5.5, 12, 9.8125 ], "axis": "y", "angle": -45 },
    "__comment": "Arms",
    "faces": {
        "down":  { "uv": [ 11, 4, 12, 3 ], "texture": "#down" },
        "up":    { "uv": [ 11, 2, 12, 3 ], "texture": "#down" },
        "north": { "uv": [ 12, 2, 11, 4 ], "texture": "#down" },
        "south": { "uv": [ 11, 2, 12, 4 ], "texture": "#down" },
        "west":  { "uv": [ 11, 2, 12, 4 ], "texture": "#down" },
        "east":  { "uv": [ 12, 2, 11, 4 ], "texture": "#down" }
    }
},
{
    "from": [ 4.75, 12, 5.5 ],
    "to": [ 5.75, 14, 6.5 ],
    "rotation": { "origin": [ 4.75, 12, 5.5 ], "axis": "y", "angle": 45 },
    "__comment": "Arms",
    "faces": {
        "down":  { "uv": [ 11, 4, 12, 3 ], "texture": "#down" },
        "up":    { "uv": [ 11, 2, 12, 3 ], "texture": "#down" },
        "north": { "uv": [ 12, 2, 11, 4 ], "texture": "#down" },
        "south": { "uv": [ 11, 2, 12, 4 ], "texture": "#down" },
        "west":  { "uv": [ 11, 2, 12, 4 ], "texture": "#down" },
        "east":  { "uv": [ 12, 2, 11, 4 ], "texture": "#down" }
    }
},
{
    "from": [ 12.5, 10, 7.5 ],
    "to": [ 13.5, 16, 8.5 ],
    "__comment": "Arms",
    "faces": {
        "down":  { "uv": [ 12, 9, 13, 8 ], "texture": "#down" },
        "up":    { "uv": [ 12, 0, 13, 1 ], "texture": "#down" },
        "north": { "uv": [ 13, 0, 12, 6 ], "texture": "#down" },
        "south": { "uv": [ 12, 0, 13, 6 ], "texture": "#down" },
        "west":  { "uv": [ 12, 0, 13, 6 ], "texture": "#down" },
        "east":  { "uv": [ 13, 0, 12, 6 ], "texture": "#down" }
    }
},
{
    "from": [ 4.125, 10, 11.1875 ],
    "to": [ 5.125, 16, 12.1875 ],
    "rotation": { "origin": [ 4.125, 10, 11.1875 ], "axis": "y", "angle": 45 },
    "__comment": "Arms",
    "faces": {
        "down":  { "uv": [ 12, 9, 13, 8 ], "texture": "#down" },
        "up":    { "uv": [ 12, 0, 13, 1 ], "texture": "#down" },
        "north": { "uv": [ 13, 0, 12, 6 ], "texture": "#down" },
        "south": { "uv": [ 12, 0, 13, 6 ], "texture": "#down" },
        "west":  { "uv": [ 12, 0, 13, 6 ], "texture": "#down" },
        "east":  { "uv": [ 13, 0, 12, 6 ], "texture": "#down" }
    }
},
{
    "from": [ 4, 10, 4.8125 ],
    "to": [ 5, 16, 5.8125 ],
    "rotation": { "origin": [ 4, 10, 4.8125 ], "axis": "y", "angle": 45 },
    "__comment": "Arms",
    "faces": {
        "down":  { "uv": [ 12, 9, 13, 8 ], "texture": "#down" },
        "up":    { "uv": [ 12, 0, 13, 1 ], "texture": "#down" },
        "north": { "uv": [ 13, 0, 12, 6 ], "texture": "#down" },
        "south": { "uv": [ 12, 0, 13, 6 ], "texture": "#down" },
        "west":  { "uv": [ 12, 0, 13, 6 ], "texture": "#down" },
        "east":  { "uv": [ 13, 0, 12, 6 ], "texture": "#down" }
    }
},
{
    "from": [ 15.5, 0, 7 ],
    "to": [ 16, 1, 9 ],
    "__comment": "P",
    "faces": {
        "down":  { "uv": [ 15.5, 9, 16, 7 ], "texture": "#north" },
        "up":    { "uv": [ 15.5, 7, 16, 9 ], "texture": "#north" },
        "north": { "uv": [ 16, 15, 15.5, 16 ], "texture": "#north" },
        "south": { "uv": [ 15.5, 15, 16, 16 ], "texture": "#north" },
        "west":  { "uv": [ 7, 15, 9, 16 ], "texture": "#north" },
        "east":  { "uv": [ 9, 15, 7, 16 ], "texture": "#north" }
    }
},
{
    "from": [ 12, 0, 7 ],
    "to": [ 12.5, 1, 9 ],
    "__comment": "P",
    "faces": {
        "down":  { "uv": [ 12, 9, 12.5, 7 ], "texture": "#north" },
        "up":    { "uv": [ 12, 7, 12.5, 9 ], "texture": "#north" },
        "north": { "uv": [ 12.5, 15, 12, 16 ], "texture": "#north" },
        "south": { "uv": [ 12, 15, 12.5, 16 ], "texture": "#north" },
        "west":  { "uv": [ 7, 15, 9, 16 ], "texture": "#north" },
        "east":  { "uv": [ 9, 15, 7, 16 ], "texture": "#north" }
    }
},
{
    "from": [ 13, 0, 9.5 ],
    "to": [ 15, 1, 10 ],
    "__comment": "P",
    "faces": {
        "down":  { "uv": [ 13, 10, 15, 9.5 ], "texture": "#north" },
        "up":    { "uv": [ 13, 9.5, 15, 10 ], "texture": "#north" },
        "north": { "uv": [ 15, 15, 13, 16 ], "texture": "#north" },
        "south": { "uv": [ 13, 15, 15, 16 ], "texture": "#north" },
        "west":  { "uv": [ 9.5, 15, 10, 16 ], "texture": "#north" },
        "east":  { "uv": [ 10, 15, 9.5, 16 ], "texture": "#north" }
    }
},
{
    "from": [ 13, 0, 6 ],
    "to": [ 15, 1, 6.5 ],
    "__comment": "P",
    "faces": {
        "down":  { "uv": [ 13, 6.5, 15, 6 ], "texture": "#north" },
        "up":    { "uv": [ 13, 6, 15, 6.5 ], "texture": "#north" },
        "north": { "uv": [ 15, 15, 13, 16 ], "texture": "#north" },
        "south": { "uv": [ 13, 15, 15, 16 ], "texture": "#north" },
        "west":  { "uv": [ 6, 15, 6.5, 16 ], "texture": "#north" },
        "east":  { "uv": [ 6.5, 15, 6, 16 ], "texture": "#north" }
    }
},
{
    "from": [ 12.5, 0.5, 6.5 ],
    "to": [ 13, 1, 7 ],
    "__comment": "P",
    "faces": {
        "up":    { "uv": [ 12.5, 6.5, 13, 7 ], "texture": "#north" },
        "north": { "uv": [ 13, 15, 12.5, 15.5 ], "texture": "#north" },
        "south": { "uv": [ 12.5, 15, 13, 15.5 ], "texture": "#north" },
        "west":  { "uv": [ 6.5, 15, 7, 15.5 ], "texture": "#north" },
        "east":  { "uv": [ 7, 15, 6.5, 15.5 ], "texture": "#north" }
    }
},
{
    "from": [ 12.5, 0, 6.5 ],
    "to": [ 15.5, 0.5, 9.5 ],
    "__comment": "P",
    "faces": {
        "down":  { "uv": [ 11, 10, 14, 7 ], "texture": "#north" },
        "up":    { "uv": [ 11, 7, 14, 10 ], "texture": "#north" },
        "north": { "uv": [ 13, 9.5, 10, 10 ], "texture": "#north" },
        "south": { "uv": [ 10, 9.5, 13, 10 ], "texture": "#north" },
        "west":  { "uv": [ 10, 9.5, 13, 10 ], "texture": "#north" },
        "east":  { "uv": [ 14, 9.5, 11, 10 ], "texture": "#north" }
    }
},
{
    "from": [ 15, 0.5, 6.5 ],
    "to": [ 15.5, 1, 7 ],
    "__comment": "P",
    "faces": {
        "up":    { "uv": [ 15, 6.5, 15.5, 7 ], "texture": "#north" },
        "north": { "uv": [ 15.5, 15, 15, 15.5 ], "texture": "#north" },
        "south": { "uv": [ 15, 15, 15.5, 15.5 ], "texture": "#north" },
        "west":  { "uv": [ 6.5, 15, 7, 15.5 ], "texture": "#north" },
        "east":  { "uv": [ 7, 15, 6.5, 15.5 ], "texture": "#north" }
    }
},
{
    "from": [ 15, 0.5, 9 ],
    "to": [ 15.5, 1, 9.5 ],
    "__comment": "P",
    "faces": {
        "up":    { "uv": [ 15, 9, 15.5, 9.5 ], "texture": "#north" },
        "north": { "uv": [ 15.5, 15, 15, 15.5 ], "texture": "#north" },
        "south": { "uv": [ 15, 15, 15.5, 15.5 ], "texture": "#north" },
        "west":  { "uv": [ 9, 15, 9.5, 15.5 ], "texture": "#north" },
        "east":  { "uv": [ 9.5, 15, 9, 15.5 ], "texture": "#north" }
    }
},
{
    "from": [ 12.5, 0.5, 9 ],
    "to": [ 13, 1, 9.5 ],
    "__comment": "P",
    "faces": {
        "up":    { "uv": [ 12.5, 9, 13, 9.5 ], "texture": "#north" },
        "north": { "uv": [ 13, 15, 12.5, 15.5 ], "texture": "#north" },
        "south": { "uv": [ 12.5, 15, 13, 15.5 ], "texture": "#north" },
        "west":  { "uv": [ 9, 15, 9.5, 15.5 ], "texture": "#north" },
        "east":  { "uv": [ 9.5, 15, 9, 15.5 ], "texture": "#north" }
    }
},
{
    "from": [ 5.5, 0, 11 ],
    "to": [ 6, 1, 13 ],
    "__comment": "P",
    "faces": {
        "down":  { "uv": [ 5.5, 13, 6, 11 ], "texture": "#north" },
        "up":    { "uv": [ 5.5, 11, 6, 13 ], "texture": "#north" },
        "north": { "uv": [ 6, 15, 5.5, 16 ], "texture": "#north" },
        "south": { "uv": [ 5.5, 15, 6, 16 ], "texture": "#north" },
        "west":  { "uv": [ 11, 15, 13, 16 ], "texture": "#north" },
        "east":  { "uv": [ 13, 15, 11, 16 ], "texture": "#north" }
    }
},
{
    "from": [ 2, 0, 11 ],
    "to": [ 2.5, 1, 13 ],
    "__comment": "P",
    "faces": {
        "down":  { "uv": [ 2, 13, 2.5, 11 ], "texture": "#north" },
        "up":    { "uv": [ 2, 11, 2.5, 13 ], "texture": "#north" },
        "north": { "uv": [ 2.5, 15, 2, 16 ], "texture": "#north" },
        "south": { "uv": [ 2, 15, 2.5, 16 ], "texture": "#north" },
        "west":  { "uv": [ 11, 15, 13, 16 ], "texture": "#north" },
        "east":  { "uv": [ 13, 15, 11, 16 ], "texture": "#north" }
    }
},
{
    "from": [ 3, 0, 13.5 ],
    "to": [ 5, 1, 14 ],
    "__comment": "P",
    "faces": {
        "down":  { "uv": [ 3, 14, 5, 13.5 ], "texture": "#north" },
        "up":    { "uv": [ 3, 13.5, 5, 14 ], "texture": "#north" },
        "north": { "uv": [ 5, 15, 3, 16 ], "texture": "#north" },
        "south": { "uv": [ 3, 15, 5, 16 ], "texture": "#north" },
        "west":  { "uv": [ 13.5, 15, 14, 16 ], "texture": "#north" },
        "east":  { "uv": [ 14, 15, 13.5, 16 ], "texture": "#north" }
    }
},
{
    "from": [ 3, 0, 10 ],
    "to": [ 5, 1, 10.5 ],
    "__comment": "P",
    "faces": {
        "down":  { "uv": [ 3, 10.5, 5, 10 ], "texture": "#north" },
        "up":    { "uv": [ 3, 10, 5, 10.5 ], "texture": "#north" },
        "north": { "uv": [ 5, 15, 3, 16 ], "texture": "#north" },
        "south": { "uv": [ 3, 15, 5, 16 ], "texture": "#north" },
        "west":  { "uv": [ 10, 15, 10.5, 16 ], "texture": "#north" },
        "east":  { "uv": [ 10.5, 15, 10, 16 ], "texture": "#north" }
    }
},
{
    "from": [ 2.5, 0.5, 10.5 ],
    "to": [ 3, 1, 11 ],
    "__comment": "P",
    "faces": {
        "up":    { "uv": [ 2.5, 10.5, 3, 11 ], "texture": "#north" },
        "north": { "uv": [ 3, 15, 2.5, 15.5 ], "texture": "#north" },
        "south": { "uv": [ 2.5, 15, 3, 15.5 ], "texture": "#north" },
        "west":  { "uv": [ 10.5, 15, 11, 15.5 ], "texture": "#north" },
        "east":  { "uv": [ 11, 15, 10.5, 15.5 ], "texture": "#north" }
    }
},
{
    "from": [ 2.5, 0, 10.5 ],
    "to": [ 5.5, 0.5, 13.5 ],
    "__comment": "P",
    "faces": {
        "down":  { "uv": [ 11, 10, 14, 7 ], "texture": "#north" },
        "up":    { "uv": [ 11, 7, 14, 10 ], "texture": "#north" },
        "north": { "uv": [ 13, 9.5, 10, 10 ], "texture": "#north" },
        "south": { "uv": [ 10, 9.5, 13, 10 ], "texture": "#north" },
        "west":  { "uv": [ 10, 9.5, 13, 10 ], "texture": "#north" },
        "east":  { "uv": [ 14, 9.5, 11, 10 ], "texture": "#north" }
    }
},
{
    "from": [ 5, 0.5, 10.5 ],
    "to": [ 5.5, 1, 11 ],
    "__comment": "P",
    "faces": {
        "up":    { "uv": [ 5, 10.5, 5.5, 11 ], "texture": "#north" },
        "north": { "uv": [ 5.5, 15, 5, 15.5 ], "texture": "#north" },
        "south": { "uv": [ 5, 15, 5.5, 15.5 ], "texture": "#north" },
        "west":  { "uv": [ 10.5, 15, 11, 15.5 ], "texture": "#north" },
        "east":  { "uv": [ 11, 15, 10.5, 15.5 ], "texture": "#north" }
    }
},
{
    "from": [ 5, 0.5, 13 ],
    "to": [ 5.5, 1, 13.5 ],
    "__comment": "P",
    "faces": {
        "up":    { "uv": [ 5, 13, 5.5, 13.5 ], "texture": "#north" },
        "north": { "uv": [ 5.5, 15, 5, 15.5 ], "texture": "#north" },
        "south": { "uv": [ 5, 15, 5.5, 15.5 ], "texture": "#north" },
        "west":  { "uv": [ 13, 15, 13.5, 15.5 ], "texture": "#north" },
        "east":  { "uv": [ 13.5, 15, 13, 15.5 ], "texture": "#north" }
    }
},
{
    "from": [ 2.5, 0.5, 13 ],
    "to": [ 3, 1, 13.5 ],
    "__comment": "P",
    "faces": {
        "up":    { "uv": [ 2.5, 13, 3, 13.5 ], "texture": "#north" },
        "north": { "uv": [ 3, 15, 2.5, 15.5 ], "texture": "#north" },
        "south": { "uv": [ 2.5, 15, 3, 15.5 ], "texture": "#north" },
        "west":  { "uv": [ 13, 15, 13.5, 15.5 ], "texture": "#north" },
        "east":  { "uv": [ 13.5, 15, 13, 15.5 ], "texture": "#north" }
    }
},
{
    "from": [ 5.5, 0, 3 ],
    "to": [ 6, 1, 5 ],
    "__comment": "P",
    "faces": {
        "down":  { "uv": [ 5.5, 5, 6, 3 ], "texture": "#north" },
        "up":    { "uv": [ 5.5, 3, 6, 5 ], "texture": "#north" },
        "north": { "uv": [ 6, 15, 5.5, 16 ], "texture": "#north" },
        "south": { "uv": [ 5.5, 15, 6, 16 ], "texture": "#north" },
        "west":  { "uv": [ 3, 15, 5, 16 ], "texture": "#north" },
        "east":  { "uv": [ 5, 15, 3, 16 ], "texture": "#north" }
    }
},
{
    "from": [ 2, 0, 3 ],
    "to": [ 2.5, 1, 5 ],
    "__comment": "P",
    "faces": {
        "down":  { "uv": [ 2, 5, 2.5, 3 ], "texture": "#north" },
        "up":    { "uv": [ 2, 3, 2.5, 5 ], "texture": "#north" },
        "north": { "uv": [ 2.5, 15, 2, 16 ], "texture": "#north" },
        "south": { "uv": [ 2, 15, 2.5, 16 ], "texture": "#north" },
        "west":  { "uv": [ 3, 15, 5, 16 ], "texture": "#north" },
        "east":  { "uv": [ 5, 15, 3, 16 ], "texture": "#north" }
    }
},
{
    "from": [ 3, 0, 5.5 ],
    "to": [ 5, 1, 6 ],
    "__comment": "P",
    "faces": {
        "down":  { "uv": [ 3, 6, 5, 5.5 ], "texture": "#north" },
        "up":    { "uv": [ 3, 5.5, 5, 6 ], "texture": "#north" },
        "north": { "uv": [ 5, 15, 3, 16 ], "texture": "#north" },
        "south": { "uv": [ 3, 15, 5, 16 ], "texture": "#north" },
        "west":  { "uv": [ 5.5, 15, 6, 16 ], "texture": "#north" },
        "east":  { "uv": [ 6, 15, 5.5, 16 ], "texture": "#north" }
    }
},
{
    "from": [ 3, 0, 2 ],
    "to": [ 5, 1, 2.5 ],
    "__comment": "P",
    "faces": {
        "down":  { "uv": [ 3, 2.5, 5, 2 ], "texture": "#north" },
        "up":    { "uv": [ 3, 2, 5, 2.5 ], "texture": "#north" },
        "north": { "uv": [ 5, 15, 3, 16 ], "texture": "#north" },
        "south": { "uv": [ 3, 15, 5, 16 ], "texture": "#north" },
        "west":  { "uv": [ 2, 15, 2.5, 16 ], "texture": "#north" },
        "east":  { "uv": [ 2.5, 15, 2, 16 ], "texture": "#north" }
    }
},
{
    "from": [ 2.5, 0.5, 2.5 ],
    "to": [ 3, 1, 3 ],
    "__comment": "P",
    "faces": {
        "up":    { "uv": [ 2.5, 2.5, 3, 3 ], "texture": "#north" },
        "north": { "uv": [ 3, 15, 2.5, 15.5 ], "texture": "#north" },
        "south": { "uv": [ 2.5, 15, 3, 15.5 ], "texture": "#north" },
        "west":  { "uv": [ 2.5, 15, 3, 15.5 ], "texture": "#north" },
        "east":  { "uv": [ 3, 15, 2.5, 15.5 ], "texture": "#north" }
    }
},
{
    "from": [ 2.5, 0, 2.5 ],
    "to": [ 5.5, 0.5, 5.5 ],
    "__comment": "P",
    "faces": {
        "down":  { "uv": [ 11, 10, 14, 7 ], "texture": "#north" },
        "up":    { "uv": [ 11, 7, 14, 10 ], "texture": "#north" },
        "north": { "uv": [ 13, 9.5, 10, 10 ], "texture": "#north" },
        "south": { "uv": [ 10, 9.5, 13, 10 ], "texture": "#north" },
        "west":  { "uv": [ 10, 9.5, 13, 10 ], "texture": "#north" },
        "east":  { "uv": [ 14, 9.5, 11, 10 ], "texture": "#north" }
    }
},
{
    "from": [ 5, 0.5, 2.5 ],
    "to": [ 5.5, 1, 3 ],
    "__comment": "P",
    "faces": {
        "up":    { "uv": [ 5, 2.5, 5.5, 3 ], "texture": "#north" },
        "north": { "uv": [ 5.5, 15, 5, 15.5 ], "texture": "#north" },
        "south": { "uv": [ 5, 15, 5.5, 15.5 ], "texture": "#north" },
        "west":  { "uv": [ 2.5, 15, 3, 15.5 ], "texture": "#north" },
        "east":  { "uv": [ 3, 15, 2.5, 15.5 ], "texture": "#north" }
    }
},
{
    "from": [ 5, 0.5, 5 ],
    "to": [ 5.5, 1, 5.5 ],
    "__comment": "P",
    "faces": {
        "up":    { "uv": [ 5, 5, 5.5, 5.5 ], "texture": "#north" },
        "north": { "uv": [ 5.5, 15, 5, 15.5 ], "texture": "#north" },
        "south": { "uv": [ 5, 15, 5.5, 15.5 ], "texture": "#north" },
        "west":  { "uv": [ 5, 15, 5.5, 15.5 ], "texture": "#north" },
        "east":  { "uv": [ 5.5, 15, 5, 15.5 ], "texture": "#north" }
    }
},
{
    "from": [ 2.5, 0.5, 5 ],
    "to": [ 3, 1, 5.5 ],
    "__comment": "P",
    "faces": {
        "up":    { "uv": [ 2.5, 5, 3, 5.5 ], "texture": "#north" },
        "north": { "uv": [ 3, 15, 2.5, 15.5 ], "texture": "#north" },
        "south": { "uv": [ 2.5, 15, 3, 15.5 ], "texture": "#north" },
        "west":  { "uv": [ 5, 15, 5.5, 15.5 ], "texture": "#north" },
        "east":  { "uv": [ 5.5, 15, 5, 15.5 ], "texture": "#north" }
    }
},
{
    "from": [ 3.5, 9, 3.5 ],
    "to": [ 4.5, 10, 4.5 ],
    "__comment": "bottleholder*",
    "faces": {
        "down":  { "uv": [ 2, 7, 3, 6 ], "texture": "#down" },
        "up":    { "uv": [ 2, 6, 3, 7 ], "texture": "#down" },
        "north": { "uv": [ 3, 6, 2, 7 ], "texture": "#down" },
        "south": { "uv": [ 2, 6, 3, 7 ], "texture": "#down" },
        "west":  { "uv": [ 2, 6, 3, 7 ], "texture": "#down" },
        "east":  { "uv": [ 3, 6, 2, 7 ], "texture": "#down" }
    }
},
{
    "from": [ 3.5, 8, 2.5 ],
    "to": [ 4.5, 9, 3.5 ],
    "__comment": "bottleholder*",
    "faces": {
        "up":    { "uv": [ 2, 7, 3, 8 ], "texture": "#down" },
        "north": { "uv": [ 3, 7, 2, 8 ], "texture": "#down" },
        "south": { "uv": [ 2, 7, 3, 8 ], "texture": "#down" },
        "west":  { "uv": [ 2, 7, 3, 8 ], "texture": "#down" },
        "east":  { "uv": [ 3, 7, 2, 8 ], "texture": "#down" }
    }
},
{
    "from": [ 4.5, 8, 3.5 ],
    "to": [ 5.5, 9, 4.5 ],
    "__comment": "bottleholder*",
    "faces": {
        "up":    { "uv": [ 1, 7, 2, 8 ], "texture": "#down" },
        "north": { "uv": [ 2, 7, 1, 8 ], "texture": "#down" },
        "south": { "uv": [ 1, 7, 2, 8 ], "texture": "#down" },
        "west":  { "uv": [ 1, 7, 2, 8 ], "texture": "#down" },
        "east":  { "uv": [ 2, 7, 1, 8 ], "texture": "#down" }
    }
},
{
    "from": [ 2.5, 8, 3.5 ],
    "to": [ 3.5, 9, 4.5 ],
    "__comment": "bottleholder*",
    "faces": {
        "up":    { "uv": [ 3, 7, 4, 8 ], "texture": "#down" },
        "north": { "uv": [ 4, 7, 3, 8 ], "texture": "#down" },
        "south": { "uv": [ 3, 7, 4, 8 ], "texture": "#down" },
        "west":  { "uv": [ 3, 7, 4, 8 ], "texture": "#down" },
        "east":  { "uv": [ 4, 7, 3, 8 ], "texture": "#down" }
    }
},
{
    "from": [ 3.5, 8, 4.5 ],
    "to": [ 4.5, 9, 5.5 ],
    "__comment": "bottleholder*",
    "faces": {
        "up":    { "uv": [ 2, 7, 3, 8 ], "texture": "#down" },
        "north": { "uv": [ 3, 7, 2, 8 ], "texture": "#down" },
        "south": { "uv": [ 2, 7, 3, 8 ], "texture": "#down" },
        "west":  { "uv": [ 2, 7, 3, 8 ], "texture": "#down" },
        "east":  { "uv": [ 3, 7, 2, 8 ], "texture": "#down" }
    }
},
{
    "from": [ 3.5, 7, 2.5 ],
    "to": [ 4.5, 8, 3.5 ],
    "__comment": "Bottle*",
    "faces": {
        "north": { "uv": [ 0, 0, 16, 16 ], "texture": "#up" },
        "south": { "uv": [ 0, 0, 16, 16 ], "texture": "#up" },
        "west":  { "uv": [ 0, 0, 16, 16 ], "texture": "#up" },
        "east":  { "uv": [ 0, 0, 16, 16 ], "texture": "#up" }
    }
},
{
    "from": [ 4.5, 7, 3.5 ],
    "to": [ 5.5, 8, 4.5 ],
    "__comment": "Bottle*",
    "faces": {
        "north": { "uv": [ 0, 0, 16, 16 ], "texture": "#up" },
        "south": { "uv": [ 0, 0, 16, 16 ], "texture": "#up" },
        "west":  { "uv": [ 0, 0, 16, 16 ], "texture": "#up" },
        "east":  { "uv": [ 0, 0, 16, 16 ], "texture": "#up" }
    }
},
{
    "from": [ 2.5, 7, 3.5 ],
    "to": [ 3.5, 8, 4.5 ],
    "__comment": "Bottle*",
    "faces": {
        "north": { "uv": [ 0, 0, 16, 16 ], "texture": "#up" },
        "south": { "uv": [ 0, 0, 16, 16 ], "texture": "#up" },
        "west":  { "uv": [ 0, 0, 16, 16 ], "texture": "#up" },
        "east":  { "uv": [ 0, 0, 16, 16 ], "texture": "#up" }
    }
},
{
    "from": [ 3.5, 7, 4.5 ],
    "to": [ 4.5, 8, 5.5 ],
    "__comment": "Bottle*",
    "faces": {
        "north": { "uv": [ 0, 0, 16, 16 ], "texture": "#up" },
        "south": { "uv": [ 0, 0, 16, 16 ], "texture": "#up" },
        "west":  { "uv": [ 0, 0, 16, 16 ], "texture": "#up" },
        "east":  { "uv": [ 0, 0, 16, 16 ], "texture": "#up" }
    }
},
{
    "from": [ 3.5, 6, 2.5 ],
    "to": [ 4.5, 7, 3.5 ],
    "__comment": "Bottle*",
    "faces": {
        "north": { "uv": [ 0, 0, 16, 16 ], "texture": "#up" },
        "south": { "uv": [ 0, 0, 16, 16 ], "texture": "#up" }
    }
},
{
    "from": [ 4.5, 6, 3.5 ],
    "to": [ 5.5, 7, 4.5 ],
    "__comment": "Bottle*",
    "faces": {
        "west":  { "uv": [ 0, 0, 16, 16 ], "texture": "#up" },
        "east":  { "uv": [ 0, 0, 16, 16 ], "texture": "#up" }
    }
},
{
    "from": [ 2.5, 6, 3.5 ],
    "to": [ 3.5, 7, 4.5 ],
    "__comment": "Bottle*",
    "faces": {
        "west":  { "uv": [ 0, 0, 16, 16 ], "texture": "#up" },
        "east":  { "uv": [ 0, 0, 16, 16 ], "texture": "#up" }
    }
},
{
    "from": [ 3.5, 6, 4.5 ],
    "to": [ 4.5, 7, 5.5 ],
    "__comment": "Bottle*",
    "faces": {
        "north": { "uv": [ 0, 0, 16, 16 ], "texture": "#up" },
        "south": { "uv": [ 0, 0, 16, 16 ], "texture": "#up" }
    }
},
{
    "from": [ 2.5, 6, 2.5 ],
    "to": [ 3.5, 7, 3.5 ],
    "__comment": "Bottle*",
    "faces": {
        "up":    { "uv": [ 0, 0, 16, 16 ], "texture": "#up" },
        "north": { "uv": [ 0, 0, 16, 16 ], "texture": "#up" },
        "west":  { "uv": [ 0, 0, 16, 16 ], "texture": "#up" }
    }
},
{
    "from": [ 4.5, 6, 2.5 ],
    "to": [ 5.5, 7, 3.5 ],
    "__comment": "Bottle*",
    "faces": {
        "up":    { "uv": [ 0, 0, 16, 16 ], "texture": "#up" },
        "north": { "uv": [ 0, 0, 16, 16 ], "texture": "#up" },
        "east":  { "uv": [ 0, 0, 16, 16 ], "texture": "#up" }
    }
},
{
    "from": [ 2.5, 6, 4.5 ],
    "to": [ 3.5, 7, 5.5 ],
    "__comment": "Bottle*",
    "faces": {
        "up":    { "uv": [ 0, 0, 16, 16 ], "texture": "#up" },
        "south": { "uv": [ 0, 0, 16, 16 ], "texture": "#up" },
        "west":  { "uv": [ 0, 0, 16, 16 ], "texture": "#up" }
    }
},
{
    "from": [ 4.5, 6, 4.5 ],
    "to": [ 5.5, 7, 5.5 ],
    "__comment": "Bottle*",
    "faces": {
        "up":    { "uv": [ 0, 0, 16, 16 ], "texture": "#up" },
        "south": { "uv": [ 0, 0, 16, 16 ], "texture": "#up" },
        "east":  { "uv": [ 0, 0, 16, 16 ], "texture": "#up" }
    }
},
{
    "from": [ 5.5, 4, 2.5 ],
    "to": [ 6, 5, 3.5 ],
    "__comment": "Bottle*",
    "faces": {
        "north": { "uv": [ 0, 0, 16, 16 ], "texture": "#up" },
        "east":  { "uv": [ 0, 0, 16, 16 ], "texture": "#up" }
    }
},
{
    "from": [ 5.5, 4, 4.5 ],
    "to": [ 6, 5, 5.5 ],
    "__comment": "Bottle*",
    "faces": {
        "south": { "uv": [ 0, 0, 16, 16 ], "texture": "#up" },
        "east":  { "uv": [ 0, 0, 16, 16 ], "texture": "#up" }
    }
},
{
    "from": [ 5.5, 4, 3.5 ],
    "to": [ 6, 5, 4.5 ],
    "__comment": "Bottle*",
    "faces": {
        "east":  { "uv": [ 0, 0, 16, 16 ], "texture": "#up" }
    }
},
{
    "from": [ 5.5, 3, 2.5 ],
    "to": [ 6, 4, 3.5 ],
    "__comment": "Bottle*",
    "faces": {
        "down":  { "uv": [ 0, 0, 16, 16 ], "texture": "#up" },
        "north": { "uv": [ 0, 0, 16, 16 ], "texture": "#up" },
        "east":  { "uv": [ 0, 0, 16, 16 ], "texture": "#up" }
    }
},
{
    "from": [ 5.5, 5, 4.5 ],
    "to": [ 6, 6, 5.5 ],
    "__comment": "Bottle*",
    "faces": {
        "up":    { "uv": [ 0, 0, 16, 16 ], "texture": "#up" },
        "south": { "uv": [ 0, 0, 16, 16 ], "texture": "#up" },
        "east":  { "uv": [ 0, 0, 16, 16 ], "texture": "#up" }
    }
},
{
    "from": [ 5.5, 5, 3.5 ],
    "to": [ 6, 6, 4.5 ],
    "__comment": "Bottle*",
    "faces": {
        "up":    { "uv": [ 0, 0, 16, 16 ], "texture": "#up" },
        "east":  { "uv": [ 0, 0, 16, 16 ], "texture": "#up" }
    }
},
{
    "from": [ 5.5, 5, 2.5 ],
    "to": [ 6, 6, 3.5 ],
    "__comment": "Bottle*",
    "faces": {
        "up":    { "uv": [ 0, 0, 16, 16 ], "texture": "#up" },
        "north": { "uv": [ 0, 0, 16, 16 ], "texture": "#up" },
        "east":  { "uv": [ 0, 0, 16, 16 ], "texture": "#up" }
    }
},
{
    "from": [ 5.5, 3, 4.5 ],
    "to": [ 6, 4, 5.5 ],
    "__comment": "Bottle*",
    "faces": {
        "down":  { "uv": [ 0, 0, 16, 16 ], "texture": "#up" },
        "south": { "uv": [ 0, 0, 16, 16 ], "texture": "#up" },
        "east":  { "uv": [ 0, 0, 16, 16 ], "texture": "#up" }
    }
},
{
    "from": [ 5.5, 3, 3.5 ],
    "to": [ 6, 4, 4.5 ],
    "__comment": "Bottle*",
    "faces": {
        "down":  { "uv": [ 0, 0, 16, 16 ], "texture": "#up" },
        "east":  { "uv": [ 0, 0, 16, 16 ], "texture": "#up" }
    }
},
{
    "from": [ 2, 4, 2.5 ],
    "to": [ 2.5, 5, 3.5 ],
    "__comment": "Bottle*",
    "faces": {
        "north": { "uv": [ 0, 0, 16, 16 ], "texture": "#up" },
        "west":  { "uv": [ 0, 0, 16, 16 ], "texture": "#up" }
    }
},
{
    "from": [ 2, 4, 4.5 ],
    "to": [ 2.5, 5, 5.5 ],
    "__comment": "Bottle*",
    "faces": {
        "south": { "uv": [ 0, 0, 16, 16 ], "texture": "#up" },
        "west":  { "uv": [ 0, 0, 16, 16 ], "texture": "#up" }
    }
},
{
    "from": [ 2, 4, 3.5 ],
    "to": [ 2.5, 5, 4.5 ],
    "__comment": "Bottle*",
    "faces": {
        "west":  { "uv": [ 0, 0, 16, 16 ], "texture": "#up" }
    }
},
{
    "from": [ 2, 3, 2.5 ],
    "to": [ 2.5, 4, 3.5 ],
    "__comment": "Bottle*",
    "faces": {
        "down":  { "uv": [ 0, 0, 16, 16 ], "texture": "#up" },
        "north": { "uv": [ 0, 0, 16, 16 ], "texture": "#up" },
        "west":  { "uv": [ 0, 0, 16, 16 ], "texture": "#up" }
    }
},
{
    "from": [ 2, 5, 4.5 ],
    "to": [ 2.5, 6, 5.5 ],
    "__comment": "Bottle*",
    "faces": {
        "up":    { "uv": [ 0, 0, 16, 16 ], "texture": "#up" },
        "south": { "uv": [ 0, 0, 16, 16 ], "texture": "#up" },
        "west":  { "uv": [ 0, 0, 16, 16 ], "texture": "#up" }
    }
},
{
    "from": [ 2, 5, 3.5 ],
    "to": [ 2.5, 6, 4.5 ],
    "__comment": "Bottle*",
    "faces": {
        "up":    { "uv": [ 0, 0, 16, 16 ], "texture": "#up" },
        "west":  { "uv": [ 0, 0, 16, 16 ], "texture": "#up" }
    }
},
{
    "from": [ 2, 5, 2.5 ],
    "to": [ 2.5, 6, 3.5 ],
    "__comment": "Bottle*",
    "faces": {
        "up":    { "uv": [ 0, 0, 16, 16 ], "texture": "#up" },
        "north": { "uv": [ 0, 0, 16, 16 ], "texture": "#up" },
        "west":  { "uv": [ 0, 0, 16, 16 ], "texture": "#up" }
    }
},
{
    "from": [ 2, 3, 4.5 ],
    "to": [ 2.5, 4, 5.5 ],
    "__comment": "Bottle*",
    "faces": {
        "down":  { "uv": [ 0, 0, 16, 16 ], "texture": "#up" },
        "south": { "uv": [ 0, 0, 16, 16 ], "texture": "#up" },
        "west":  { "uv": [ 0, 0, 16, 16 ], "texture": "#up" }
    }
},
{
    "from": [ 2, 3, 3.5 ],
    "to": [ 2.5, 4, 4.5 ],
    "__comment": "Bottle*",
    "faces": {
        "down":  { "uv": [ 0, 0, 16, 16 ], "texture": "#up" },
        "west":  { "uv": [ 0, 0, 16, 16 ], "texture": "#up" }
    }
},
{
    "from": [ 2.5, 5, 5.5 ],
    "to": [ 3.5, 6, 6 ],
    "__comment": "Bottle*",
    "faces": {
        "up":    { "uv": [ 0, 0, 16, 16 ], "texture": "#up" },
        "south": { "uv": [ 0, 0, 16, 16 ], "texture": "#up" },
        "west":  { "uv": [ 0, 0, 16, 16 ], "texture": "#up" }
    }
},
{
    "from": [ 3.5, 5, 5.5 ],
    "to": [ 4.5, 6, 6 ],
    "__comment": "Bottle*",
    "faces": {
        "up":    { "uv": [ 0, 0, 16, 16 ], "texture": "#up" },
        "south": { "uv": [ 0, 0, 16, 16 ], "texture": "#up" }
    }
},
{
    "from": [ 4.5, 5, 5.5 ],
    "to": [ 5.5, 6, 6 ],
    "__comment": "Bottle*",
    "faces": {
        "up":    { "uv": [ 0, 0, 16, 16 ], "texture": "#up" },
        "south": { "uv": [ 0, 0, 16, 16 ], "texture": "#up" },
        "east":  { "uv": [ 0, 0, 16, 16 ], "texture": "#up" }
    }
},
{
    "from": [ 2.5, 3, 5.5 ],
    "to": [ 3.5, 4, 6 ],
    "__comment": "Bottle*",
    "faces": {
        "down":  { "uv": [ 0, 0, 16, 16 ], "texture": "#up" },
        "south": { "uv": [ 0, 0, 16, 16 ], "texture": "#up" },
        "west":  { "uv": [ 0, 0, 16, 16 ], "texture": "#up" }
    }
},
{
    "from": [ 3.5, 3, 5.5 ],
    "to": [ 4.5, 4, 6 ],
    "__comment": "Bottle*",
    "faces": {
        "down":  { "uv": [ 0, 0, 16, 16 ], "texture": "#up" },
        "south": { "uv": [ 0, 0, 16, 16 ], "texture": "#up" }
    }
},
{
    "from": [ 4.5, 3, 5.5 ],
    "to": [ 5.5, 4, 6 ],
    "__comment": "Bottle*",
    "faces": {
        "down":  { "uv": [ 0, 0, 16, 16 ], "texture": "#up" },
        "south": { "uv": [ 0, 0, 16, 16 ], "texture": "#up" },
        "east":  { "uv": [ 0, 0, 16, 16 ], "texture": "#up" }
    }
},
{
    "from": [ 2.5, 4, 5.5 ],
    "to": [ 3.5, 5, 6 ],
    "__comment": "Bottle*",
    "faces": {
        "south": { "uv": [ 0, 0, 16, 16 ], "texture": "#up" },
        "west":  { "uv": [ 0, 0, 16, 16 ], "texture": "#up" }
    }
},
{
    "from": [ 3.5, 4, 5.5 ],
    "to": [ 4.5, 5, 6 ],
    "__comment": "Bottle*",
    "faces": {
        "south": { "uv": [ 0, 0, 16, 16 ], "texture": "#up" }
    }
},
{
    "from": [ 4.5, 4, 5.5 ],
    "to": [ 5.5, 5, 6 ],
    "__comment": "Bottle*",
    "faces": {
        "south": { "uv": [ 0, 0, 16, 16 ], "texture": "#up" },
        "east":  { "uv": [ 0, 0, 16, 16 ], "texture": "#up" }
    }
},
{
    "from": [ 2.5, 5, 2 ],
    "to": [ 3.5, 6, 2.5 ],
    "__comment": "Bottle*",
    "faces": {
        "up":    { "uv": [ 0, 0, 16, 16 ], "texture": "#up" },
        "north": { "uv": [ 0, 0, 16, 16 ], "texture": "#up" },
        "west":  { "uv": [ 0, 0, 16, 16 ], "texture": "#up" }
    }
},
{
    "from": [ 3.5, 5, 2 ],
    "to": [ 4.5, 6, 2.5 ],
    "__comment": "Bottle*",
    "faces": {
        "up":    { "uv": [ 0, 0, 16, 16 ], "texture": "#up" },
        "north": { "uv": [ 0, 0, 16, 16 ], "texture": "#up" }
    }
},
{
    "from": [ 4.5, 5, 2 ],
    "to": [ 5.5, 6, 2.5 ],
    "__comment": "Bottle*",
    "faces": {
        "up":    { "uv": [ 0, 0, 16, 16 ], "texture": "#up" },
        "north": { "uv": [ 0, 0, 16, 16 ], "texture": "#up" },
        "east":  { "uv": [ 0, 0, 16, 16 ], "texture": "#up" }
    }
},
{
    "from": [ 2.5, 3, 2 ],
    "to": [ 3.5, 4, 2.5 ],
    "__comment": "Bottle*",
    "faces": {
        "down":  { "uv": [ 0, 0, 16, 16 ], "texture": "#up" },
        "north": { "uv": [ 0, 0, 16, 16 ], "texture": "#up" },
        "west":  { "uv": [ 0, 0, 16, 16 ], "texture": "#up" }
    }
},
{
    "from": [ 3.5, 3, 2 ],
    "to": [ 4.5, 4, 2.5 ],
    "__comment": "Bottle*",
    "faces": {
        "down":  { "uv": [ 0, 0, 16, 16 ], "texture": "#up" },
        "north": { "uv": [ 0, 0, 16, 16 ], "texture": "#up" }
    }
},
{
    "from": [ 4.5, 3, 2 ],
    "to": [ 5.5, 4, 2.5 ],
    "__comment": "Bottle*",
    "faces": {
        "down":  { "uv": [ 0, 0, 16, 16 ], "texture": "#up" },
        "north": { "uv": [ 0, 0, 16, 16 ], "texture": "#up" },
        "east":  { "uv": [ 0, 0, 16, 16 ], "texture": "#up" }
    }
},
{
    "from": [ 2.5, 4, 2 ],
    "to": [ 3.5, 5, 2.5 ],
    "__comment": "Bottle*",
    "faces": {
        "north": { "uv": [ 0, 0, 16, 16 ], "texture": "#up" },
        "west":  { "uv": [ 0, 0, 16, 16 ], "texture": "#up" }
    }
},
{
    "from": [ 3.5, 4, 2 ],
    "to": [ 4.5, 5, 2.5 ],
    "__comment": "Bottle*",
    "faces": {
        "north": { "uv": [ 0, 0, 16, 16 ], "texture": "#up" }
    }
},
{
    "from": [ 4.5, 4, 2 ],
    "to": [ 5.5, 5, 2.5 ],
    "__comment": "Bottle*",
    "faces": {
        "north": { "uv": [ 0, 0, 16, 16 ], "texture": "#up" },
        "east":  { "uv": [ 0, 0, 16, 16 ], "texture": "#up" }
    }
},
{
    "from": [ 4.5, 2.5, 3.5 ],
    "to": [ 5.5, 3, 4.5 ],
    "__comment": "Bottle*",
    "faces": {
        "down":  { "uv": [ 0, 0, 16, 16 ], "texture": "#up" },
        "east":  { "uv": [ 0, 0, 16, 16 ], "texture": "#up" }
    }
},
{
    "from": [ 4.5, 2.5, 2.5 ],
    "to": [ 5.5, 3, 3.5 ],
    "__comment": "Bottle*",
    "faces": {
        "down":  { "uv": [ 0, 0, 16, 16 ], "texture": "#up" },
        "north": { "uv": [ 0, 0, 16, 16 ], "texture": "#up" },
        "east":  { "uv": [ 0, 0, 16, 16 ], "texture": "#up" }
    }
},
{
    "from": [ 3.5, 2.5, 4.5 ],
    "to": [ 4.5, 3, 5.5 ],
    "__comment": "Bottle*",
    "faces": {
        "down":  { "uv": [ 0, 0, 16, 16 ], "texture": "#up" },
        "south": { "uv": [ 0, 0, 16, 16 ], "texture": "#up" }
    }
},
{
    "from": [ 3.5, 2.5, 3.5 ],
    "to": [ 4.5, 3, 4.5 ],
    "__comment": "Bottle*",
    "faces": {
        "down":  { "uv": [ 0, 0, 16, 16 ], "texture": "#up" }
    }
},
{
    "from": [ 3.5, 2.5, 2.5 ],
    "to": [ 4.5, 3, 3.5 ],
    "__comment": "Bottle*",
    "faces": {
        "down":  { "uv": [ 0, 0, 16, 16 ], "texture": "#up" },
        "north": { "uv": [ 0, 0, 16, 16 ], "texture": "#up" }
    }
},
{
    "from": [ 4.5, 2.5, 4.5 ],
    "to": [ 5.5, 3, 5.5 ],
    "__comment": "Bottle*",
    "faces": {
        "down":  { "uv": [ 0, 0, 16, 16 ], "texture": "#up" },
        "south": { "uv": [ 0, 0, 16, 16 ], "texture": "#up" },
        "east":  { "uv": [ 0, 0, 16, 16 ], "texture": "#up" }
    }
},
{
    "from": [ 2.5, 2.5, 3.5 ],
    "to": [ 3.5, 3, 4.5 ],
    "__comment": "Bottle*",
    "faces": {
        "down":  { "uv": [ 0, 0, 16, 16 ], "texture": "#up" },
        "west":  { "uv": [ 0, 0, 16, 16 ], "texture": "#up" }
    }
},
{
    "from": [ 2.5, 2.5, 2.5 ],
    "to": [ 3.5, 3, 3.5 ],
    "__comment": "Bottle*",
    "faces": {
        "down":  { "uv": [ 0, 0, 16, 16 ], "texture": "#up" },
        "north": { "uv": [ 0, 0, 16, 16 ], "texture": "#up" },
        "west":  { "uv": [ 0, 0, 16, 16 ], "texture": "#up" }
    }
},
{
    "from": [ 2.5, 2.5, 4.5 ],
    "to": [ 3.5, 3, 5.5 ],
    "__comment": "Bottle*",
    "faces": {
        "down":  { "uv": [ 0, 0, 16, 16 ], "texture": "#up" },
        "south": { "uv": [ 0, 0, 16, 16 ], "texture": "#up" },
        "west":  { "uv": [ 0, 0, 16, 16 ], "texture": "#up" }
    }
},
{
    "from": [ 2.5, 3, 2.5 ],
    "to": [ 5.5, 5.5, 5.5 ],
    "__comment": "Cube*",
    "faces": {
        "down":  { "uv": [ 2.5, 5.5, 5.5, 2.5 ], "texture": "#south" },
        "up":    { "uv": [ 2.5, 2.5, 5.5, 5.5 ], "texture": "#south" },
        "north": { "uv": [ 5.5, 10.5, 2.5, 13 ], "texture": "#south" },
        "south": { "uv": [ 2.5, 10.5, 5.5, 13 ], "texture": "#south" },
        "west":  { "uv": [ 2.5, 10.5, 5.5, 13 ], "texture": "#south" },
        "east":  { "uv": [ 5.5, 10.5, 2.5, 13 ], "texture": "#south" }
    }
},
{
    "from": [ 3.5, 9, 11.5 ],
    "to": [ 4.5, 10, 12.5 ],
    "__comment": "bottleholder*",
    "faces": {
        "down":  { "uv": [ 2, 7, 3, 6 ], "texture": "#down" },
        "up":    { "uv": [ 2, 6, 3, 7 ], "texture": "#down" },
        "north": { "uv": [ 3, 6, 2, 7 ], "texture": "#down" },
        "south": { "uv": [ 2, 6, 3, 7 ], "texture": "#down" },
        "west":  { "uv": [ 2, 6, 3, 7 ], "texture": "#down" },
        "east":  { "uv": [ 3, 6, 2, 7 ], "texture": "#down" }
    }
},
{
    "from": [ 3.5, 8, 10.5 ],
    "to": [ 4.5, 9, 11.5 ],
    "__comment": "bottleholder*",
    "faces": {
        "up":    { "uv": [ 2, 7, 3, 8 ], "texture": "#down" },
        "north": { "uv": [ 3, 7, 2, 8 ], "texture": "#down" },
        "south": { "uv": [ 2, 7, 3, 8 ], "texture": "#down" },
        "west":  { "uv": [ 2, 7, 3, 8 ], "texture": "#down" },
        "east":  { "uv": [ 3, 7, 2, 8 ], "texture": "#down" }
    }
},
{
    "from": [ 4.5, 8, 11.5 ],
    "to": [ 5.5, 9, 12.5 ],
    "__comment": "bottleholder*",
    "faces": {
        "up":    { "uv": [ 1, 7, 2, 8 ], "texture": "#down" },
        "north": { "uv": [ 2, 7, 1, 8 ], "texture": "#down" },
        "south": { "uv": [ 1, 7, 2, 8 ], "texture": "#down" },
        "west":  { "uv": [ 1, 7, 2, 8 ], "texture": "#down" },
        "east":  { "uv": [ 2, 7, 1, 8 ], "texture": "#down" }
    }
},
{
    "from": [ 2.5, 8, 11.5 ],
    "to": [ 3.5, 9, 12.5 ],
    "__comment": "bottleholder*",
    "faces": {
        "up":    { "uv": [ 3, 7, 4, 8 ], "texture": "#down" },
        "north": { "uv": [ 4, 7, 3, 8 ], "texture": "#down" },
        "south": { "uv": [ 3, 7, 4, 8 ], "texture": "#down" },
        "west":  { "uv": [ 3, 7, 4, 8 ], "texture": "#down" },
        "east":  { "uv": [ 4, 7, 3, 8 ], "texture": "#down" }
    }
},
{
    "from": [ 3.5, 8, 12.5 ],
    "to": [ 4.5, 9, 13.5 ],
    "__comment": "bottleholder*",
    "faces": {
        "up":    { "uv": [ 2, 7, 3, 8 ], "texture": "#down" },
        "north": { "uv": [ 3, 7, 2, 8 ], "texture": "#down" },
        "south": { "uv": [ 2, 7, 3, 8 ], "texture": "#down" },
        "west":  { "uv": [ 2, 7, 3, 8 ], "texture": "#down" },
        "east":  { "uv": [ 3, 7, 2, 8 ], "texture": "#down" }
    }
},
{
    "from": [ 3.5, 7, 10.5 ],
    "to": [ 4.5, 8, 11.5 ],
    "__comment": "Bottle*",
    "faces": {
        "north": { "uv": [ 0, 0, 16, 16 ], "texture": "#up" },
        "south": { "uv": [ 0, 0, 16, 16 ], "texture": "#up" },
        "west":  { "uv": [ 0, 0, 16, 16 ], "texture": "#up" },
        "east":  { "uv": [ 0, 0, 16, 16 ], "texture": "#up" }
    }
},
{
    "from": [ 4.5, 7, 11.5 ],
    "to": [ 5.5, 8, 12.5 ],
    "__comment": "Bottle*",
    "faces": {
        "north": { "uv": [ 0, 0, 16, 16 ], "texture": "#up" },
        "south": { "uv": [ 0, 0, 16, 16 ], "texture": "#up" },
        "west":  { "uv": [ 0, 0, 16, 16 ], "texture": "#up" },
        "east":  { "uv": [ 0, 0, 16, 16 ], "texture": "#up" }
    }
},
{
    "from": [ 2.5, 7, 11.5 ],
    "to": [ 3.5, 8, 12.5 ],
    "__comment": "Bottle*",
    "faces": {
        "north": { "uv": [ 0, 0, 16, 16 ], "texture": "#up" },
        "south": { "uv": [ 0, 0, 16, 16 ], "texture": "#up" },
        "west":  { "uv": [ 0, 0, 16, 16 ], "texture": "#up" },
        "east":  { "uv": [ 0, 0, 16, 16 ], "texture": "#up" }
    }
},
{
    "from": [ 3.5, 7, 12.5 ],
    "to": [ 4.5, 8, 13.5 ],
    "__comment": "Bottle*",
    "faces": {
        "north": { "uv": [ 0, 0, 16, 16 ], "texture": "#up" },
        "south": { "uv": [ 0, 0, 16, 16 ], "texture": "#up" },
        "west":  { "uv": [ 0, 0, 16, 16 ], "texture": "#up" },
        "east":  { "uv": [ 0, 0, 16, 16 ], "texture": "#up" }
    }
},
{
    "from": [ 3.5, 6, 10.5 ],
    "to": [ 4.5, 7, 11.5 ],
    "__comment": "Bottle*",
    "faces": {
        "north": { "uv": [ 0, 0, 16, 16 ], "texture": "#up" },
        "south": { "uv": [ 0, 0, 16, 16 ], "texture": "#up" }
    }
},
{
    "from": [ 4.5, 6, 11.5 ],
    "to": [ 5.5, 7, 12.5 ],
    "__comment": "Bottle*",
    "faces": {
        "west":  { "uv": [ 0, 0, 16, 16 ], "texture": "#up" },
        "east":  { "uv": [ 0, 0, 16, 16 ], "texture": "#up" }
    }
},
{
    "from": [ 2.5, 6, 11.5 ],
    "to": [ 3.5, 7, 12.5 ],
    "__comment": "Bottle*",
    "faces": {
        "west":  { "uv": [ 0, 0, 16, 16 ], "texture": "#up" },
        "east":  { "uv": [ 0, 0, 16, 16 ], "texture": "#up" }
    }
},
{
    "from": [ 3.5, 6, 12.5 ],
    "to": [ 4.5, 7, 13.5 ],
    "__comment": "Bottle*",
    "faces": {
        "north": { "uv": [ 0, 0, 16, 16 ], "texture": "#up" },
        "south": { "uv": [ 0, 0, 16, 16 ], "texture": "#up" }
    }
},
{
    "from": [ 2.5, 6, 10.5 ],
    "to": [ 3.5, 7, 11.5 ],
    "__comment": "Bottle*",
    "faces": {
        "up":    { "uv": [ 0, 0, 16, 16 ], "texture": "#up" },
        "north": { "uv": [ 0, 0, 16, 16 ], "texture": "#up" },
        "west":  { "uv": [ 0, 0, 16, 16 ], "texture": "#up" }
    }
},
{
    "from": [ 4.5, 6, 10.5 ],
    "to": [ 5.5, 7, 11.5 ],
    "__comment": "Bottle*",
    "faces": {
        "up":    { "uv": [ 0, 0, 16, 16 ], "texture": "#up" },
        "north": { "uv": [ 0, 0, 16, 16 ], "texture": "#up" },
        "east":  { "uv": [ 0, 0, 16, 16 ], "texture": "#up" }
    }
},
{
    "from": [ 2.5, 6, 12.5 ],
    "to": [ 3.5, 7, 13.5 ],
    "__comment": "Bottle*",
    "faces": {
        "up":    { "uv": [ 0, 0, 16, 16 ], "texture": "#up" },
        "south": { "uv": [ 0, 0, 16, 16 ], "texture": "#up" },
        "west":  { "uv": [ 0, 0, 16, 16 ], "texture": "#up" }
    }
},
{
    "from": [ 4.5, 6, 12.5 ],
    "to": [ 5.5, 7, 13.5 ],
    "__comment": "Bottle*",
    "faces": {
        "up":    { "uv": [ 0, 0, 16, 16 ], "texture": "#up" },
        "south": { "uv": [ 0, 0, 16, 16 ], "texture": "#up" },
        "east":  { "uv": [ 0, 0, 16, 16 ], "texture": "#up" }
    }
},
{
    "from": [ 5.5, 4, 10.5 ],
    "to": [ 6, 5, 11.5 ],
    "__comment": "Bottle*",
    "faces": {
        "north": { "uv": [ 0, 0, 16, 16 ], "texture": "#up" },
        "east":  { "uv": [ 0, 0, 16, 16 ], "texture": "#up" }
    }
},
{
    "from": [ 5.5, 4, 12.5 ],
    "to": [ 6, 5, 13.5 ],
    "__comment": "Bottle*",
    "faces": {
        "south": { "uv": [ 0, 0, 16, 16 ], "texture": "#up" },
        "east":  { "uv": [ 0, 0, 16, 16 ], "texture": "#up" }
    }
},
{
    "from": [ 5.5, 4, 11.5 ],
    "to": [ 6, 5, 12.5 ],
    "__comment": "Bottle*",
    "faces": {
        "east":  { "uv": [ 0, 0, 16, 16 ], "texture": "#up" }
    }
},
{
    "from": [ 5.5, 3, 10.5 ],
    "to": [ 6, 4, 11.5 ],
    "__comment": "Bottle*",
    "faces": {
        "down":  { "uv": [ 0, 0, 16, 16 ], "texture": "#up" },
        "north": { "uv": [ 0, 0, 16, 16 ], "texture": "#up" },
        "east":  { "uv": [ 0, 0, 16, 16 ], "texture": "#up" }
    }
},
{
    "from": [ 5.5, 5, 12.5 ],
    "to": [ 6, 6, 13.5 ],
    "__comment": "Bottle*",
    "faces": {
        "up":    { "uv": [ 0, 0, 16, 16 ], "texture": "#up" },
        "south": { "uv": [ 0, 0, 16, 16 ], "texture": "#up" },
        "east":  { "uv": [ 0, 0, 16, 16 ], "texture": "#up" }
    }
},
{
    "from": [ 5.5, 5, 11.5 ],
    "to": [ 6, 6, 12.5 ],
    "__comment": "Bottle*",
    "faces": {
        "up":    { "uv": [ 0, 0, 16, 16 ], "texture": "#up" },
        "east":  { "uv": [ 0, 0, 16, 16 ], "texture": "#up" }
    }
},
{
    "from": [ 5.5, 5, 10.5 ],
    "to": [ 6, 6, 11.5 ],
    "__comment": "Bottle*",
    "faces": {
        "up":    { "uv": [ 0, 0, 16, 16 ], "texture": "#up" },
        "north": { "uv": [ 0, 0, 16, 16 ], "texture": "#up" },
        "east":  { "uv": [ 0, 0, 16, 16 ], "texture": "#up" }
    }
},
{
    "from": [ 5.5, 3, 12.5 ],
    "to": [ 6, 4, 13.5 ],
    "__comment": "Bottle*",
    "faces": {
        "down":  { "uv": [ 0, 0, 16, 16 ], "texture": "#up" },
        "south": { "uv": [ 0, 0, 16, 16 ], "texture": "#up" },
        "east":  { "uv": [ 0, 0, 16, 16 ], "texture": "#up" }
    }
},
{
    "from": [ 5.5, 3, 11.5 ],
    "to": [ 6, 4, 12.5 ],
    "__comment": "Bottle*",
    "faces": {
        "down":  { "uv": [ 0, 0, 16, 16 ], "texture": "#up" },
        "east":  { "uv": [ 0, 0, 16, 16 ], "texture": "#up" }
    }
},
{
    "from": [ 2, 4, 10.5 ],
    "to": [ 2.5, 5, 11.5 ],
    "__comment": "Bottle*",
    "faces": {
        "north": { "uv": [ 0, 0, 16, 16 ], "texture": "#up" },
        "west":  { "uv": [ 0, 0, 16, 16 ], "texture": "#up" }
    }
},
{
    "from": [ 2, 4, 12.5 ],
    "to": [ 2.5, 5, 13.5 ],
    "__comment": "Bottle*",
    "faces": {
        "south": { "uv": [ 0, 0, 16, 16 ], "texture": "#up" },
        "west":  { "uv": [ 0, 0, 16, 16 ], "texture": "#up" }
    }
},
{
    "from": [ 2, 4, 11.5 ],
    "to": [ 2.5, 5, 12.5 ],
    "__comment": "Bottle*",
    "faces": {
        "west":  { "uv": [ 0, 0, 16, 16 ], "texture": "#up" }
    }
},
{
    "from": [ 2, 3, 10.5 ],
    "to": [ 2.5, 4, 11.5 ],
    "__comment": "Bottle*",
    "faces": {
        "down":  { "uv": [ 0, 0, 16, 16 ], "texture": "#up" },
        "north": { "uv": [ 0, 0, 16, 16 ], "texture": "#up" },
        "west":  { "uv": [ 0, 0, 16, 16 ], "texture": "#up" }
    }
},
{
    "from": [ 2, 5, 12.5 ],
    "to": [ 2.5, 6, 13.5 ],
    "__comment": "Bottle*",
    "faces": {
        "up":    { "uv": [ 0, 0, 16, 16 ], "texture": "#up" },
        "south": { "uv": [ 0, 0, 16, 16 ], "texture": "#up" },
        "west":  { "uv": [ 0, 0, 16, 16 ], "texture": "#up" }
    }
},
{
    "from": [ 2, 5, 11.5 ],
    "to": [ 2.5, 6, 12.5 ],
    "__comment": "Bottle*",
    "faces": {
        "up":    { "uv": [ 0, 0, 16, 16 ], "texture": "#up" },
        "west":  { "uv": [ 0, 0, 16, 16 ], "texture": "#up" }
    }
},
{
    "from": [ 2, 5, 10.5 ],
    "to": [ 2.5, 6, 11.5 ],
    "__comment": "Bottle*",
    "faces": {
        "up":    { "uv": [ 0, 0, 16, 16 ], "texture": "#up" },
        "north": { "uv": [ 0, 0, 16, 16 ], "texture": "#up" },
        "west":  { "uv": [ 0, 0, 16, 16 ], "texture": "#up" }
    }
},
{
    "from": [ 2, 3, 12.5 ],
    "to": [ 2.5, 4, 13.5 ],
    "__comment": "Bottle*",
    "faces": {
        "down":  { "uv": [ 0, 0, 16, 16 ], "texture": "#up" },
        "south": { "uv": [ 0, 0, 16, 16 ], "texture": "#up" },
        "west":  { "uv": [ 0, 0, 16, 16 ], "texture": "#up" }
    }
},
{
    "from": [ 2, 3, 11.5 ],
    "to": [ 2.5, 4, 12.5 ],
    "__comment": "Bottle*",
    "faces": {
        "down":  { "uv": [ 0, 0, 16, 16 ], "texture": "#up" },
        "west":  { "uv": [ 0, 0, 16, 16 ], "texture": "#up" }
    }
},
{
    "from": [ 2.5, 5, 13.5 ],
    "to": [ 3.5, 6, 14 ],
    "__comment": "Bottle*",
    "faces": {
        "up":    { "uv": [ 0, 0, 16, 16 ], "texture": "#up" },
        "south": { "uv": [ 0, 0, 16, 16 ], "texture": "#up" },
        "west":  { "uv": [ 0, 0, 16, 16 ], "texture": "#up" }
    }
},
{
    "from": [ 3.5, 5, 13.5 ],
    "to": [ 4.5, 6, 14 ],
    "__comment": "Bottle*",
    "faces": {
        "up":    { "uv": [ 0, 0, 16, 16 ], "texture": "#up" },
        "south": { "uv": [ 0, 0, 16, 16 ], "texture": "#up" }
    }
},
{
    "from": [ 4.5, 5, 13.5 ],
    "to": [ 5.5, 6, 14 ],
    "__comment": "Bottle*",
    "faces": {
        "up":    { "uv": [ 0, 0, 16, 16 ], "texture": "#up" },
        "south": { "uv": [ 0, 0, 16, 16 ], "texture": "#up" },
        "east":  { "uv": [ 0, 0, 16, 16 ], "texture": "#up" }
    }
},
{
    "from": [ 2.5, 3, 13.5 ],
    "to": [ 3.5, 4, 14 ],
    "__comment": "Bottle*",
    "faces": {
        "down":  { "uv": [ 0, 0, 16, 16 ], "texture": "#up" },
        "south": { "uv": [ 0, 0, 16, 16 ], "texture": "#up" },
        "west":  { "uv": [ 0, 0, 16, 16 ], "texture": "#up" }
    }
},
{
    "from": [ 3.5, 3, 13.5 ],
    "to": [ 4.5, 4, 14 ],
    "__comment": "Bottle*",
    "faces": {
        "down":  { "uv": [ 0, 0, 16, 16 ], "texture": "#up" },
        "south": { "uv": [ 0, 0, 16, 16 ], "texture": "#up" }
    }
},
{
    "from": [ 4.5, 3, 13.5 ],
    "to": [ 5.5, 4, 14 ],
    "__comment": "Bottle*",
    "faces": {
        "down":  { "uv": [ 0, 0, 16, 16 ], "texture": "#up" },
        "south": { "uv": [ 0, 0, 16, 16 ], "texture": "#up" },
        "east":  { "uv": [ 0, 0, 16, 16 ], "texture": "#up" }
    }
},
{
    "from": [ 2.5, 4, 13.5 ],
    "to": [ 3.5, 5, 14 ],
    "__comment": "Bottle*",
    "faces": {
        "south": { "uv": [ 0, 0, 16, 16 ], "texture": "#up" },
        "west":  { "uv": [ 0, 0, 16, 16 ], "texture": "#up" }
    }
},
{
    "from": [ 3.5, 4, 13.5 ],
    "to": [ 4.5, 5, 14 ],
    "__comment": "Bottle*",
    "faces": {
        "south": { "uv": [ 0, 0, 16, 16 ], "texture": "#up" }
    }
},
{
    "from": [ 4.5, 4, 13.5 ],
    "to": [ 5.5, 5, 14 ],
    "__comment": "Bottle*",
    "faces": {
        "south": { "uv": [ 0, 0, 16, 16 ], "texture": "#up" },
        "east":  { "uv": [ 0, 0, 16, 16 ], "texture": "#up" }
    }
},
{
    "from": [ 2.5, 5, 10 ],
    "to": [ 3.5, 6, 10.5 ],
    "__comment": "Bottle*",
    "faces": {
        "up":    { "uv": [ 0, 0, 16, 16 ], "texture": "#up" },
        "north": { "uv": [ 0, 0, 16, 16 ], "texture": "#up" },
        "west":  { "uv": [ 0, 0, 16, 16 ], "texture": "#up" }
    }
},
{
    "from": [ 3.5, 5, 10 ],
    "to": [ 4.5, 6, 10.5 ],
    "__comment": "Bottle*",
    "faces": {
        "up":    { "uv": [ 0, 0, 16, 16 ], "texture": "#up" },
        "north": { "uv": [ 0, 0, 16, 16 ], "texture": "#up" }
    }
},
{
    "from": [ 4.5, 5, 10 ],
    "to": [ 5.5, 6, 10.5 ],
    "__comment": "Bottle*",
    "faces": {
        "up":    { "uv": [ 0, 0, 16, 16 ], "texture": "#up" },
        "north": { "uv": [ 0, 0, 16, 16 ], "texture": "#up" }
    }
},
{
    "from": [ 2.5, 3, 10 ],
    "to": [ 3.5, 4, 10.5 ],
    "__comment": "Bottle*",
    "faces": {
        "down":  { "uv": [ 0, 0, 16, 16 ], "texture": "#up" },
        "north": { "uv": [ 0, 0, 16, 16 ], "texture": "#up" },
        "west":  { "uv": [ 0, 0, 16, 16 ], "texture": "#up" }
    }
},
{
    "from": [ 3.5, 3, 10 ],
    "to": [ 4.5, 4, 10.5 ],
    "__comment": "Bottle*",
    "faces": {
        "down":  { "uv": [ 0, 0, 16, 16 ], "texture": "#up" },
        "north": { "uv": [ 0, 0, 16, 16 ], "texture": "#up" }
    }
},
{
    "from": [ 4.5, 3, 10 ],
    "to": [ 5.5, 4, 10.5 ],
    "__comment": "Bottle*",
    "faces": {
        "down":  { "uv": [ 0, 0, 16, 16 ], "texture": "#up" },
        "north": { "uv": [ 0, 0, 16, 16 ], "texture": "#up" }
    }
},
{
    "from": [ 2.5, 4, 10 ],
    "to": [ 3.5, 5, 10.5 ],
    "__comment": "Bottle*",
    "faces": {
        "north": { "uv": [ 0, 0, 16, 16 ], "texture": "#up" },
        "west":  { "uv": [ 0, 0, 16, 16 ], "texture": "#up" }
    }
},
{
    "from": [ 3.5, 4, 10 ],
    "to": [ 4.5, 5, 10.5 ],
    "__comment": "Bottle*",
    "faces": {
        "north": { "uv": [ 0, 0, 16, 16 ], "texture": "#up" }
    }
},
{
    "from": [ 4.5, 4, 10 ],
    "to": [ 5.5, 5, 10.5 ],
    "__comment": "Bottle*",
    "faces": {
        "north": { "uv": [ 0, 0, 16, 16 ], "texture": "#up" }
    }
},
{
    "from": [ 4.5, 2.5, 11.5 ],
    "to": [ 5.5, 3, 12.5 ],
    "__comment": "Bottle*",
    "faces": {
        "down":  { "uv": [ 0, 0, 16, 16 ], "texture": "#up" },
        "east":  { "uv": [ 0, 0, 16, 16 ], "texture": "#up" }
    }
},
{
    "from": [ 4.5, 2.5, 10.5 ],
    "to": [ 5.5, 3, 11.5 ],
    "__comment": "Bottle*",
    "faces": {
        "down":  { "uv": [ 0, 0, 16, 16 ], "texture": "#up" },
        "north": { "uv": [ 0, 0, 16, 16 ], "texture": "#up" },
        "east":  { "uv": [ 0, 0, 16, 16 ], "texture": "#up" }
    }
},
{
    "from": [ 3.5, 2.5, 12.5 ],
    "to": [ 4.5, 3, 13.5 ],
    "__comment": "Bottle*",
    "faces": {
        "down":  { "uv": [ 0, 0, 16, 16 ], "texture": "#up" },
        "south": { "uv": [ 0, 0, 16, 16 ], "texture": "#up" }
    }
},
{
    "from": [ 3.5, 2.5, 11.5 ],
    "to": [ 4.5, 3, 12.5 ],
    "__comment": "Bottle*",
    "faces": {
        "down":  { "uv": [ 0, 0, 16, 16 ], "texture": "#up" }
    }
},
{
    "from": [ 3.5, 2.5, 10.5 ],
    "to": [ 4.5, 3, 11.5 ],
    "__comment": "Bottle*",
    "faces": {
        "down":  { "uv": [ 0, 0, 16, 16 ], "texture": "#up" },
        "north": { "uv": [ 0, 0, 16, 16 ], "texture": "#up" }
    }
},
{
    "from": [ 4.5, 2.5, 12.5 ],
    "to": [ 5.5, 3, 13.5 ],
    "__comment": "Bottle*",
    "faces": {
        "down":  { "uv": [ 0, 0, 16, 16 ], "texture": "#up" },
        "south": { "uv": [ 0, 0, 16, 16 ], "texture": "#up" },
        "east":  { "uv": [ 0, 0, 16, 16 ], "texture": "#up" }
    }
},
{
    "from": [ 2.5, 2.5, 11.5 ],
    "to": [ 3.5, 3, 12.5 ],
    "__comment": "Bottle*",
    "faces": {
        "down":  { "uv": [ 0, 0, 16, 16 ], "texture": "#up" },
        "west":  { "uv": [ 0, 0, 16, 16 ], "texture": "#up" }
    }
},
{
    "from": [ 2.5, 2.5, 10.5 ],
    "to": [ 3.5, 3, 11.5 ],
    "__comment": "Bottle*",
    "faces": {
        "down":  { "uv": [ 0, 0, 16, 16 ], "texture": "#up" },
        "north": { "uv": [ 0, 0, 16, 16 ], "texture": "#up" },
        "west":  { "uv": [ 0, 0, 16, 16 ], "texture": "#up" }
    }
},
{
    "from": [ 2.5, 2.5, 12.5 ],
    "to": [ 3.5, 3, 13.5 ],
    "__comment": "Bottle*",
    "faces": {
        "down":  { "uv": [ 0, 0, 16, 16 ], "texture": "#up" },
        "south": { "uv": [ 0, 0, 16, 16 ], "texture": "#up" },
        "west":  { "uv": [ 0, 0, 16, 16 ], "texture": "#up" }
    }
},
{
    "from": [ 2.5, 3, 10.5 ],
    "to": [ 5.5, 5.5, 13.5 ],
    "__comment": "Cube*",
    "faces": {
        "down":  { "uv": [ 2.5, 13.5, 5.5, 10.5 ], "texture": "#south" },
        "up":    { "uv": [ 2.5, 10.5, 5.5, 13.5 ], "texture": "#south" },
        "north": { "uv": [ 5.5, 10.5, 2.5, 13 ], "texture": "#south" },
        "south": { "uv": [ 2.5, 10.5, 5.5, 13 ], "texture": "#south" },
        "west":  { "uv": [ 10.5, 10.5, 13.5, 13 ], "texture": "#south" },
        "east":  { "uv": [ 13.5, 10.5, 10.5, 13 ], "texture": "#south" }
    }
}
]
}