{
"__comment": "Designed by Sibsib92 with BDcraft Cubik PRO 0.85 Beta - http://bdcraft.net",
"ambientocclusion": false,
"textures": {
    "particle": "blocks/cobblestone_mossy"
},
"elements": [ 
{
    "__comment": "Middle",
    "from": [ 5.1875, 17, 8 ],
    "to": [ 9.1875, 18, 12 ],
    "rotation": { "origin": [ 5.1875, 17, 8 ], "axis": "y", "angle": 45 },
    "faces": {
        "up":    { "uv": [ 6, 6, 10, 10 ], "texture": "#particle" },
        "north": { "uv": [ 6, 6, 10, 7 ], "texture": "#particle" },
        "south": { "uv": [ 6, 6, 10, 7 ], "texture": "#particle" },
        "west":  { "uv": [ 6, 6, 10, 7 ], "texture": "#particle" },
        "east":  { "uv": [ 6, 6, 10, 7 ], "texture": "#particle" }
    }
},
{
    "__comment": "Middle",
    "from": [ 3.75, 16, 8 ],
    "to": [ 9.75, 17, 14 ],
    "rotation": { "origin": [ 3.75, 16, 8 ], "axis": "y", "angle": 45 },
    "faces": {
        "up":    { "uv": [ 5, 5, 11, 11 ], "texture": "#particle" },
        "north": { "uv": [ 5, 4, 11, 5 ], "texture": "#particle" },
        "south": { "uv": [ 5, 4, 11, 5 ], "texture": "#particle" },
        "west":  { "uv": [ 5, 4, 11, 5 ], "texture": "#particle" },
        "east":  { "uv": [ 5, 4, 11, 5 ], "texture": "#particle" }
    }
},
{
    "__comment": "Middle",
    "from": [ 2.3125, 0, 8 ],
    "to": [ 10.3125, 4, 16 ],
    "rotation": { "origin": [ 2.3125, 0, 8 ], "axis": "y", "angle": 45 },
    "faces": {
        "down":  { "uv": [ 4, 12, 12, 4 ], "texture": "#particle" },
        "up":    { "uv": [ 4, 4, 12, 12 ], "texture": "#particle" },
        "north": { "uv": [ 4, 12, 12, 16 ], "texture": "#particle" },
        "south": { "uv": [ 4, 12, 12, 16 ], "texture": "#particle" },
        "west":  { "uv": [ 4, 12, 12, 16 ], "texture": "#particle" },
        "east":  { "uv": [ 4, 12, 12, 16 ], "texture": "#particle" }
    }
},
{
    "__comment": "Middle",
    "from": [ 3.75, 4, 8 ],
    "to": [ 9.75, 7, 14 ],
    "rotation": { "origin": [ 3.75, 4, 8 ], "axis": "y", "angle": 45 },
    "faces": {
        "up":    { "uv": [ 5, 5, 11, 11 ], "texture": "#particle" },
        "north": { "uv": [ 5, 9, 11, 12 ], "texture": "#particle" },
        "south": { "uv": [ 5, 9, 11, 12 ], "texture": "#particle" },
        "west":  { "uv": [ 5, 9, 11, 12 ], "texture": "#particle" },
        "east":  { "uv": [ 5, 9, 11, 12 ], "texture": "#particle" }
    }
},
{
    "__comment": "Middle",
    "from": [ 5.1875, 7, 8 ],
    "to": [ 9.1875, 9, 12 ],
    "rotation": { "origin": [ 5.1875, 7, 8 ], "axis": "y", "angle": 45 },
    "faces": {
        "north": { "uv": [ 6, 7, 10, 9 ], "texture": "#particle" },
        "south": { "uv": [ 6, 7, 10, 9 ], "texture": "#particle" },
        "west":  { "uv": [ 6, 7, 10, 9 ], "texture": "#particle" },
        "east":  { "uv": [ 6, 7, 10, 9 ], "texture": "#particle" }
    }
},
{
    "__comment": "Middle",
    "from": [ 3.75, 9, 8 ],
    "to": [ 9.75, 12, 14 ],
    "rotation": { "origin": [ 3.75, 9, 8 ], "axis": "y", "angle": 45 },
    "faces": {
        "down":  { "uv": [ 5, 11, 11, 5 ], "texture": "#particle" },
        "north": { "uv": [ 5, 4, 11, 7 ], "texture": "#particle" },
        "south": { "uv": [ 5, 4, 11, 7 ], "texture": "#particle" },
        "west":  { "uv": [ 5, 4, 11, 7 ], "texture": "#particle" },
        "east":  { "uv": [ 5, 4, 11, 7 ], "texture": "#particle" }
    }
},
{
    "__comment": "Middle",
    "from": [ 2.3125, 12, 8 ],
    "to": [ 10.3125, 16, 16 ],
    "rotation": { "origin": [ 2.3125, 12, 8 ], "axis": "y", "angle": 45 },
    "faces": {
        "down":  { "uv": [ 4, 12, 12, 4 ], "texture": "#particle" },
        "up":    { "uv": [ 4, 4, 12, 12 ], "texture": "#particle" },
        "north": { "uv": [ 4, 0, 12, 4 ], "texture": "#particle" },
        "south": { "uv": [ 4, 0, 12, 4 ], "texture": "#particle" },
        "west":  { "uv": [ 4, 0, 12, 4 ], "texture": "#particle" },
        "east":  { "uv": [ 4, 0, 12, 4 ], "texture": "#particle" }
    }
}
],
"display": {
    "thirdperson": {
        "rotation": [ -135, 0, 0 ],
        "translation": [ 0, 2, -4 ],
        "scale": [ 1, 1, 1 ]
    },
    "head": {
        "rotation": [ 0, 0, 0 ],
        "translation": [ 0, 7.5, 0 ],
        "scale": [ 1, 1, 1 ]
    },
    "firstperson": {
        "rotation": [ 0, 0, 0 ],
        "translation": [ 0, 0, 0 ],
        "scale": [ 1, 1, 1 ]
    },
    "gui": {
        "rotation": [ 0, 45, 0 ],
        "translation": [ 0, 0, 0 ],
        "scale": [ 1, 1, 1 ]
    }
}
}