{
"__comment": "3D Models by Sibsib92 with BDcraft Cubik PRO 0.87 Beta - http://bdcraft.net",
"textures": {
    "particle": "blocks/crafting_table_top",
    "texture": "blocks/planks_oak",
    "top": "blocks/itemframe_background",
    "front": "blocks/log_spruce",
    "side": "blocks/log_spruce_top",
    "brown": "blocks/hardened_clay_stained_brown",
    "silver": "blocks/iron_block"
},
"elements": [ 
{
    "__comment": "Bot",
    "from": [ 0, 0, 0 ],
    "to": [ 16, 1, 16 ],
    "faces": {
        "down":  { "uv": [ 0, 16, 16, 0 ], "texture": "#texture" },
        "up":    { "uv": [ 0, 0, 16, 16 ], "texture": "#texture" },
        "north": { "uv": [ 16, 0, 0, 1 ], "texture": "#texture" },
        "south": { "uv": [ 0, 15, 16, 16 ], "texture": "#texture" },
        "west":  { "uv": [ 0, 16, 1, 0 ], "rotation": 90, "texture": "#texture" },
        "east":  { "uv": [ 0, 0, 1, 16 ], "rotation": 90, "texture": "#texture" }
    }
},
{
    "__comment": "Mid",
    "from": [ 1, 1, 1 ],
    "to": [ 15, 15.5, 15 ],
    "faces": {
        "up":    { "uv": [ 1, 1, 15, 15 ], "texture": "#top" },
        "north": { "uv": [ 1, 0.5, 15, 15 ], "texture": "#texture" },
        "south": { "uv": [ 1, 0.5, 15, 15 ], "texture": "#texture" },
        "west":  { "uv": [ 1, 0.5, 15, 15 ], "texture": "#texture" },
        "east":  { "uv": [ 1, 0.5, 15, 15 ], "texture": "#texture" }
    }
},
{
    "__comment": "Craft Grid",
    "from": [ 12, 15.5, 3 ],
    "to": [ 13, 16.0625, 4 ],
    "faces": {
        "up":    { "uv": [ 12, 3, 13, 4 ], "texture": "#brown" },
        "north": { "uv": [ 12, 3, 13, 3.5 ], "texture": "#brown" },
        "south": { "uv": [ 12, 3, 13, 3.5 ], "texture": "#brown" },
        "west":  { "uv": [ 12, 3, 13, 3.5 ], "texture": "#brown" },
        "east":  { "uv": [ 12, 3, 13, 3.5 ], "texture": "#brown" }
    }
},
{
    "__comment": "Craft Grid",
    "from": [ 12, 15.5, 12 ],
    "to": [ 13, 16.0625, 13 ],
    "faces": {
        "up":    { "uv": [ 12, 12, 13, 13 ], "texture": "#brown" },
        "north": { "uv": [ 3, 12, 4, 12.5 ], "texture": "#brown" },
        "south": { "uv": [ 3, 12, 4, 12.5 ], "texture": "#brown" },
        "west":  { "uv": [ 3, 12, 4, 12.5 ], "texture": "#brown" },
        "east":  { "uv": [ 3, 12, 4, 12.5 ], "texture": "#brown" }
    }
},
{
    "__comment": "Craft Grid",
    "from": [ 3, 15.5, 12 ],
    "to": [ 4, 16.0625, 13 ],
    "faces": {
        "up":    { "uv": [ 3, 12, 4, 13 ], "texture": "#brown" },
        "north": { "uv": [ 3, 12, 4, 12.5 ], "texture": "#brown" },
        "south": { "uv": [ 3, 12, 4, 12.5 ], "texture": "#brown" },
        "west":  { "uv": [ 3, 12, 4, 12.5 ], "texture": "#brown" },
        "east":  { "uv": [ 3, 12, 4, 12.5 ], "texture": "#brown" }
    }
},
{
    "__comment": "Craft Grid",
    "from": [ 3, 15.5, 3 ],
    "to": [ 4, 16.0625, 4 ],
    "faces": {
        "up":    { "uv": [ 3, 3, 4, 4 ], "texture": "#brown" },
        "north": { "uv": [ 3, 3, 4, 3.5 ], "texture": "#brown" },
        "south": { "uv": [ 3, 3, 4, 3.5 ], "texture": "#brown" },
        "west":  { "uv": [ 3, 3, 4, 3.5 ], "texture": "#brown" },
        "east":  { "uv": [ 3, 3, 4, 3.5 ], "texture": "#brown" }
    }
},
{
    "__comment": "Craft Grid",
    "from": [ 3.5, 14.25, 8.8125 ],
    "to": [ 12.5, 15.25, 9.8125 ],
    "rotation": { "origin": [ 3.5, 15.25, 8.8125 ], "axis": "x", "angle": -45 },
    "faces": {
        "up":    { "uv": [ 3.5, 9, 12.5, 10 ], "texture": "#brown" },
        "south": { "uv": [ 3.5, 9, 12.5, 10 ], "texture": "#brown" }
    }
},
{
    "__comment": "Craft Grid",
    "from": [ 3.5, 14.25, 5.8125 ],
    "to": [ 12.5, 15.25, 6.8125 ],
    "rotation": { "origin": [ 3.5, 15.25, 5.8125 ], "axis": "x", "angle": -45 },
    "faces": {
        "up":    { "uv": [ 3.5, 6, 12.5, 7 ], "texture": "#brown" },
        "south": { "uv": [ 3.5, 6, 12.5, 7 ], "texture": "#brown" }
    }
},
{
    "__comment": "Craft Grid",
    "from": [ 3.5, 14.25, 11.8125 ],
    "to": [ 12.5, 15.25, 12.8125 ],
    "rotation": { "origin": [ 3.5, 15.25, 11.8125 ], "axis": "x", "angle": -45 },
    "faces": {
        "up":    { "uv": [ 3.5, 9, 12.5, 10 ], "texture": "#brown" },
        "south": { "uv": [ 3.5, 9, 12.5, 10 ], "texture": "#brown" }
    }
},
{
    "__comment": "Craft Grid",
    "from": [ 3.5, 14.25, 2.8125 ],
    "to": [ 12.5, 15.25, 3.8125 ],
    "rotation": { "origin": [ 3.5, 15.25, 2.8125 ], "axis": "x", "angle": -45 },
    "faces": {
        "up":    { "uv": [ 3.5, 6, 12.5, 7 ], "texture": "#brown" },
        "south": { "uv": [ 3.5, 6, 12.5, 7 ], "texture": "#brown" }
    }
},
{
    "__comment": "Craft Grid",
    "from": [ 11.8125, 14.25, 3.5 ],
    "to": [ 12.8125, 15.25, 12.5 ],
    "rotation": { "origin": [ 11.8125, 15.25, 3.5 ], "axis": "z", "angle": 45 },
    "faces": {
        "up":    { "uv": [ 12, 3.5, 13, 12.5 ], "texture": "#brown" },
        "east":  { "uv": [ 12, 3.5, 13, 12.5 ], "rotation": 90, "texture": "#brown" }
    }
},
{
    "__comment": "Craft Grid",
    "from": [ 2.8125, 14.25, 3.5 ],
    "to": [ 3.8125, 15.25, 12.5 ],
    "rotation": { "origin": [ 2.8125, 15.25, 3.5 ], "axis": "z", "angle": 45 },
    "faces": {
        "up":    { "uv": [ 3, 3.5, 4, 12.5 ], "texture": "#brown" },
        "east":  { "uv": [ 3, 3.5, 4, 12.5 ], "rotation": 90, "texture": "#brown" }
    }
},
{
    "__comment": "Craft Grid",
    "from": [ 8.8125, 14.25, 3.5 ],
    "to": [ 9.8125, 15.25, 12.5 ],
    "rotation": { "origin": [ 8.8125, 15.25, 3.5 ], "axis": "z", "angle": 45 },
    "faces": {
        "up":    { "uv": [ 9, 3.5, 10, 12.5 ], "texture": "#brown" },
        "east":  { "uv": [ 9, 3.5, 10, 12.5 ], "rotation": 90, "texture": "#brown" }
    }
},
{
    "__comment": "Craft Grid",
    "from": [ 5.8125, 14.25, 3.5 ],
    "to": [ 6.8125, 15.25, 12.5 ],
    "rotation": { "origin": [ 5.8125, 15.25, 3.5 ], "axis": "z", "angle": 45 },
    "faces": {
        "up":    { "uv": [ 6, 3.5, 7, 12.5 ], "texture": "#brown" },
        "east":  { "uv": [ 6, 3.5, 7, 12.5 ], "rotation": 90, "texture": "#brown" }
    }
},
{
    "__comment": "Top Corners",
    "from": [ 0.125, 15.125, 1.875 ],
    "to": [ 2.625, 15.625, 3.375 ],
    "rotation": { "origin": [ 0.125, 15.125, 1.875 ], "axis": "y", "angle": 45 },
    "faces": {
        "up":    { "uv": [ 1, 1, 3, 3 ], "texture": "#texture" }
    }
},
{
    "__comment": "Top Corners",
    "from": [ 13.125, 15.125, 14.875 ],
    "to": [ 15.625, 15.625, 16.375 ],
    "rotation": { "origin": [ 13.125, 15.125, 14.875 ], "axis": "y", "angle": 45 },
    "faces": {
        "up":    { "uv": [ 1, 1, 3, 3 ], "texture": "#texture" }
    }
},
{
    "__comment": "Top Corners",
    "from": [ 14.1875, 15.125, 0.125 ],
    "to": [ 16.6875, 15.625, 1.625 ],
    "rotation": { "origin": [ 14.1875, 15.125, 0.125 ], "axis": "y", "angle": -45 },
    "faces": {
        "up":    { "uv": [ 1, 1, 3, 3 ], "texture": "#texture" }
    }
},
{
    "__comment": "Top Corners",
    "from": [ 1.1875, 15.125, 13.125 ],
    "to": [ 3.6875, 15.625, 14.625 ],
    "rotation": { "origin": [ 1.1875, 15.125, 13.125 ], "axis": "y", "angle": -45 },
    "faces": {
        "up":    { "uv": [ 1, 1, 3, 3 ], "texture": "#texture" }
    }
},
{
    "__comment": "Top Inner Corners",
    "from": [ 0.125, 15.25, 3.625 ],
    "to": [ 5.125, 15.75, 4.625 ],
    "rotation": { "origin": [ 0.125, 15.25, 3.625 ], "axis": "y", "angle": 45 },
    "faces": {
        "up":    { "uv": [ 0, 0, 3.5, 1 ], "texture": "#front" },
        "north": { "uv": [ 3.5, 0, 0, 1 ], "texture": "#front" },
        "south": { "uv": [ 0, 0, 3.5, 1 ], "texture": "#front" }
    }
},
{
    "__comment": "Top Inner Corners",
    "from": [ 11.6875, 15.25, 15.1875 ],
    "to": [ 16.6875, 15.75, 16.1875 ],
    "rotation": { "origin": [ 11.6875, 15.25, 15.1875 ], "axis": "y", "angle": 45 },
    "faces": {
        "up":    { "uv": [ 0, 0, 3.5, 1 ], "texture": "#front" },
        "north": { "uv": [ 3.5, 0, 0, 1 ], "texture": "#front" },
        "south": { "uv": [ 0, 0, 3.5, 1 ], "texture": "#front" }
    }
},
{
    "__comment": "Top Inner Corners",
    "from": [ 12.4375, 15.25, 0.125 ],
    "to": [ 17.4375, 15.75, 1.125 ],
    "rotation": { "origin": [ 12.4375, 15.25, 0.125 ], "axis": "y", "angle": -45 },
    "faces": {
        "up":    { "uv": [ 0, 0, 3.5, 1 ], "texture": "#front" },
        "north": { "uv": [ 3.5, 0, 0, 1 ], "texture": "#front" },
        "south": { "uv": [ 0, 0, 3.5, 1 ], "texture": "#front" }
    }
},
{
    "__comment": "Top Inner Corners",
    "from": [ 0.875, 15.25, 11.6875 ],
    "to": [ 5.875, 15.75, 12.6875 ],
    "rotation": { "origin": [ 0.875, 15.25, 11.6875 ], "axis": "y", "angle": -45 },
    "faces": {
        "up":    { "uv": [ 0, 0, 3.5, 1 ], "texture": "#front" },
        "north": { "uv": [ 3.5, 0, 0, 1 ], "texture": "#front" },
        "south": { "uv": [ 0, 0, 3.5, 1 ], "texture": "#front" }
    }
},
{
    "__comment": "Saw",
    "from": [ 0, 10, 11 ],
    "to": [ 0.5, 13, 14 ],
    "faces": {
        "down":  { "uv": [ 16, 14, 15.5, 11 ], "texture": "#brown" },
        "up":    { "uv": [ 0, 11, 0.5, 14 ], "texture": "#brown" },
        "north": { "uv": [ 15.5, 3, 16, 6 ], "texture": "#brown" },
        "south": { "uv": [ 0, 3, 0.5, 6 ], "texture": "#brown" },
        "west":  { "uv": [ 11, 3, 14, 6 ], "texture": "#brown" }
    }
},
{
    "__comment": "Saw",
    "from": [ 0.25, 8, 11 ],
    "to": [ 0.75, 10, 12 ],
    "faces": {
        "west":  { "uv": [ 1, 2, 3, 3 ], "rotation": 90, "texture": "#silver" }
    }
},
{
    "__comment": "Saw",
    "from": [ 0.25, 5, 12 ],
    "to": [ 0.75, 10, 13 ],
    "faces": {
        "west":  { "uv": [ 1, 1, 6, 2 ], "rotation": 90, "texture": "#silver" }
    }
},
{
    "__comment": "Saw",
    "from": [ 0.25, 3, 13 ],
    "to": [ 0.75, 10, 14 ],
    "faces": {
        "west":  { "uv": [ 1, 0, 8, 1 ], "rotation": 90, "texture": "#silver" }
    }
},
{
    "__comment": "Saw",
    "from": [ -0.5, 11, 12 ],
    "to": [ 1, 12, 13 ],
    "faces": {
        "down":  { "uv": [ 1.5, 1, 0, 0 ], "texture": "#front" },
        "up":    { "uv": [ 0, 0, 1.5, 1 ], "texture": "#front" },
        "north": { "uv": [ 0, 0, 1.5, 1 ], "texture": "#front" },
        "south": { "uv": [ 0, 0, 1.5, 1 ], "texture": "#front" },
        "west":  { "uv": [ 0, 0, 1, 1 ], "texture": "#front" }
    }
},
{
    "__comment": "Saw",
    "from": [ 15.5, 10, 2 ],
    "to": [ 16, 13, 5 ],
    "faces": {
        "down":  { "uv": [ 16, 14, 15.5, 11 ], "rotation": 180, "texture": "#brown" },
        "up":    { "uv": [ 0, 11, 0.5, 14 ], "rotation": 180, "texture": "#brown" },
        "north": { "uv": [ 0, 3, 0.5, 6 ], "texture": "#brown" },
        "south": { "uv": [ 15.5, 3, 16, 6 ], "texture": "#brown" },
        "east":  { "uv": [ 11, 3, 14, 6 ], "texture": "#brown" }
    }
},
{
    "__comment": "Saw",
    "from": [ 15.25, 8, 4 ],
    "to": [ 15.75, 10, 5 ],
    "faces": {
        "east":  { "uv": [ 1, 2, 3, 3 ], "rotation": 90, "texture": "#silver" }
    }
},
{
    "__comment": "Saw",
    "from": [ 15.25, 5, 3 ],
    "to": [ 15.75, 10, 4 ],
    "faces": {
        "east":  { "uv": [ 1, 1, 6, 2 ], "rotation": 90, "texture": "#silver" }
    }
},
{
    "__comment": "Saw",
    "from": [ 15.25, 3, 2 ],
    "to": [ 15.75, 10, 3 ],
    "faces": {
        "east":  { "uv": [ 1, 0, 8, 1 ], "rotation": 90, "texture": "#silver" }
    }
},
{
    "__comment": "Saw",
    "from": [ 15, 11, 3 ],
    "to": [ 16.5, 12, 4 ],
    "faces": {
        "down":  { "uv": [ 1.5, 1, 0, 0 ], "rotation": 180, "texture": "#front" },
        "up":    { "uv": [ 0, 0, 1.5, 1 ], "rotation": 180, "texture": "#front" },
        "north": { "uv": [ 0, 0, 1.5, 1 ], "texture": "#front" },
        "south": { "uv": [ 0, 0, 1.5, 1 ], "texture": "#front" },
        "east":  { "uv": [ 0, 0, 1, 1 ], "texture": "#front" }
    }
},
{
    "__comment": "Hammer",
    "from": [ -1, 6, 5 ],
    "to": [ 1, 7, 6 ],
    "faces": {
        "down":  { "uv": [ 1.5, 1, 0, 0 ], "texture": "#front" },
        "up":    { "uv": [ 0, 0, 1.5, 1 ], "texture": "#front" },
        "north": { "uv": [ 0, 0, 1.5, 1 ], "texture": "#front" },
        "south": { "uv": [ 0, 0, 1.5, 1 ], "texture": "#front" },
        "west":  { "uv": [ 0, 0, 1, 1 ], "texture": "#front" }
    }
},
{
    "__comment": "Hammer",
    "from": [ -1, 5, 2.5 ],
    "to": [ 1, 6, 3.5 ],
    "faces": {
        "down":  { "uv": [ 1.5, 1, 0, 0 ], "texture": "#front" },
        "up":    { "uv": [ 0, 0, 1.5, 1 ], "texture": "#front" },
        "north": { "uv": [ 0, 0, 1.5, 1 ], "texture": "#front" },
        "south": { "uv": [ 0, 0, 1.5, 1 ], "texture": "#front" },
        "west":  { "uv": [ 0, 0, 1, 1 ], "texture": "#front" }
    }
},
{
    "__comment": "Hammer",
    "from": [ -0.5, 5, 4 ],
    "to": [ 0.5, 8, 5 ],
    "faces": {
        "down":  { "uv": [ 16, 16, 15.5, 15 ], "texture": "#silver" },
        "up":    { "uv": [ 15.5, 13, 16, 14 ], "texture": "#silver" },
        "north": { "uv": [ 15.5, 13, 16, 16 ], "texture": "#silver" },
        "south": { "uv": [ 15.5, 13, 16, 16 ], "texture": "#silver" },
        "west":  { "uv": [ 15, 13, 16, 16 ], "texture": "#silver" }
    }
},
{
    "__comment": "Hammer",
    "from": [ -0.5, 6, 2 ],
    "to": [ 0.5, 7, 4 ],
    "faces": {
        "down":  { "uv": [ 9, 6, 8.5, 4 ], "texture": "#silver" },
        "up":    { "uv": [ 8.5, 4, 9, 6 ], "texture": "#silver" },
        "north": { "uv": [ 15.5, 9, 16, 10 ], "texture": "#silver" },
        "west":  { "uv": [ 7, 10, 9, 11 ], "texture": "#silver" }
    }
},
{
    "__comment": "Hammer",
    "from": [ -0.5, 7, 3 ],
    "to": [ 0.5, 11, 4 ],
    "faces": {
        "up":    { "uv": [ 0, 3, 0.5, 4 ], "texture": "#brown" },
        "north": { "uv": [ 15.5, 5, 16, 9 ], "texture": "#brown" },
        "south": { "uv": [ 0, 5, 0.5, 9 ], "texture": "#brown" },
        "west":  { "uv": [ 3, 5, 4, 9 ], "texture": "#brown" }
    }
},
{
    "__comment": "Hammer",
    "from": [ 15, 6, 10 ],
    "to": [ 17, 7, 11 ],
    "faces": {
        "down":  { "uv": [ 1.5, 1, 0, 0 ], "rotation": 180, "texture": "#front" },
        "up":    { "uv": [ 0, 0, 1.5, 1 ], "rotation": 180, "texture": "#front" },
        "north": { "uv": [ 0, 0, 1.5, 1 ], "texture": "#front" },
        "south": { "uv": [ 0, 0, 1.5, 1 ], "texture": "#front" },
        "east":  { "uv": [ 0, 0, 1, 1 ], "texture": "#front" }
    }
},
{
    "__comment": "Hammer",
    "from": [ 15, 5, 12.5 ],
    "to": [ 17, 6, 13.5 ],
    "faces": {
        "down":  { "uv": [ 1.5, 1, 0, 0 ], "rotation": 180, "texture": "#front" },
        "up":    { "uv": [ 0, 0, 1.5, 1 ], "rotation": 180, "texture": "#front" },
        "north": { "uv": [ 0, 0, 1.5, 1 ], "texture": "#front" },
        "south": { "uv": [ 0, 0, 1.5, 1 ], "texture": "#front" },
        "east":  { "uv": [ 0, 0, 1, 1 ], "texture": "#front" }
    }
},
{
    "__comment": "Hammer",
    "from": [ 15.5, 5, 11 ],
    "to": [ 16.5, 8, 12 ],
    "faces": {
        "down":  { "uv": [ 16, 16, 15.5, 15 ], "rotation": 180, "texture": "#silver" },
        "up":    { "uv": [ 15.5, 13, 16, 14 ], "rotation": 180, "texture": "#silver" },
        "north": { "uv": [ 15.5, 13, 16, 16 ], "texture": "#silver" },
        "south": { "uv": [ 15.5, 13, 16, 16 ], "texture": "#silver" },
        "east":  { "uv": [ 15, 13, 16, 16 ], "texture": "#silver" }
    }
},
{
    "__comment": "Hammer",
    "from": [ 15.5, 6, 12 ],
    "to": [ 16.5, 7, 14 ],
    "faces": {
        "down":  { "uv": [ 9, 6, 8.5, 4 ], "rotation": 180, "texture": "#silver" },
        "up":    { "uv": [ 8.5, 4, 9, 6 ], "rotation": 180, "texture": "#silver" },
        "south": { "uv": [ 15.5, 9, 16, 10 ], "texture": "#silver" },
        "east":  { "uv": [ 7, 10, 9, 11 ], "texture": "#silver" }
    }
},
{
    "__comment": "Hammer",
    "from": [ 15.5, 7, 12 ],
    "to": [ 16.5, 11, 13 ],
    "faces": {
        "up":    { "uv": [ 0, 3, 0.5, 4 ], "rotation": 180, "texture": "#brown" },
        "north": { "uv": [ 0, 5, 0.5, 9 ], "texture": "#brown" },
        "south": { "uv": [ 15.5, 5, 16, 9 ], "texture": "#brown" },
        "east":  { "uv": [ 3, 5, 4, 9 ], "texture": "#brown" }
    }
},
{
    "__comment": "Scissor",
    "from": [ 4, 9.5, 15 ],
    "to": [ 5, 10.5, 16.5 ],
    "faces": {
        "down":  { "uv": [ 1.5, 1, 0, 0 ], "rotation": 90, "texture": "#front" },
        "up":    { "uv": [ 0, 0, 1.5, 1 ], "rotation": 270, "texture": "#front" },
        "south": { "uv": [ 0, 0, 1, 1 ], "texture": "#front" },
        "west":  { "uv": [ 0, 0, 1.5, 1 ], "texture": "#front" },
        "east":  { "uv": [ 0, 0, 1.5, 1 ], "texture": "#front" }
    }
},
{
    "__comment": "Scissor",
    "from": [ 4, 7, 15 ],
    "to": [ 5, 8, 16.5 ],
    "faces": {
        "down":  { "uv": [ 1.5, 1, 0, 0 ], "rotation": 90, "texture": "#front" },
        "up":    { "uv": [ 0, 0, 1.5, 1 ], "rotation": 270, "texture": "#front" },
        "south": { "uv": [ 0, 0, 1, 1 ], "texture": "#front" },
        "west":  { "uv": [ 0, 0, 1.5, 1 ], "texture": "#front" },
        "east":  { "uv": [ 0, 0, 1.5, 1 ], "texture": "#front" }
    }
},
{
    "__comment": "Scissor",
    "from": [ 3, 6, 15.25 ],
    "to": [ 4, 8, 15.75 ],
    "faces": {
        "down":  { "uv": [ 16, 16, 15.5, 15 ], "rotation": 90, "texture": "#silver" },
        "up":    { "uv": [ 15.5, 13, 16, 14 ], "rotation": 270, "texture": "#silver" },
        "south": { "uv": [ 15, 14, 16, 16 ], "texture": "#silver" },
        "west":  { "uv": [ 15.5, 14, 16, 16 ], "texture": "#silver" },
        "east":  { "uv": [ 15.5, 14, 16, 16 ], "texture": "#silver" }
    }
},
{
    "__comment": "Scissor",
    "from": [ 5, 6, 15.75 ],
    "to": [ 6, 8, 16.25 ],
    "faces": {
        "down":  { "uv": [ 16, 16, 15.5, 15 ], "rotation": 90, "texture": "#silver" },
        "up":    { "uv": [ 15.5, 13, 16, 14 ], "rotation": 270, "texture": "#silver" },
        "south": { "uv": [ 15, 14, 16, 16 ], "texture": "#silver" },
        "west":  { "uv": [ 15.5, 14, 16, 16 ], "texture": "#silver" },
        "east":  { "uv": [ 15.5, 14, 16, 16 ], "texture": "#silver" }
    }
},
{
    "__comment": "Scissor",
    "from": [ 4, 8, 15.5 ],
    "to": [ 5, 9, 16 ],
    "faces": {
        "up":    { "uv": [ 15.5, 13, 16, 14 ], "rotation": 270, "texture": "#silver" },
        "south": { "uv": [ 15, 15, 16, 16 ], "texture": "#silver" },
        "west":  { "uv": [ 15.5, 15, 16, 16 ], "texture": "#silver" },
        "east":  { "uv": [ 15.5, 15, 16, 16 ], "texture": "#silver" }
    }
},
{
    "__comment": "Scissor",
    "from": [ 3, 9, 15.5 ],
    "to": [ 4, 11, 16 ],
    "faces": {
        "up":    { "uv": [ 3, 15.5, 4, 16 ], "texture": "#brown" },
        "south": { "uv": [ 3, 5, 4, 7 ], "texture": "#brown" },
        "west":  { "uv": [ 15.5, 5, 16, 7 ], "texture": "#brown" },
        "east":  { "uv": [ 0, 5, 0.5, 7 ], "texture": "#brown" }
    }
},
{
    "__comment": "Scissor",
    "from": [ 5, 9, 15.5 ],
    "to": [ 6, 11, 16 ],
    "faces": {
        "up":    { "uv": [ 3, 15.5, 4, 16 ], "texture": "#brown" },
        "south": { "uv": [ 3, 5, 4, 7 ], "texture": "#brown" },
        "west":  { "uv": [ 15.5, 5, 16, 7 ], "texture": "#brown" },
        "east":  { "uv": [ 0, 5, 0.5, 7 ], "texture": "#brown" }
    }
},
{
    "__comment": "Scissor",
    "from": [ 11, 9.5, -0.5 ],
    "to": [ 12, 10.5, 1 ],
    "faces": {
        "down":  { "uv": [ 1.5, 1, 0, 0 ], "rotation": 270, "texture": "#front" },
        "up":    { "uv": [ 0, 0, 1.5, 1 ], "rotation": 90, "texture": "#front" },
        "north": { "uv": [ 0, 0, 1, 1 ], "texture": "#front" },
        "west":  { "uv": [ 0, 0, 1.5, 1 ], "texture": "#front" },
        "east":  { "uv": [ 0, 0, 1.5, 1 ], "texture": "#front" }
    }
},
{
    "__comment": "Scissor",
    "from": [ 11, 7, -0.5 ],
    "to": [ 12, 8, 1 ],
    "faces": {
        "down":  { "uv": [ 1.5, 1, 0, 0 ], "rotation": 270, "texture": "#front" },
        "up":    { "uv": [ 0, 0, 1.5, 1 ], "rotation": 90, "texture": "#front" },
        "north": { "uv": [ 0, 0, 1, 1 ], "texture": "#front" },
        "west":  { "uv": [ 0, 0, 1.5, 1 ], "texture": "#front" },
        "east":  { "uv": [ 0, 0, 1.5, 1 ], "texture": "#front" }
    }
},
{
    "__comment": "Scissor",
    "from": [ 12, 6, 0.25 ],
    "to": [ 13, 8, 0.75 ],
    "faces": {
        "down":  { "uv": [ 16, 16, 15.5, 15 ], "rotation": 270, "texture": "#silver" },
        "up":    { "uv": [ 15.5, 13, 16, 14 ], "rotation": 90, "texture": "#silver" },
        "north": { "uv": [ 15, 14, 16, 16 ], "texture": "#silver" },
        "west":  { "uv": [ 15.5, 14, 16, 16 ], "texture": "#silver" },
        "east":  { "uv": [ 15.5, 14, 16, 16 ], "texture": "#silver" }
    }
},
{
    "__comment": "Scissor",
    "from": [ 10, 6, -0.25 ],
    "to": [ 11, 8, 0.25 ],
    "faces": {
        "down":  { "uv": [ 16, 16, 15.5, 15 ], "rotation": 270, "texture": "#silver" },
        "up":    { "uv": [ 15.5, 13, 16, 14 ], "rotation": 90, "texture": "#silver" },
        "north": { "uv": [ 15, 14, 16, 16 ], "texture": "#silver" },
        "west":  { "uv": [ 15.5, 14, 16, 16 ], "texture": "#silver" },
        "east":  { "uv": [ 15.5, 14, 16, 16 ], "texture": "#silver" }
    }
},
{
    "__comment": "Scissor",
    "from": [ 11, 8, 0 ],
    "to": [ 12, 9, 0.5 ],
    "faces": {
        "up":    { "uv": [ 15.5, 13, 16, 14 ], "rotation": 90, "texture": "#silver" },
        "north": { "uv": [ 15, 15, 16, 16 ], "texture": "#silver" },
        "west":  { "uv": [ 15.5, 15, 16, 16 ], "texture": "#silver" },
        "east":  { "uv": [ 15.5, 15, 16, 16 ], "texture": "#silver" }
    }
},
{
    "__comment": "Scissor",
    "from": [ 12, 9, 0 ],
    "to": [ 13, 11, 0.5 ],
    "faces": {
        "up":    { "uv": [ 3, 15.5, 4, 16 ], "rotation": 180, "texture": "#brown" },
        "north": { "uv": [ 3, 5, 4, 7 ], "texture": "#brown" },
        "west":  { "uv": [ 0, 5, 0.5, 7 ], "texture": "#brown" },
        "east":  { "uv": [ 15.5, 5, 16, 7 ], "texture": "#brown" }
    }
},
{
    "__comment": "Scissor",
    "from": [ 10, 9, 0 ],
    "to": [ 11, 11, 0.5 ],
    "faces": {
        "up":    { "uv": [ 3, 15.5, 4, 16 ], "rotation": 180, "texture": "#brown" },
        "north": { "uv": [ 3, 5, 4, 7 ], "texture": "#brown" },
        "west":  { "uv": [ 0, 5, 0.5, 7 ], "texture": "#brown" },
        "east":  { "uv": [ 15.5, 5, 16, 7 ], "texture": "#brown" }
    }
},
{
    "__comment": "Corner",
    "from": [ 0, 1, 0 ],
    "to": [ 1, 15, 1 ],
    "faces": {
        "north": { "uv": [ 0, 1, 1, 15 ], "texture": "#front" },
        "south": { "uv": [ 2, 1, 3, 15 ], "texture": "#front" },
        "west":  { "uv": [ 1, 1, 2, 15 ], "texture": "#front" },
        "east":  { "uv": [ 3, 1, 4, 15 ], "texture": "#front" }
    }
},
{
    "__comment": "Corner",
    "from": [ 15, 1, 0 ],
    "to": [ 16, 15, 1 ],
    "faces": {
        "north": { "uv": [ 0, 1, 1, 15 ], "texture": "#front" },
        "south": { "uv": [ 2, 1, 3, 15 ], "texture": "#front" },
        "west":  { "uv": [ 1, 1, 2, 15 ], "texture": "#front" },
        "east":  { "uv": [ 3, 1, 4, 15 ], "texture": "#front" }
    }
},
{
    "__comment": "Corner",
    "from": [ 0, 1, 15 ],
    "to": [ 1, 15, 16 ],
    "faces": {
        "north": { "uv": [ 0, 1, 1, 15 ], "texture": "#front" },
        "south": { "uv": [ 2, 1, 3, 15 ], "texture": "#front" },
        "west":  { "uv": [ 1, 1, 2, 15 ], "texture": "#front" },
        "east":  { "uv": [ 3, 1, 4, 15 ], "texture": "#front" }
    }
},
{
    "__comment": "Corner",
    "from": [ 15, 1, 15 ],
    "to": [ 16, 15, 16 ],
    "faces": {
        "north": { "uv": [ 0, 1, 1, 15 ], "texture": "#front" },
        "south": { "uv": [ 2, 1, 3, 15 ], "texture": "#front" },
        "west":  { "uv": [ 1, 1, 2, 15 ], "texture": "#front" },
        "east":  { "uv": [ 3, 1, 4, 15 ], "texture": "#front" }
    }
},
{
    "__comment": "Top Corner",
    "from": [ 1, 15, 0 ],
    "to": [ 16, 16, 1 ],
    "faces": {
        "down":  { "uv": [ 15, 1, 0, 0 ], "texture": "#side" },
        "up":    { "uv": [ 1, 0, 16, 1 ], "texture": "#side" },
        "north": { "uv": [ 0, 0, 15, 1 ], "texture": "#front" },
        "south": { "uv": [ 1, 0, 16, 1 ], "texture": "#front" },
        "east":  { "uv": [ 15, 0, 16, 1 ], "texture": "#front" }
    }
},
{
    "__comment": "Top Corner",
    "from": [ 15, 15, 1 ],
    "to": [ 16, 16, 16 ],
    "faces": {
        "down":  { "uv": [ 1, 16, 0, 1 ], "texture": "#side" },
        "up":    { "uv": [ 15, 1, 16, 16 ], "texture": "#side" },
        "south": { "uv": [ 15, 0, 16, 1 ], "texture": "#front" },
        "west":  { "uv": [ 1, 0, 16, 1 ], "texture": "#front" },
        "east":  { "uv": [ 0, 0, 15, 1 ], "texture": "#front" }
    }
},
{
    "__comment": "Top Corner",
    "from": [ 0, 15, 15 ],
    "to": [ 15, 16, 16 ],
    "faces": {
        "down":  { "uv": [ 16, 16, 1, 15 ], "texture": "#side" },
        "up":    { "uv": [ 0, 15, 15, 16 ], "texture": "#side" },
        "north": { "uv": [ 1, 0, 16, 1 ], "texture": "#front" },
        "south": { "uv": [ 0, 0, 15, 1 ], "texture": "#front" },
        "west":  { "uv": [ 15, 0, 16, 1 ], "texture": "#front" }
    }
},
{
    "__comment": "Top Corner",
    "from": [ 0, 15, 0 ],
    "to": [ 1, 16, 15 ],
    "faces": {
        "down":  { "uv": [ 16, 15, 15, 0 ], "texture": "#side" },
        "up":    { "uv": [ 0, 0, 1, 15 ], "texture": "#side" },
        "north": { "uv": [ 15, 0, 16, 1 ], "texture": "#front" },
        "west":  { "uv": [ 0, 0, 15, 1 ], "texture": "#front" },
        "east":  { "uv": [ 1, 0, 16, 1 ], "texture": "#front" }
    }
},
{
    "__comment": "Side Mid",
    "from": [ 7, 1, 0 ],
    "to": [ 9, 12, 16 ],
    "faces": {
        "up":    { "uv": [ 7, 0, 9, 16 ], "texture": "#front" },
        "north": { "uv": [ 7, 4, 9, 15 ], "texture": "#front" },
        "south": { "uv": [ 7, 4, 9, 15 ], "texture": "#front" },
        "west":  { "uv": [ 0, 4, 16, 15 ], "texture": "#front" },
        "east":  { "uv": [ 0, 4, 16, 15 ], "texture": "#front" }
    }
},
{
    "__comment": "Side Mid",
    "from": [ 0, 1, 7 ],
    "to": [ 16, 12, 9 ],
    "faces": {
        "up":    { "uv": [ 7, 0, 9, 16 ], "rotation": 90, "texture": "#front" },
        "north": { "uv": [ 0, 4, 16, 15 ], "texture": "#front" },
        "south": { "uv": [ 0, 4, 16, 15 ], "texture": "#front" },
        "west":  { "uv": [ 7, 4, 9, 15 ], "texture": "#front" },
        "east":  { "uv": [ 7, 4, 9, 15 ], "texture": "#front" }
    }
},
{
    "__comment": "Side Diag",
    "from": [ 4.125, 14.875, 0.5 ],
    "to": [ 9.625, 15.875, 1 ],
    "rotation": { "origin": [ 4.125, 15.875, 0.5 ], "axis": "z", "angle": -45 },
    "faces": {
        "down":  { "uv": [ 13.5, 1.5, 7.5, 1 ], "texture": "#front" },
        "up":    { "uv": [ 2.5, 1, 8.5, 1.5 ], "texture": "#front" },
        "north": { "uv": [ 7.5, 4, 13.5, 5 ], "texture": "#front" },
        "south": { "uv": [ 2.5, 4, 8.5, 5 ], "texture": "#front" }
    }
},
{
    "__comment": "Side Diag",
    "from": [ 8, 11, 0.5 ],
    "to": [ 13.5, 12, 1 ],
    "rotation": { "origin": [ 8, 12, 0.5 ], "axis": "z", "angle": 45 },
    "faces": {
        "down":  { "uv": [ 13.5, 1.5, 7.5, 1 ], "texture": "#front" },
        "up":    { "uv": [ 2.5, 1, 8.5, 1.5 ], "texture": "#front" },
        "north": { "uv": [ 7.5, 4, 13.5, 5 ], "texture": "#front" }
    }
},
{
    "__comment": "Side Diag",
    "from": [ 15, 14.875, 4.125 ],
    "to": [ 15.5, 15.875, 9.625 ],
    "rotation": { "origin": [ 15, 15.875, 4.125 ], "axis": "x", "angle": 45 },
    "faces": {
        "down":  { "uv": [ 13.5, 1.5, 7.5, 1 ], "rotation": 270, "texture": "#front" },
        "up":    { "uv": [ 2.5, 1, 8.5, 1.5 ], "rotation": 90, "texture": "#front" },
        "west":  { "uv": [ 2.5, 4, 8.5, 5 ], "texture": "#front" },
        "east":  { "uv": [ 7.5, 4, 13.5, 5 ], "texture": "#front" }
    }
},
{
    "__comment": "Side Diag",
    "from": [ 15, 11, 8 ],
    "to": [ 15.5, 12, 13.5 ],
    "rotation": { "origin": [ 15, 12, 8 ], "axis": "x", "angle": -45 },
    "faces": {
        "down":  { "uv": [ 13.5, 1.5, 7.5, 1 ], "rotation": 270, "texture": "#front" },
        "up":    { "uv": [ 2.5, 1, 8.5, 1.5 ], "rotation": 90, "texture": "#front" },
        "east":  { "uv": [ 7.5, 4, 13.5, 5 ], "texture": "#front" }
    }
},
{
    "__comment": "Side Diag",
    "from": [ 8, 11, 15 ],
    "to": [ 13.5, 12, 15.5 ],
    "rotation": { "origin": [ 8, 12, 15 ], "axis": "z", "angle": 45 },
    "faces": {
        "down":  { "uv": [ 13.5, 1.5, 7.5, 1 ], "rotation": 180, "texture": "#front" },
        "up":    { "uv": [ 2.5, 1, 8.5, 1.5 ], "rotation": 180, "texture": "#front" },
        "south": { "uv": [ 7.5, 4, 13.5, 5 ], "texture": "#front" }
    }
},
{
    "__comment": "Side Diag",
    "from": [ 4.125, 14.875, 15 ],
    "to": [ 9.625, 15.875, 15.5 ],
    "rotation": { "origin": [ 4.125, 15.875, 15 ], "axis": "z", "angle": -45 },
    "faces": {
        "down":  { "uv": [ 13.5, 1.5, 7.5, 1 ], "rotation": 180, "texture": "#front" },
        "up":    { "uv": [ 2.5, 1, 8.5, 1.5 ], "rotation": 180, "texture": "#front" },
        "north": { "uv": [ 2.5, 4, 8.5, 5 ], "texture": "#front" },
        "south": { "uv": [ 7.5, 4, 13.5, 5 ], "texture": "#front" }
    }
},
{
    "__comment": "Side Diag",
    "from": [ 0.5, 11, 8 ],
    "to": [ 1, 12, 13.5 ],
    "rotation": { "origin": [ 0.5, 12, 8 ], "axis": "x", "angle": -45 },
    "faces": {
        "down":  { "uv": [ 13.5, 1.5, 7.5, 1 ], "rotation": 90, "texture": "#front" },
        "up":    { "uv": [ 2.5, 1, 8.5, 1.5 ], "rotation": 270, "texture": "#front" },
        "west":  { "uv": [ 7.5, 4, 13.5, 5 ], "texture": "#front" }
    }
},
{
    "__comment": "Side Diag",
    "from": [ 0.5, 14.875, 4.125 ],
    "to": [ 1, 15.875, 9.625 ],
    "rotation": { "origin": [ 0.5, 15.875, 4.125 ], "axis": "x", "angle": 45 },
    "faces": {
        "down":  { "uv": [ 13.5, 1.5, 7.5, 1 ], "rotation": 90, "texture": "#front" },
        "up":    { "uv": [ 2.5, 1, 8.5, 1.5 ], "rotation": 270, "texture": "#front" },
        "west":  { "uv": [ 7.5, 4, 13.5, 5 ], "texture": "#front" },
        "east":  { "uv": [ 2.5, 4, 8.5, 5 ], "texture": "#front" }
    }
}
]
}