{
"__comment": "Designed by Sibsib92 with BDcraft Cubik PRO 0.91 Beta - http://bdcraft.net",
"ambientocclusion": false,
"textures": {
    "particle": "blocks/daylight_detector_inverted_top",
    "texture": "blocks/daylight_detector_side",
    "on": "blocks/redstone_block",
    "off": "blocks/cauldron_inner"
},
"elements": [ 
{
    "__comment": "Redstone",
    "from": [ 5.75, -0.25, 8.75 ],
    "to": [ 6.25, 6.25, 9.25 ],
    "faces": {
        "down":  { "uv": [ 10.25, 9.25, 9.75, 8.75 ], "texture": "#on" },
        "up":    { "uv": [ 5.75, 8.75, 6.25, 9.25 ], "texture": "#on" },
        "north": { "uv": [ 9.75, 9.75, 10.25, 16 ], "texture": "#on" },
        "south": { "uv": [ 5.75, 9.75, 6.25, 16 ], "texture": "#on" },
        "west":  { "uv": [ 8.75, 9.75, 9.25, 16 ], "texture": "#on" },
        "east":  { "uv": [ 6.75, 9.75, 7.25, 16 ], "texture": "#on" }
    }
},
{
    "__comment": "Redstone",
    "from": [ 6.75, -0.25, 8.75 ],
    "to": [ 7.25, 6.25, 9.25 ],
    "faces": {
        "down":  { "uv": [ 9.25, 9.25, 8.75, 8.75 ], "texture": "#on" },
        "up":    { "uv": [ 6.75, 8.75, 7.25, 9.25 ], "texture": "#on" },
        "north": { "uv": [ 8.75, 9.75, 9.25, 16 ], "texture": "#on" },
        "south": { "uv": [ 6.75, 9.75, 7.25, 16 ], "texture": "#on" },
        "west":  { "uv": [ 8.75, 9.75, 9.25, 16 ], "texture": "#on" },
        "east":  { "uv": [ 6.75, 9.75, 7.25, 16 ], "texture": "#on" }
    }
},
{
    "__comment": "Redstone",
    "from": [ 7.75, -0.25, 8.75 ],
    "to": [ 8.25, 6.25, 9.25 ],
    "faces": {
        "down":  { "uv": [ 8.25, 9.25, 7.75, 8.75 ], "texture": "#on" },
        "up":    { "uv": [ 7.75, 8.75, 8.25, 9.25 ], "texture": "#on" },
        "north": { "uv": [ 7.75, 9.75, 8.25, 16 ], "texture": "#on" },
        "south": { "uv": [ 7.75, 9.75, 8.25, 16 ], "texture": "#on" },
        "west":  { "uv": [ 8.75, 9.75, 9.25, 16 ], "texture": "#on" },
        "east":  { "uv": [ 6.75, 9.75, 7.25, 16 ], "texture": "#on" }
    }
},
{
    "__comment": "Redstone",
    "from": [ 8.75, -0.25, 8.75 ],
    "to": [ 9.25, 6.25, 9.25 ],
    "faces": {
        "down":  { "uv": [ 7.25, 9.25, 6.75, 8.75 ], "texture": "#on" },
        "up":    { "uv": [ 8.75, 8.75, 9.25, 9.25 ], "texture": "#on" },
        "north": { "uv": [ 6.75, 9.75, 7.25, 16 ], "texture": "#on" },
        "south": { "uv": [ 8.75, 9.75, 9.25, 16 ], "texture": "#on" },
        "west":  { "uv": [ 8.75, 9.75, 9.25, 16 ], "texture": "#on" },
        "east":  { "uv": [ 6.75, 9.75, 7.25, 16 ], "texture": "#on" }
    }
},
{
    "__comment": "Redstone",
    "from": [ 9.75, -0.25, 8.75 ],
    "to": [ 10.25, 6.25, 9.25 ],
    "faces": {
        "down":  { "uv": [ 6.25, 9.25, 5.75, 8.75 ], "texture": "#on" },
        "up":    { "uv": [ 9.75, 8.75, 10.25, 9.25 ], "texture": "#on" },
        "north": { "uv": [ 5.75, 9.75, 6.25, 16 ], "texture": "#on" },
        "south": { "uv": [ 9.75, 9.75, 10.25, 16 ], "texture": "#on" },
        "west":  { "uv": [ 8.75, 9.75, 9.25, 16 ], "texture": "#on" },
        "east":  { "uv": [ 6.75, 9.75, 7.25, 16 ], "texture": "#on" }
    }
},
{
    "__comment": "Redstone",
    "from": [ 9.75, -0.25, 7.75 ],
    "to": [ 10.25, 6.25, 8.25 ],
    "faces": {
        "down":  { "uv": [ 6.25, 8.25, 5.75, 7.75 ], "texture": "#on" },
        "up":    { "uv": [ 9.75, 7.75, 10.25, 8.25 ], "texture": "#on" },
        "north": { "uv": [ 5.75, 9.75, 6.25, 16 ], "texture": "#on" },
        "south": { "uv": [ 9.75, 9.75, 10.25, 16 ], "texture": "#on" },
        "west":  { "uv": [ 7.75, 9.75, 8.25, 16 ], "texture": "#on" },
        "east":  { "uv": [ 7.75, 9.75, 8.25, 16 ], "texture": "#on" }
    }
},
{
    "__comment": "Redstone",
    "from": [ 8.75, -0.25, 7.75 ],
    "to": [ 9.25, 6.25, 8.25 ],
    "faces": {
        "down":  { "uv": [ 7.25, 8.25, 6.75, 7.75 ], "texture": "#on" },
        "up":    { "uv": [ 8.75, 7.75, 9.25, 8.25 ], "texture": "#on" },
        "north": { "uv": [ 6.75, 9.75, 7.25, 16 ], "texture": "#on" },
        "south": { "uv": [ 8.75, 9.75, 9.25, 16 ], "texture": "#on" },
        "west":  { "uv": [ 7.75, 9.75, 8.25, 16 ], "texture": "#on" },
        "east":  { "uv": [ 7.75, 9.75, 8.25, 16 ], "texture": "#on" }
    }
},
{
    "__comment": "Redstone",
    "from": [ 7.75, -0.25, 7.75 ],
    "to": [ 8.25, 6.25, 8.25 ],
    "faces": {
        "down":  { "uv": [ 8.25, 8.25, 7.75, 7.75 ], "texture": "#off" },
        "up":    { "uv": [ 7.75, 7.75, 8.25, 8.25 ], "texture": "#off" },
        "north": { "uv": [ 7.75, 9.75, 8.25, 16 ], "texture": "#off" },
        "south": { "uv": [ 7.75, 9.75, 8.25, 16 ], "texture": "#off" },
        "west":  { "uv": [ 7.75, 9.75, 8.25, 16 ], "texture": "#off" },
        "east":  { "uv": [ 7.75, 9.75, 8.25, 16 ], "texture": "#off" }
    }
},
{
    "__comment": "Redstone",
    "from": [ 6.75, -0.25, 7.75 ],
    "to": [ 7.25, 6.25, 8.25 ],
    "faces": {
        "down":  { "uv": [ 9.25, 8.25, 8.75, 7.75 ], "texture": "#off" },
        "up":    { "uv": [ 6.75, 7.75, 7.25, 8.25 ], "texture": "#off" },
        "north": { "uv": [ 8.75, 9.75, 9.25, 16 ], "texture": "#off" },
        "south": { "uv": [ 6.75, 9.75, 7.25, 16 ], "texture": "#off" },
        "west":  { "uv": [ 7.75, 9.75, 8.25, 16 ], "texture": "#off" },
        "east":  { "uv": [ 7.75, 9.75, 8.25, 16 ], "texture": "#off" }
    }
},
{
    "__comment": "Redstone",
    "from": [ 5.75, -0.25, 7.75 ],
    "to": [ 6.25, 6.25, 8.25 ],
    "faces": {
        "down":  { "uv": [ 10.25, 8.25, 9.75, 7.75 ], "texture": "#off" },
        "up":    { "uv": [ 5.75, 7.75, 6.25, 8.25 ], "texture": "#off" },
        "north": { "uv": [ 9.75, 9.75, 10.25, 16 ], "texture": "#off" },
        "south": { "uv": [ 5.75, 9.75, 6.25, 16 ], "texture": "#off" },
        "west":  { "uv": [ 7.75, 9.75, 8.25, 16 ], "texture": "#off" },
        "east":  { "uv": [ 7.75, 9.75, 8.25, 16 ], "texture": "#off" }
    }
},
{
    "__comment": "Redstone",
    "from": [ 5.75, -0.25, 6.75 ],
    "to": [ 6.25, 6.25, 7.25 ],
    "faces": {
        "down":  { "uv": [ 10.25, 7.25, 9.75, 6.75 ], "texture": "#off" },
        "up":    { "uv": [ 5.75, 6.75, 6.25, 7.25 ], "texture": "#off" },
        "north": { "uv": [ 9.75, 9.75, 10.25, 16 ], "texture": "#off" },
        "south": { "uv": [ 5.75, 9.75, 6.25, 16 ], "texture": "#off" },
        "west":  { "uv": [ 6.75, 9.75, 7.25, 16 ], "texture": "#off" },
        "east":  { "uv": [ 8.75, 9.75, 9.25, 16 ], "texture": "#off" }
    }
},
{
    "__comment": "Redstone",
    "from": [ 6.75, -0.25, 6.75 ],
    "to": [ 7.25, 6.25, 7.25 ],
    "faces": {
        "down":  { "uv": [ 9.25, 7.25, 8.75, 6.75 ], "texture": "#off" },
        "up":    { "uv": [ 6.75, 6.75, 7.25, 7.25 ], "texture": "#off" },
        "north": { "uv": [ 8.75, 9.75, 9.25, 16 ], "texture": "#off" },
        "south": { "uv": [ 6.75, 9.75, 7.25, 16 ], "texture": "#off" },
        "west":  { "uv": [ 6.75, 9.75, 7.25, 16 ], "texture": "#off" },
        "east":  { "uv": [ 8.75, 9.75, 9.25, 16 ], "texture": "#off" }
    }
},
{
    "__comment": "Redstone",
    "from": [ 7.75, -0.25, 6.75 ],
    "to": [ 8.25, 6.25, 7.25 ],
    "faces": {
        "down":  { "uv": [ 8.25, 7.25, 7.75, 6.75 ], "texture": "#off" },
        "up":    { "uv": [ 7.75, 6.75, 8.25, 7.25 ], "texture": "#off" },
        "north": { "uv": [ 7.75, 9.75, 8.25, 16 ], "texture": "#off" },
        "south": { "uv": [ 7.75, 9.75, 8.25, 16 ], "texture": "#off" },
        "west":  { "uv": [ 6.75, 9.75, 7.25, 16 ], "texture": "#off" },
        "east":  { "uv": [ 8.75, 9.75, 9.25, 16 ], "texture": "#off" }
    }
},
{
    "__comment": "Redstone",
    "from": [ 8.75, -0.25, 6.75 ],
    "to": [ 9.25, 6.25, 7.25 ],
    "faces": {
        "down":  { "uv": [ 7.25, 7.25, 6.75, 6.75 ], "texture": "#off" },
        "up":    { "uv": [ 8.75, 6.75, 9.25, 7.25 ], "texture": "#off" },
        "north": { "uv": [ 6.75, 9.75, 7.25, 16 ], "texture": "#off" },
        "south": { "uv": [ 8.75, 9.75, 9.25, 16 ], "texture": "#off" },
        "west":  { "uv": [ 6.75, 9.75, 7.25, 16 ], "texture": "#off" },
        "east":  { "uv": [ 8.75, 9.75, 9.25, 16 ], "texture": "#off" }
    }
},
{
    "__comment": "Redstone",
    "from": [ 9.75, -0.25, 6.75 ],
    "to": [ 10.25, 6.25, 7.25 ],
    "faces": {
        "down":  { "uv": [ 6.25, 7.25, 5.75, 6.75 ], "texture": "#off" },
        "up":    { "uv": [ 9.75, 6.75, 10.25, 7.25 ], "texture": "#off" },
        "north": { "uv": [ 5.75, 9.75, 6.25, 16 ], "texture": "#off" },
        "south": { "uv": [ 9.75, 9.75, 10.25, 16 ], "texture": "#off" },
        "west":  { "uv": [ 6.75, 9.75, 7.25, 16 ], "texture": "#off" },
        "east":  { "uv": [ 8.75, 9.75, 9.25, 16 ], "texture": "#off" }
    }
},
{
    "__comment": "Mid",
    "from": [ 6, 0, 6 ],
    "to": [ 10, 6, 10 ],
    "faces": {
        "down":  { "uv": [ 10, 10, 6, 6 ], "texture": "#texture" },
        "up":    { "uv": [ 6, 6, 10, 10 ], "texture": "#texture" }
    }
},
{
    "__comment": "Mid Cross",
    "from": [ 5, 0, 0 ],
    "to": [ 6, 6, 16 ],
    "faces": {
        "down":  { "uv": [ 11, 16, 10, 0 ], "texture": "#texture" },
        "up":    { "uv": [ 5, 0, 6, 16 ], "texture": "#texture" },
        "north": { "uv": [ 10, 10, 11, 16 ], "texture": "#texture" },
        "south": { "uv": [ 5, 10, 6, 16 ], "texture": "#texture" },
        "west":  { "uv": [ 0, 10, 16, 16 ], "texture": "#texture" },
        "east":  { "uv": [ 0, 10, 16, 16 ], "texture": "#texture" }
    }
},
{
    "__comment": "Mid Cross",
    "from": [ 10, 0, 0 ],
    "to": [ 11, 6, 16 ],
    "faces": {
        "down":  { "uv": [ 6, 16, 5, 0 ], "texture": "#texture" },
        "up":    { "uv": [ 10, 0, 11, 16 ], "texture": "#texture" },
        "north": { "uv": [ 5, 10, 6, 16 ], "texture": "#texture" },
        "south": { "uv": [ 10, 10, 11, 16 ], "texture": "#texture" },
        "west":  { "uv": [ 0, 10, 16, 16 ], "texture": "#texture" },
        "east":  { "uv": [ 0, 10, 16, 16 ], "texture": "#texture" }
    }
},
{
    "__comment": "Mid Cross",
    "from": [ 0, 0, 5 ],
    "to": [ 16, 6, 6 ],
    "faces": {
        "down":  { "uv": [ 16, 6, 0, 5 ], "texture": "#texture" },
        "up":    { "uv": [ 0, 5, 16, 6 ], "texture": "#texture" },
        "north": { "uv": [ 0, 10, 16, 16 ], "texture": "#texture" },
        "south": { "uv": [ 0, 10, 16, 16 ], "texture": "#texture" },
        "west":  { "uv": [ 5, 10, 6, 16 ], "texture": "#texture" },
        "east":  { "uv": [ 10, 10, 11, 16 ], "texture": "#texture" }
    }
},
{
    "__comment": "Mid Cross",
    "from": [ 0, 0, 10 ],
    "to": [ 16, 6, 11 ],
    "faces": {
        "down":  { "uv": [ 16, 11, 0, 10 ], "texture": "#texture" },
        "up":    { "uv": [ 0, 10, 16, 11 ], "texture": "#texture" },
        "north": { "uv": [ 0, 10, 16, 16 ], "texture": "#texture" },
        "south": { "uv": [ 0, 10, 16, 16 ], "texture": "#texture" },
        "west":  { "uv": [ 10, 10, 11, 16 ], "texture": "#texture" },
        "east":  { "uv": [ 5, 10, 6, 16 ], "texture": "#texture" }
    }
},
{
    "__comment": "MID",
    "from": [ 1, 0.5, 1 ],
    "to": [ 15, 5.5, 15 ],
    "faces": {
        "down":  { "uv": [ 15, 15, 1, 1 ], "texture": "#particle" },
        "up":    { "uv": [ 1, 1, 15, 15 ], "texture": "#particle" },
        "north": { "uv": [ 1, 10.5, 15, 15.5 ], "texture": "#particle" },
        "south": { "uv": [ 1, 10.5, 15, 15.5 ], "texture": "#particle" },
        "west":  { "uv": [ 1, 10.5, 15, 15.5 ], "texture": "#particle" },
        "east":  { "uv": [ 1, 10.5, 15, 15.5 ], "texture": "#particle" }
    }
},
{
    "__comment": "Frame",
    "from": [ 0, 5, 0 ],
    "to": [ 1, 6, 16 ],
    "faces": {
        "down":  { "uv": [ 16, 16, 15, 0 ], "texture": "#texture" },
        "up":    { "uv": [ 0, 0, 1, 16 ], "texture": "#texture" },
        "north": { "uv": [ 15, 10, 16, 11 ], "texture": "#texture" },
        "south": { "uv": [ 0, 10, 1, 11 ], "texture": "#texture" },
        "west":  { "uv": [ 0, 10, 16, 11 ], "texture": "#texture" },
        "east":  { "uv": [ 0, 10, 16, 11 ], "texture": "#texture" }
    }
},
{
    "__comment": "Frame",
    "from": [ 15, 5, 0 ],
    "to": [ 16, 6, 16 ],
    "faces": {
        "down":  { "uv": [ 1, 16, 0, 0 ], "texture": "#texture" },
        "up":    { "uv": [ 15, 0, 16, 16 ], "texture": "#texture" },
        "north": { "uv": [ 0, 10, 1, 11 ], "texture": "#texture" },
        "south": { "uv": [ 15, 10, 16, 11 ], "texture": "#texture" },
        "west":  { "uv": [ 0, 10, 16, 11 ], "texture": "#texture" },
        "east":  { "uv": [ 0, 10, 16, 11 ], "texture": "#texture" }
    }
},
{
    "__comment": "Frame",
    "from": [ 1, 5, 0 ],
    "to": [ 15, 6, 1 ],
    "faces": {
        "down":  { "uv": [ 15, 1, 1, 0 ], "texture": "#texture" },
        "up":    { "uv": [ 1, 0, 15, 1 ], "texture": "#texture" },
        "north": { "uv": [ 1, 10, 15, 11 ], "texture": "#texture" },
        "south": { "uv": [ 1, 10, 15, 11 ], "texture": "#texture" }
    }
},
{
    "__comment": "Frame",
    "from": [ 1, 5, 15 ],
    "to": [ 15, 6, 16 ],
    "faces": {
        "down":  { "uv": [ 15, 16, 1, 15 ], "texture": "#texture" },
        "up":    { "uv": [ 1, 15, 15, 16 ], "texture": "#texture" },
        "north": { "uv": [ 1, 10, 15, 11 ], "texture": "#texture" },
        "south": { "uv": [ 1, 10, 15, 11 ], "texture": "#texture" }
    }
},
{
    "__comment": "Frame",
    "from": [ 0, 0, 0 ],
    "to": [ 1, 1, 16 ],
    "faces": {
        "down":  { "uv": [ 16, 16, 15, 0 ], "texture": "#texture" },
        "up":    { "uv": [ 0, 0, 1, 16 ], "texture": "#texture" },
        "north": { "uv": [ 15, 15, 16, 16 ], "texture": "#texture" },
        "south": { "uv": [ 0, 15, 1, 16 ], "texture": "#texture" },
        "west":  { "uv": [ 0, 15, 16, 16 ], "texture": "#texture" },
        "east":  { "uv": [ 0, 15, 16, 16 ], "texture": "#texture" }
    }
},
{
    "__comment": "Frame",
    "from": [ 15, 0, 0 ],
    "to": [ 16, 1, 16 ],
    "faces": {
        "down":  { "uv": [ 1, 16, 0, 0 ], "texture": "#texture" },
        "up":    { "uv": [ 15, 0, 16, 16 ], "texture": "#texture" },
        "north": { "uv": [ 0, 15, 1, 16 ], "texture": "#texture" },
        "south": { "uv": [ 15, 15, 16, 16 ], "texture": "#texture" },
        "west":  { "uv": [ 0, 15, 16, 16 ], "texture": "#texture" },
        "east":  { "uv": [ 0, 15, 16, 16 ], "texture": "#texture" }
    }
},
{
    "__comment": "Frame",
    "from": [ 1, 0, 0 ],
    "to": [ 15, 1, 1 ],
    "faces": {
        "down":  { "uv": [ 15, 1, 1, 0 ], "texture": "#texture" },
        "up":    { "uv": [ 1, 0, 15, 1 ], "texture": "#texture" },
        "north": { "uv": [ 1, 15, 15, 16 ], "texture": "#texture" },
        "south": { "uv": [ 1, 15, 15, 16 ], "texture": "#texture" }
    }
},
{
    "__comment": "Frame",
    "from": [ 1, 0, 15 ],
    "to": [ 15, 1, 16 ],
    "faces": {
        "down":  { "uv": [ 15, 16, 1, 15 ], "texture": "#texture" },
        "up":    { "uv": [ 1, 15, 15, 16 ], "texture": "#texture" },
        "north": { "uv": [ 1, 15, 15, 16 ], "texture": "#texture" },
        "south": { "uv": [ 1, 15, 15, 16 ], "texture": "#texture" }
    }
}
]
}