{
"__comment": "3D Models by Sibsib92 with BDcraft Cubik PRO 0.87 Beta - http://bdcraft.net",
"ambientocclusion": false,
"textures": {
    "particle": "blocks/rail_detector",
    "texture": "blocks/planks_oak",
    "inner": "blocks/anvil_base",
    "outer": "blocks/iron_block",
    "stone": "blocks/stone",
    "redstone": "blocks/cauldron_inner"
},
"elements": [ 
{
    "__comment": "Wood",
    "from": [ 1, 15.0625, 0.625 ],
    "to": [ 15, 16.0625, 2.625 ],
    "rotation": { "origin": [ 1, 16.0625, 0.625 ], "axis": "x", "angle": 45 },
    "faces": {
        "down":  { "uv": [ 1, 3, 15, 1 ], "texture": "#texture" },
        "up":    { "uv": [ 1, 1, 15, 3 ], "texture": "#texture" },
        "north": { "uv": [ 15, 1, 1, 2 ], "texture": "#texture" },
        "south": { "uv": [ 1, 2, 15, 3 ], "texture": "#texture" },
        "west":  { "uv": [ 1, 3, 2, 1 ], "rotation": 90, "texture": "#texture" },
        "east":  { "uv": [ 14, 1, 15, 3 ], "rotation": 90, "texture": "#texture" }
    }
},
{
    "__comment": "Wood",
    "from": [ 1, 7.0625, 8.625 ],
    "to": [ 15, 8.0625, 10.625 ],
    "rotation": { "origin": [ 1, 8.0625, 8.625 ], "axis": "x", "angle": 45 },
    "faces": {
        "down":  { "uv": [ 1, 11, 15, 9 ], "texture": "#texture" },
        "up":    { "uv": [ 1, 9, 15, 11 ], "texture": "#texture" },
        "north": { "uv": [ 15, 9, 1, 10 ], "texture": "#texture" },
        "south": { "uv": [ 1, 10, 15, 11 ], "texture": "#texture" },
        "west":  { "uv": [ 1, 11, 2, 9 ], "rotation": 90, "texture": "#texture" },
        "east":  { "uv": [ 14, 9, 15, 11 ], "rotation": 90, "texture": "#texture" }
    }
},
{
    "__comment": "Inner",
    "from": [ 3, 17, 0 ],
    "to": [ 4, 18, 22.625 ],
    "rotation": { "origin": [ 3, 18, 0 ], "axis": "x", "angle": 45 },
    "faces": {
        "down":  { "uv": [ 1, 16, 0, 0 ], "texture": "#inner" },
        "up":    { "uv": [ 0, 0, 1, 16 ], "texture": "#inner" },
        "north": { "uv": [ 0, 0, 1, 1 ], "texture": "#inner" },
        "south": { "uv": [ 0, 15, 1, 16 ], "texture": "#inner" },
        "east":  { "uv": [ 0, 0, 1, 16 ], "rotation": 90, "texture": "#inner" }
    }
},
{
    "__comment": "Inner",
    "from": [ 12, 17, 0 ],
    "to": [ 13, 18, 22.625 ],
    "rotation": { "origin": [ 12, 18, 0 ], "axis": "x", "angle": 45 },
    "faces": {
        "down":  { "uv": [ 1, 16, 0, 0 ], "texture": "#inner" },
        "up":    { "uv": [ 0, 0, 1, 16 ], "texture": "#inner" },
        "north": { "uv": [ 0, 0, 1, 1 ], "texture": "#inner" },
        "south": { "uv": [ 0, 15, 1, 16 ], "texture": "#inner" },
        "west":  { "uv": [ 0, 16, 1, 0 ], "rotation": 90, "texture": "#inner" }
    }
},
{
    "__comment": "Outer",
    "from": [ 2, 17, 0 ],
    "to": [ 3, 18.5, 22.625 ],
    "rotation": { "origin": [ 2, 18.5, 0 ], "axis": "x", "angle": 45 },
    "faces": {
        "down":  { "uv": [ 16, 0, 0, 1 ], "rotation": 90, "texture": "#outer" },
        "up":    { "uv": [ 0, 0, 16, 1 ], "rotation": 90, "texture": "#outer" },
        "north": { "uv": [ 15, 0, 16, 1 ], "texture": "#outer" },
        "south": { "uv": [ 0, 0, 1, 1 ], "texture": "#outer" },
        "west":  { "uv": [ 0, 0, 16, 1 ], "texture": "#outer" },
        "east":  { "uv": [ 16, 0, 0, 1 ], "texture": "#outer" }
    }
},
{
    "__comment": "Outer",
    "from": [ 13, 17, 0 ],
    "to": [ 14, 18.5, 22.625 ],
    "rotation": { "origin": [ 13, 18.5, 0 ], "axis": "x", "angle": 45 },
    "faces": {
        "down":  { "uv": [ 16, 0, 0, 1 ], "rotation": 90, "texture": "#outer" },
        "up":    { "uv": [ 0, 0, 16, 1 ], "rotation": 90, "texture": "#outer" },
        "north": { "uv": [ 15, 0, 16, 1 ], "texture": "#outer" },
        "south": { "uv": [ 0, 0, 1, 1 ], "texture": "#outer" },
        "west":  { "uv": [ 0, 0, 16, 1 ], "texture": "#outer" },
        "east":  { "uv": [ 16, 0, 0, 1 ], "texture": "#outer" }
    }
},
{
    "__comment": "Wood Post",
    "from": [ 7, 0, 4.5 ],
    "to": [ 9, 8, 8.5 ],
    "faces": {
        "down":  { "uv": [ 9, 8, 7, 4 ], "texture": "#texture" },
        "north": { "uv": [ 7, 8, 9, 16 ], "texture": "#texture" },
        "south": { "uv": [ 7, 8, 9, 16 ], "texture": "#texture" },
        "west":  { "uv": [ 4, 8, 8, 16 ], "texture": "#texture" },
        "east":  { "uv": [ 8, 8, 12, 16 ], "texture": "#texture" }
    }
},
{
    "__comment": "Wood Post",
    "from": [ 6, 0, 5.5 ],
    "to": [ 10, 8, 7.5 ],
    "faces": {
        "down":  { "uv": [ 10, 7, 6, 5 ], "texture": "#texture" },
        "north": { "uv": [ 6, 8, 10, 16 ], "texture": "#texture" },
        "south": { "uv": [ 6, 8, 10, 16 ], "texture": "#texture" },
        "west":  { "uv": [ 5, 8, 7, 16 ], "texture": "#texture" },
        "east":  { "uv": [ 9, 8, 11, 16 ], "texture": "#texture" }
    }
},
{
    "__comment": "Wood Post",
    "from": [ 6, 8, 5.5 ],
    "to": [ 10, 9, 7.5 ],
    "faces": {
        "north": { "uv": [ 6, 7, 10, 8 ], "texture": "#texture" },
        "south": { "uv": [ 6, 7, 10, 8 ], "texture": "#texture" },
        "west":  { "uv": [ 5, 7, 7, 8 ], "texture": "#texture" },
        "east":  { "uv": [ 9, 7, 11, 8 ], "texture": "#texture" }
    }
},
{
    "__comment": "Wood Post",
    "from": [ 7, 8, 4.5 ],
    "to": [ 9, 11, 5.5 ],
    "faces": {
        "north": { "uv": [ 7, 5, 9, 8 ], "texture": "#texture" },
        "south": { "uv": [ 7, 5, 9, 8 ], "texture": "#texture" },
        "west":  { "uv": [ 4, 5, 5, 8 ], "texture": "#texture" },
        "east":  { "uv": [ 11, 5, 12, 8 ], "texture": "#texture" }
    }
},
{
    "__comment": "Wood Post",
    "from": [ 6, 9, 5.5 ],
    "to": [ 10, 10, 6.5 ],
    "faces": {
        "north": { "uv": [ 6, 6, 10, 7 ], "texture": "#texture" },
        "south": { "uv": [ 6, 6, 10, 7 ], "texture": "#texture" },
        "west":  { "uv": [ 5, 6, 6, 7 ], "texture": "#texture" },
        "east":  { "uv": [ 10, 6, 11, 7 ], "texture": "#texture" }
    }
},
{
    "__comment": "Redstone",
    "from": [ 5, 10.3125, 5.4375 ],
    "to": [ 11, 11.8125, 11.4375 ],
    "rotation": { "origin": [ 5, 11.8125, 5.4375 ], "axis": "x", "angle": 45 },
    "faces": {
        "down":  { "uv": [ 11, 11, 5, 5 ], "texture": "#redstone" },
        "up":    { "uv": [ 5, 5, 11, 11 ], "texture": "#redstone" },
        "north": { "uv": [ 5, 14.5, 11, 16 ], "texture": "#redstone" },
        "south": { "uv": [ 5, 14.5, 11, 16 ], "texture": "#redstone" },
        "west":  { "uv": [ 5, 14.5, 11, 16 ], "texture": "#redstone" },
        "east":  { "uv": [ 5, 14.5, 11, 16 ], "texture": "#redstone" }
    }
},
{
    "__comment": "Stone",
    "from": [ 6, 10.75, 6.875 ],
    "to": [ 10, 11.75, 10.875 ],
    "rotation": { "origin": [ 6, 11.75, 6.875 ], "axis": "x", "angle": 45 },
    "faces": {
        "up":    { "uv": [ 6, 6, 10, 10 ], "texture": "#stone" },
        "north": { "uv": [ 6, 13.5, 10, 14.5 ], "texture": "#stone" },
        "south": { "uv": [ 6, 13.5, 10, 14.5 ], "texture": "#stone" },
        "west":  { "uv": [ 6, 13.5, 10, 14.5 ], "texture": "#stone" },
        "east":  { "uv": [ 6, 13.5, 10, 14.5 ], "texture": "#stone" }
    }
}
]
}