{
"__comment": "3D Models by Sibsib92 with BDcraft Cubik PRO 0.87 Beta - http://bdcraft.net",
"ambientocclusion": false,
"textures": {
    "particle": "blocks/dropper_front_horizontal",
    "texture": "blocks/furnace_top",
    "stone": "blocks/stone_slab_top",
    "cobblestone": "blocks/cobblestone"
},
"elements": [ 
{
    "__comment": "Frame",
    "from": [ 0, 1, 0 ],
    "to": [ 1, 15, 1 ],
    "faces": {
        "north": { "uv": [ 1, 1, 0, 15 ], "texture": "#texture" },
        "south": { "uv": [ 0, 1, 1, 15 ], "texture": "#texture" },
        "west":  { "uv": [ 0, 1, 1, 15 ], "texture": "#texture" },
        "east":  { "uv": [ 1, 1, 0, 15 ], "texture": "#texture" }
    }
},
{
    "__comment": "Frame",
    "from": [ 15, 1, 15 ],
    "to": [ 16, 15, 16 ],
    "faces": {
        "north": { "uv": [ 0, 1, 1, 15 ], "texture": "#texture" },
        "south": { "uv": [ 1, 1, 0, 15 ], "texture": "#texture" },
        "west":  { "uv": [ 1, 1, 0, 15 ], "texture": "#texture" },
        "east":  { "uv": [ 0, 1, 1, 15 ], "texture": "#texture" }
    }
},
{
    "__comment": "Frame",
    "from": [ 0, 1, 15 ],
    "to": [ 1, 15, 16 ],
    "faces": {
        "north": { "uv": [ 15, 1, 16, 15 ], "texture": "#texture" },
        "south": { "uv": [ 16, 1, 15, 15 ], "texture": "#texture" },
        "west":  { "uv": [ 15, 1, 16, 15 ], "texture": "#texture" },
        "east":  { "uv": [ 16, 1, 15, 15 ], "texture": "#texture" }
    }
},
{
    "__comment": "Frame",
    "from": [ 15, 1, 0 ],
    "to": [ 16, 15, 1 ],
    "faces": {
        "north": { "uv": [ 16, 1, 15, 15 ], "texture": "#texture" },
        "south": { "uv": [ 15, 1, 16, 15 ], "texture": "#texture" },
        "west":  { "uv": [ 16, 1, 15, 15 ], "texture": "#texture" },
        "east":  { "uv": [ 15, 1, 16, 15 ], "texture": "#texture" }
    }
},
{
    "__comment": "Frame",
    "from": [ 15, 15, 0 ],
    "to": [ 16, 16, 16 ],
    "faces": {
        "down":  { "uv": [ 1, 16, 0, 0 ], "texture": "#texture" },
        "up":    { "uv": [ 1, 0, 0, 16 ], "texture": "#texture" },
        "north": { "uv": [ 0, 0, 1, 1 ], "texture": "#texture" },
        "south": { "uv": [ 15, 0, 16, 1 ], "texture": "#texture" },
        "west":  { "uv": [ 0, 16, 1, 0 ], "rotation": 90, "texture": "#texture" },
        "east":  { "uv": [ 0, 0, 1, 16 ], "rotation": 90, "texture": "#texture" }
    }
},
{
    "__comment": "Frame",
    "from": [ 0, 15, 0 ],
    "to": [ 1, 16, 16 ],
    "faces": {
        "down":  { "uv": [ 0, 16, 1, 0 ], "texture": "#texture" },
        "up":    { "uv": [ 0, 0, 1, 16 ], "texture": "#texture" },
        "north": { "uv": [ 15, 0, 16, 1 ], "texture": "#texture" },
        "south": { "uv": [ 0, 0, 1, 1 ], "texture": "#texture" },
        "west":  { "uv": [ 0, 16, 1, 0 ], "rotation": 90, "texture": "#texture" },
        "east":  { "uv": [ 0, 0, 1, 16 ], "rotation": 90, "texture": "#texture" }
    }
},
{
    "__comment": "Frame",
    "from": [ 1, 15, 0 ],
    "to": [ 15, 16, 1 ],
    "faces": {
        "down":  { "uv": [ 1, 1, 15, 0 ], "texture": "#texture" },
        "up":    { "uv": [ 1, 0, 15, 1 ], "texture": "#texture" },
        "north": { "uv": [ 15, 0, 1, 1 ], "texture": "#texture" },
        "south": { "uv": [ 1, 0, 15, 1 ], "texture": "#texture" }
    }
},
{
    "__comment": "Frame",
    "from": [ 1, 15, 15 ],
    "to": [ 15, 16, 16 ],
    "faces": {
        "down":  { "uv": [ 1, 0, 15, 1 ], "texture": "#texture" },
        "up":    { "uv": [ 1, 1, 15, 0 ], "texture": "#texture" },
        "north": { "uv": [ 15, 0, 1, 1 ], "texture": "#texture" },
        "south": { "uv": [ 1, 0, 15, 1 ], "texture": "#texture" }
    }
},
{
    "__comment": "Frame",
    "from": [ 15, 0, 0 ],
    "to": [ 16, 1, 16 ],
    "faces": {
        "down":  { "uv": [ 1, 16, 0, 0 ], "texture": "#texture" },
        "up":    { "uv": [ 1, 0, 0, 16 ], "texture": "#texture" },
        "north": { "uv": [ 0, 15, 1, 16 ], "texture": "#texture" },
        "south": { "uv": [ 15, 15, 16, 16 ], "texture": "#texture" },
        "west":  { "uv": [ 1, 16, 0, 0 ], "rotation": 90, "texture": "#texture" },
        "east":  { "uv": [ 1, 0, 0, 16 ], "rotation": 90, "texture": "#texture" }
    }
},
{
    "__comment": "Frame",
    "from": [ 0, 0, 0 ],
    "to": [ 1, 1, 16 ],
    "faces": {
        "down":  { "uv": [ 0, 16, 1, 0 ], "texture": "#texture" },
        "up":    { "uv": [ 0, 0, 1, 16 ], "texture": "#texture" },
        "north": { "uv": [ 1, 15, 0, 16 ], "texture": "#texture" },
        "south": { "uv": [ 0, 15, 1, 16 ], "texture": "#texture" },
        "west":  { "uv": [ 1, 16, 0, 0 ], "rotation": 90, "texture": "#texture" },
        "east":  { "uv": [ 1, 0, 0, 16 ], "rotation": 90, "texture": "#texture" }
    }
},
{
    "__comment": "Frame",
    "from": [ 1, 0, 0 ],
    "to": [ 15, 1, 1 ],
    "faces": {
        "down":  { "uv": [ 1, 1, 15, 0 ], "texture": "#texture" },
        "up":    { "uv": [ 1, 0, 15, 1 ], "texture": "#texture" },
        "north": { "uv": [ 15, 1, 1, 0 ], "texture": "#texture" },
        "south": { "uv": [ 1, 1, 15, 0 ], "texture": "#texture" }
    }
},
{
    "__comment": "Frame",
    "from": [ 1, 0, 15 ],
    "to": [ 15, 1, 16 ],
    "faces": {
        "down":  { "uv": [ 1, 0, 15, 1 ], "texture": "#texture" },
        "up":    { "uv": [ 1, 1, 15, 0 ], "texture": "#texture" },
        "north": { "uv": [ 15, 1, 1, 0 ], "texture": "#texture" },
        "south": { "uv": [ 1, 1, 15, 0 ], "texture": "#texture" }
    }
},
{
    "__comment": "Cobblestone",
    "from": [ 0.5, 7, 0.5 ],
    "to": [ 15.5, 15.5, 15.5 ],
    "faces": {
        "down":  { "uv": [ 15.5, 15.5, 0.5, 0.5 ], "texture": "#stone" },
        "up":    { "uv": [ 0.5, 0.5, 15.5, 15.5 ], "texture": "#cobblestone" },
        "north": { "uv": [ 0.5, 0.5, 15.5, 9 ], "texture": "#particle" },
        "south": { "uv": [ 0.5, 0.5, 15.5, 9 ], "texture": "#cobblestone" },
        "west":  { "uv": [ 0.5, 0.5, 15.5, 9 ], "texture": "#cobblestone" },
        "east":  { "uv": [ 0.5, 0.5, 15.5, 9 ], "texture": "#cobblestone" }
    }
},
{
    "__comment": "Stone",
    "from": [ 0.5, 0.5, 0.5 ],
    "to": [ 15.5, 4, 15.5 ],
    "faces": {
        "down":  { "uv": [ 15.5, 15.5, 0.5, 0.5 ], "texture": "#stone" },
        "up":    { "uv": [ 0.5, 0.5, 15.5, 15.5 ], "texture": "#stone" },
        "north": { "uv": [ 0.5, 12, 15.5, 15 ], "texture": "#particle" },
        "south": { "uv": [ 0.5, 12, 15.5, 15 ], "texture": "#stone" },
        "west":  { "uv": [ 0.5, 12, 15.5, 15 ], "texture": "#stone" },
        "east":  { "uv": [ 0.5, 12, 15.5, 15 ], "texture": "#stone" }
    }
},
{
    "__comment": "Stone",
    "from": [ 0.5, 4, 8 ],
    "to": [ 15.5, 7, 15.5 ],
    "faces": {
        "north": { "uv": [ 0.5, 9, 15.5, 12 ], "texture": "#particle" },
        "south": { "uv": [ 0.5, 9, 15.5, 12 ], "texture": "#stone" },
        "west":  { "uv": [ 8, 9, 15.5, 12 ], "texture": "#stone" },
        "east":  { "uv": [ 0.5, 9, 8, 12 ], "texture": "#stone" }
    }
},
{
    "__comment": "Stone",
    "from": [ 0.5, 4, 0.5 ],
    "to": [ 7, 5, 8 ],
    "faces": {
        "up":    { "uv": [ 0.5, 0.5, 7, 8 ], "texture": "#stone" },
        "north": { "uv": [ 9, 11, 15.5, 12 ], "texture": "#particle" },
        "west":  { "uv": [ 0.5, 11, 8, 12 ], "texture": "#stone" },
        "east":  { "uv": [ 8, 11, 15.5, 12 ], "texture": "#stone" }
    }
},
{
    "__comment": "Stone",
    "from": [ 9, 4, 0.5 ],
    "to": [ 15.5, 5, 8 ],
    "faces": {
        "up":    { "uv": [ 9, 0.5, 15.5, 8 ], "texture": "#stone" },
        "north": { "uv": [ 0.5, 11, 7, 12 ], "texture": "#particle" },
        "west":  { "uv": [ 0.5, 11, 8, 12 ], "texture": "#stone" },
        "east":  { "uv": [ 8, 11, 15.5, 12 ], "texture": "#stone" }
    }
},
{
    "__comment": "Stone",
    "from": [ 0.5, 5, 0.5 ],
    "to": [ 6, 6, 8 ],
    "faces": {
        "north": { "uv": [ 10, 10, 15.5, 11 ], "texture": "#particle" },
        "west":  { "uv": [ 0.5, 10, 8, 11 ], "texture": "#stone" },
        "east":  { "uv": [ 8, 10, 15.5, 11 ], "texture": "#stone" }
    }
},
{
    "__comment": "Stone",
    "from": [ 10, 5, 0.5 ],
    "to": [ 15.5, 6, 8 ],
    "faces": {
        "north": { "uv": [ 0.5, 10, 6, 11 ], "texture": "#particle" },
        "west":  { "uv": [ 0.5, 10, 8, 11 ], "texture": "#stone" },
        "east":  { "uv": [ 8, 10, 15.5, 11 ], "texture": "#stone" }
    }
},
{
    "__comment": "Stone",
    "from": [ 0.5, 6, 0.5 ],
    "to": [ 5, 7, 8 ],
    "faces": {
        "north": { "uv": [ 11, 9, 15.5, 10 ], "texture": "#particle" },
        "west":  { "uv": [ 0.5, 9, 8, 10 ], "texture": "#stone" },
        "east":  { "uv": [ 8, 9, 15.5, 10 ], "texture": "#stone" }
    }
},
{
    "__comment": "Stone",
    "from": [ 11, 6, 0.5 ],
    "to": [ 15.5, 7, 8 ],
    "faces": {
        "north": { "uv": [ 0.5, 9, 5, 10 ], "texture": "#particle" },
        "west":  { "uv": [ 0.5, 9, 8, 10 ], "texture": "#stone" },
        "east":  { "uv": [ 8, 9, 15.5, 10 ], "texture": "#stone" }
    }
}
]
}