{
"__comment": "3D Models by Sibsib92 with BDcraft Cubik PRO 0.87 Beta - http://bdcraft.net",
"ambientocclusion": false,
"textures": {
    "particle": "blocks/hardened_clay",
    "texture": "blocks/dirt"
},
"elements": [ 
{
    "__comment": "Pot",
    "from": [ 3, 3, 7 ],
    "to": [ 13, 7, 9 ],
    "faces": {
        "down":  { "uv": [ 13, 9, 3, 7 ], "texture": "#particle" },
        "up":    { "uv": [ 3, 7, 13, 9 ], "texture": "#particle" },
        "north": { "uv": [ 3, 9, 13, 13 ], "texture": "#particle" },
        "south": { "uv": [ 3, 9, 13, 13 ], "texture": "#particle" },
        "west":  { "uv": [ 7, 9, 9, 13 ], "texture": "#particle" },
        "east":  { "uv": [ 7, 9, 9, 13 ], "texture": "#particle" }
    }
},
{
    "__comment": "Pot",
    "from": [ 3, 4, 6 ],
    "to": [ 13, 6, 10 ],
    "faces": {
        "down":  { "uv": [ 13, 10, 3, 6 ], "texture": "#particle" },
        "up":    { "uv": [ 3, 6, 13, 10 ], "texture": "#particle" },
        "north": { "uv": [ 3, 10, 13, 12 ], "texture": "#particle" },
        "south": { "uv": [ 3, 10, 13, 12 ], "texture": "#particle" },
        "west":  { "uv": [ 6, 10, 10, 12 ], "texture": "#particle" },
        "east":  { "uv": [ 6, 10, 10, 12 ], "texture": "#particle" }
    }
},
{
    "__comment": "Pot",
    "from": [ 7, 3, 3 ],
    "to": [ 9, 7, 13 ],
    "faces": {
        "down":  { "uv": [ 9, 13, 7, 3 ], "texture": "#particle" },
        "up":    { "uv": [ 7, 3, 9, 13 ], "texture": "#particle" },
        "north": { "uv": [ 7, 9, 9, 13 ], "texture": "#particle" },
        "south": { "uv": [ 7, 9, 9, 13 ], "texture": "#particle" },
        "west":  { "uv": [ 3, 9, 13, 13 ], "texture": "#particle" },
        "east":  { "uv": [ 3, 9, 13, 13 ], "texture": "#particle" }
    }
},
{
    "__comment": "Pot",
    "from": [ 6, 4, 3 ],
    "to": [ 10, 6, 13 ],
    "faces": {
        "down":  { "uv": [ 10, 13, 6, 3 ], "texture": "#particle" },
        "up":    { "uv": [ 6, 3, 10, 13 ], "texture": "#particle" },
        "north": { "uv": [ 6, 10, 10, 12 ], "texture": "#particle" },
        "south": { "uv": [ 6, 10, 10, 12 ], "texture": "#particle" },
        "west":  { "uv": [ 3, 10, 13, 12 ], "texture": "#particle" },
        "east":  { "uv": [ 3, 10, 13, 12 ], "texture": "#particle" }
    }
},
{
    "__comment": "Pot",
    "from": [ 4, 3, 5 ],
    "to": [ 12, 7, 11 ],
    "faces": {
        "down":  { "uv": [ 12, 11, 4, 5 ], "texture": "#particle" },
        "up":    { "uv": [ 4, 5, 12, 11 ], "texture": "#particle" },
        "north": { "uv": [ 4, 9, 12, 13 ], "texture": "#particle" },
        "south": { "uv": [ 4, 9, 12, 13 ], "texture": "#particle" },
        "west":  { "uv": [ 5, 9, 11, 13 ], "texture": "#particle" },
        "east":  { "uv": [ 5, 9, 11, 13 ], "texture": "#particle" }
    }
},
{
    "__comment": "Pot",
    "from": [ 5, 3, 4 ],
    "to": [ 11, 7, 12 ],
    "faces": {
        "down":  { "uv": [ 11, 12, 5, 4 ], "texture": "#particle" },
        "up":    { "uv": [ 5, 4, 11, 12 ], "texture": "#particle" },
        "north": { "uv": [ 5, 9, 11, 13 ], "texture": "#particle" },
        "south": { "uv": [ 5, 9, 11, 13 ], "texture": "#particle" },
        "west":  { "uv": [ 4, 9, 12, 13 ], "texture": "#particle" },
        "east":  { "uv": [ 4, 9, 12, 13 ], "texture": "#particle" }
    }
},
{
    "__comment": "Pot",
    "from": [ 5, 2, 5 ],
    "to": [ 11, 3, 11 ],
    "faces": {
        "down":  { "uv": [ 11, 11, 5, 5 ], "texture": "#particle" },
        "north": { "uv": [ 5, 13, 11, 14 ], "texture": "#particle" },
        "south": { "uv": [ 5, 13, 11, 14 ], "texture": "#particle" },
        "west":  { "uv": [ 5, 13, 11, 14 ], "texture": "#particle" },
        "east":  { "uv": [ 5, 13, 11, 14 ], "texture": "#particle" }
    }
},
{
    "__comment": "Pot",
    "from": [ 4, 2, 6 ],
    "to": [ 12, 3, 10 ],
    "faces": {
        "down":  { "uv": [ 12, 10, 4, 6 ], "texture": "#particle" },
        "north": { "uv": [ 4, 13, 12, 14 ], "texture": "#particle" },
        "south": { "uv": [ 4, 13, 12, 14 ], "texture": "#particle" },
        "west":  { "uv": [ 6, 13, 10, 14 ], "texture": "#particle" },
        "east":  { "uv": [ 6, 13, 10, 14 ], "texture": "#particle" }
    }
},
{
    "__comment": "Pot",
    "from": [ 6, 2, 4 ],
    "to": [ 10, 3, 12 ],
    "faces": {
        "down":  { "uv": [ 10, 12, 6, 4 ], "texture": "#particle" },
        "north": { "uv": [ 6, 13, 10, 14 ], "texture": "#particle" },
        "south": { "uv": [ 6, 13, 10, 14 ], "texture": "#particle" },
        "west":  { "uv": [ 4, 13, 12, 14 ], "texture": "#particle" },
        "east":  { "uv": [ 4, 13, 12, 14 ], "texture": "#particle" }
    }
},
{
    "__comment": "Pot",
    "from": [ 4, 1, 7 ],
    "to": [ 12, 2, 9 ],
    "faces": {
        "down":  { "uv": [ 12, 9, 4, 7 ], "texture": "#particle" },
        "north": { "uv": [ 4, 14, 12, 15 ], "texture": "#particle" },
        "south": { "uv": [ 4, 14, 12, 15 ], "texture": "#particle" },
        "west":  { "uv": [ 7, 14, 9, 15 ], "texture": "#particle" },
        "east":  { "uv": [ 7, 14, 9, 15 ], "texture": "#particle" }
    }
},
{
    "__comment": "Pot",
    "from": [ 5, 1, 6 ],
    "to": [ 11, 2, 10 ],
    "faces": {
        "down":  { "uv": [ 11, 10, 5, 6 ], "texture": "#particle" },
        "north": { "uv": [ 5, 14, 11, 15 ], "texture": "#particle" },
        "south": { "uv": [ 5, 14, 11, 15 ], "texture": "#particle" },
        "west":  { "uv": [ 6, 14, 10, 15 ], "texture": "#particle" },
        "east":  { "uv": [ 6, 14, 10, 15 ], "texture": "#particle" }
    }
},
{
    "__comment": "Pot",
    "from": [ 7, 1, 4 ],
    "to": [ 9, 2, 12 ],
    "faces": {
        "down":  { "uv": [ 9, 12, 7, 4 ], "texture": "#particle" },
        "north": { "uv": [ 7, 14, 9, 15 ], "texture": "#particle" },
        "south": { "uv": [ 7, 14, 9, 15 ], "texture": "#particle" },
        "west":  { "uv": [ 4, 14, 12, 15 ], "texture": "#particle" },
        "east":  { "uv": [ 4, 14, 12, 15 ], "texture": "#particle" }
    }
},
{
    "__comment": "Pot",
    "from": [ 6, 1, 5 ],
    "to": [ 10, 2, 11 ],
    "faces": {
        "down":  { "uv": [ 10, 11, 6, 5 ], "texture": "#particle" },
        "north": { "uv": [ 6, 14, 10, 15 ], "texture": "#particle" },
        "south": { "uv": [ 6, 14, 10, 15 ], "texture": "#particle" },
        "west":  { "uv": [ 5, 14, 11, 15 ], "texture": "#particle" },
        "east":  { "uv": [ 5, 14, 11, 15 ], "texture": "#particle" }
    }
},
{
    "__comment": "Pot",
    "from": [ 7, 0, 5 ],
    "to": [ 9, 1, 11 ],
    "faces": {
        "down":  { "uv": [ 9, 11, 7, 5 ], "texture": "#particle" },
        "north": { "uv": [ 7, 15, 9, 16 ], "texture": "#particle" },
        "south": { "uv": [ 7, 15, 9, 16 ], "texture": "#particle" },
        "west":  { "uv": [ 5, 15, 11, 16 ], "texture": "#particle" },
        "east":  { "uv": [ 5, 15, 11, 16 ], "texture": "#particle" }
    }
},
{
    "__comment": "Pot",
    "from": [ 5, 0, 7 ],
    "to": [ 11, 1, 9 ],
    "faces": {
        "down":  { "uv": [ 11, 9, 5, 7 ], "texture": "#particle" },
        "north": { "uv": [ 5, 15, 11, 16 ], "texture": "#particle" },
        "south": { "uv": [ 5, 15, 11, 16 ], "texture": "#particle" },
        "west":  { "uv": [ 7, 15, 9, 16 ], "texture": "#particle" },
        "east":  { "uv": [ 7, 15, 9, 16 ], "texture": "#particle" }
    }
},
{
    "__comment": "Pot",
    "from": [ 6, 0, 6 ],
    "to": [ 10, 1, 10 ],
    "faces": {
        "down":  { "uv": [ 10, 10, 6, 6 ], "texture": "#particle" },
        "north": { "uv": [ 6, 15, 10, 16 ], "texture": "#particle" },
        "south": { "uv": [ 6, 15, 10, 16 ], "texture": "#particle" },
        "west":  { "uv": [ 6, 15, 10, 16 ], "texture": "#particle" },
        "east":  { "uv": [ 6, 15, 10, 16 ], "texture": "#particle" }
    }
},
{
    "__comment": "Pot",
    "from": [ 4, 7, 6 ],
    "to": [ 5, 8, 10 ],
    "faces": {
        "up":    { "uv": [ 4, 6, 5, 10 ], "texture": "#particle" },
        "north": { "uv": [ 11, 8, 12, 9 ], "texture": "#particle" },
        "south": { "uv": [ 4, 8, 5, 9 ], "texture": "#particle" },
        "west":  { "uv": [ 6, 8, 10, 9 ], "texture": "#particle" },
        "east":  { "uv": [ 6, 8, 10, 9 ], "texture": "#particle" }
    }
},
{
    "__comment": "Pot",
    "from": [ 11, 7, 6 ],
    "to": [ 12, 8, 10 ],
    "faces": {
        "up":    { "uv": [ 11, 6, 12, 10 ], "texture": "#particle" },
        "north": { "uv": [ 4, 8, 5, 9 ], "texture": "#particle" },
        "south": { "uv": [ 11, 8, 12, 9 ], "texture": "#particle" },
        "west":  { "uv": [ 6, 8, 10, 9 ], "texture": "#particle" },
        "east":  { "uv": [ 6, 8, 10, 9 ], "texture": "#particle" }
    }
},
{
    "__comment": "Pot",
    "from": [ 6, 7, 4 ],
    "to": [ 10, 8, 5 ],
    "faces": {
        "up":    { "uv": [ 6, 4, 10, 5 ], "texture": "#particle" },
        "north": { "uv": [ 6, 8, 10, 9 ], "texture": "#particle" },
        "south": { "uv": [ 6, 8, 10, 9 ], "texture": "#particle" },
        "west":  { "uv": [ 4, 8, 5, 9 ], "texture": "#particle" },
        "east":  { "uv": [ 11, 8, 12, 9 ], "texture": "#particle" }
    }
},
{
    "__comment": "Pot",
    "from": [ 6, 7, 11 ],
    "to": [ 10, 8, 12 ],
    "faces": {
        "up":    { "uv": [ 6, 11, 10, 12 ], "texture": "#particle" },
        "north": { "uv": [ 6, 8, 10, 9 ], "texture": "#particle" },
        "south": { "uv": [ 6, 8, 10, 9 ], "texture": "#particle" },
        "west":  { "uv": [ 11, 8, 12, 9 ], "texture": "#particle" },
        "east":  { "uv": [ 4, 8, 5, 9 ], "texture": "#particle" }
    }
},
{
    "__comment": "Pot",
    "from": [ 5, 7, 5 ],
    "to": [ 6, 8, 6 ],
    "faces": {
        "up":    { "uv": [ 5, 5, 6, 6 ], "texture": "#particle" },
        "north": { "uv": [ 10, 8, 11, 9 ], "texture": "#particle" },
        "south": { "uv": [ 5, 8, 6, 9 ], "texture": "#particle" },
        "west":  { "uv": [ 5, 8, 6, 9 ], "texture": "#particle" },
        "east":  { "uv": [ 10, 8, 11, 9 ], "texture": "#particle" }
    }
},
{
    "__comment": "Pot",
    "from": [ 10, 7, 10 ],
    "to": [ 11, 8, 11 ],
    "faces": {
        "up":    { "uv": [ 10, 10, 11, 11 ], "texture": "#particle" },
        "north": { "uv": [ 5, 8, 6, 9 ], "texture": "#particle" },
        "south": { "uv": [ 10, 8, 11, 9 ], "texture": "#particle" },
        "west":  { "uv": [ 10, 8, 11, 9 ], "texture": "#particle" },
        "east":  { "uv": [ 5, 8, 6, 9 ], "texture": "#particle" }
    }
},
{
    "__comment": "Pot",
    "from": [ 10, 7, 5 ],
    "to": [ 11, 8, 6 ],
    "faces": {
        "up":    { "uv": [ 10, 5, 11, 6 ], "texture": "#particle" },
        "north": { "uv": [ 5, 8, 6, 9 ], "texture": "#particle" },
        "south": { "uv": [ 10, 8, 11, 9 ], "texture": "#particle" },
        "west":  { "uv": [ 5, 8, 6, 9 ], "texture": "#particle" },
        "east":  { "uv": [ 10, 8, 11, 9 ], "texture": "#particle" }
    }
},
{
    "__comment": "Pot",
    "from": [ 5, 7, 10 ],
    "to": [ 6, 8, 11 ],
    "faces": {
        "up":    { "uv": [ 5, 10, 6, 11 ], "texture": "#particle" },
        "north": { "uv": [ 10, 8, 11, 9 ], "texture": "#particle" },
        "south": { "uv": [ 5, 8, 6, 9 ], "texture": "#particle" },
        "west":  { "uv": [ 10, 8, 11, 9 ], "texture": "#particle" },
        "east":  { "uv": [ 5, 8, 6, 9 ], "texture": "#particle" }
    }
},
{
    "__comment": "Dirt",
    "from": [ 5, 7, 5 ],
    "to": [ 11, 7.5, 11 ],
    "faces": {
        "up":    { "uv": [ 5, 5, 11, 11 ], "texture": "#texture" }
    }
}
]
}