{
"__comment": "Designed by Sibsib92 with BDcraft Cubik PRO 0.85 Beta - http://bdcraft.net",
"ambientocclusion": false,
"textures": {
    "particle": "blocks/planks_jungle",
    "texture": "blocks/log_jungle",
    "top": "blocks/log_jungle_top"
},
"elements": [ 
{
    "__comment": "Horizontal",
    "from": [ 7.25, 2, 0 ],
    "to": [ 8.75, 4, 16 ],
    "faces": {
        "down":  { "uv": [ 0, 13, 16, 14 ], "rotation": 270, "texture": "#particle" },
        "up":    { "uv": [ 0, 12, 16, 13 ], "rotation": 90, "texture": "#particle" },
        "west":  { "uv": [ 0, 12, 16, 14 ], "texture": "#particle" },
        "east":  { "uv": [ 16, 12, 0, 14 ], "texture": "#particle" }
    }
},
{
    "__comment": "Horizontal",
    "from": [ 7.25, 7, 0 ],
    "to": [ 8.75, 9, 16 ],
    "faces": {
        "down":  { "uv": [ 0, 6, 16, 7 ], "rotation": 270, "texture": "#particle" },
        "up":    { "uv": [ 0, 5, 16, 6 ], "rotation": 90, "texture": "#particle" },
        "west":  { "uv": [ 0, 5, 16, 7 ], "texture": "#particle" },
        "east":  { "uv": [ 16, 5, 0, 7 ], "texture": "#particle" }
    }
},
{
    "__comment": "Horizontal",
    "from": [ 7.25, 12, 0 ],
    "to": [ 8.75, 14, 16 ],
    "faces": {
        "down":  { "uv": [ 0, 2, 16, 3 ], "rotation": 270, "texture": "#particle" },
        "up":    { "uv": [ 0, 1, 16, 2 ], "rotation": 90, "texture": "#particle" },
        "west":  { "uv": [ 0, 1, 16, 3 ], "texture": "#particle" },
        "east":  { "uv": [ 16, 1, 0, 3 ], "texture": "#particle" }
    }
},
{
    "__comment": "MID",
    "from": [ 7, 0, -1 ],
    "to": [ 9, 16, 1 ],
    "faces": {
        "down":  { "uv": [ 7, 9, 9, 7 ], "texture": "#top" },
        "up":    { "uv": [ 7, 7, 9, 9 ], "texture": "#top" }
    }
},
{
    "__comment": "Mid",
    "from": [ 6, 0, -1 ],
    "to": [ 7, 16, 1 ],
    "faces": {
        "down":  { "uv": [ 7, 16, 5, 15 ], "rotation": 90, "texture": "#texture" },
        "up":    { "uv": [ 5, 0, 7, 1 ], "rotation": 90, "texture": "#texture" },
        "north": { "uv": [ 4, 0, 5, 16 ], "texture": "#texture" },
        "south": { "uv": [ 7, 0, 8, 16 ], "texture": "#texture" },
        "west":  { "uv": [ 5, 0, 7, 16 ], "texture": "#texture" }
    }
},
{
    "__comment": "Mid",
    "from": [ 7, 0, 1 ],
    "to": [ 9, 16, 2 ],
    "faces": {
        "down":  { "uv": [ 14, 16, 12, 15 ], "texture": "#texture" },
        "up":    { "uv": [ 9, 0, 11, 1 ], "texture": "#texture" },
        "south": { "uv": [ 9, 0, 11, 16 ], "texture": "#texture" },
        "west":  { "uv": [ 8, 0, 9, 16 ], "texture": "#texture" },
        "east":  { "uv": [ 11, 0, 12, 16 ], "texture": "#texture" }
    }
},
{
    "__comment": "Mid",
    "from": [ 9, 0, -1 ],
    "to": [ 10, 16, 1 ],
    "faces": {
        "down":  { "uv": [ 15, 15, 13, 16 ], "rotation": 90, "texture": "#texture" },
        "up":    { "uv": [ 15, 0, 13, 1 ], "rotation": 90, "texture": "#texture" },
        "north": { "uv": [ 15, 0, 16, 16 ], "texture": "#texture" },
        "south": { "uv": [ 12, 0, 13, 16 ], "texture": "#texture" },
        "east":  { "uv": [ 13, 0, 15, 16 ], "texture": "#texture" }
    }
},
{
    "__comment": "Mid",
    "from": [ 7, 0, -2 ],
    "to": [ 9, 16, -1 ],
    "faces": {
        "down":  { "uv": [ 1, 16, 3, 15 ], "texture": "#texture" },
        "up":    { "uv": [ 1, 0, 3, 1 ], "texture": "#texture" },
        "north": { "uv": [ 1, 0, 3, 16 ], "texture": "#texture" },
        "west":  { "uv": [ 3, 0, 4, 16 ], "texture": "#texture" },
        "east":  { "uv": [ 0, 0, 1, 16 ], "texture": "#texture" }
    }
},
{
    "__comment": "MID",
    "from": [ 7, 0, 15 ],
    "to": [ 9, 16, 17 ],
    "faces": {
        "down":  { "uv": [ 7, 9, 9, 7 ], "texture": "#top" },
        "up":    { "uv": [ 7, 7, 9, 9 ], "texture": "#top" }
    }
},
{
    "__comment": "Mid",
    "from": [ 6, 0, 15 ],
    "to": [ 7, 16, 17 ],
    "faces": {
        "down":  { "uv": [ 7, 16, 5, 15 ], "rotation": 90, "texture": "#texture" },
        "up":    { "uv": [ 5, 0, 7, 1 ], "rotation": 90, "texture": "#texture" },
        "north": { "uv": [ 4, 0, 5, 16 ], "texture": "#texture" },
        "south": { "uv": [ 7, 0, 8, 16 ], "texture": "#texture" },
        "west":  { "uv": [ 5, 0, 7, 16 ], "texture": "#texture" }
    }
},
{
    "__comment": "Mid",
    "from": [ 7, 0, 17 ],
    "to": [ 9, 16, 18 ],
    "faces": {
        "down":  { "uv": [ 14, 16, 12, 15 ], "texture": "#texture" },
        "up":    { "uv": [ 9, 0, 11, 1 ], "texture": "#texture" },
        "south": { "uv": [ 9, 0, 11, 16 ], "texture": "#texture" },
        "west":  { "uv": [ 8, 0, 9, 16 ], "texture": "#texture" },
        "east":  { "uv": [ 11, 0, 12, 16 ], "texture": "#texture" }
    }
},
{
    "__comment": "Mid",
    "from": [ 9, 0, 15 ],
    "to": [ 10, 16, 17 ],
    "faces": {
        "down":  { "uv": [ 15, 15, 13, 16 ], "rotation": 90, "texture": "#texture" },
        "up":    { "uv": [ 15, 0, 13, 1 ], "rotation": 90, "texture": "#texture" },
        "north": { "uv": [ 15, 0, 16, 16 ], "texture": "#texture" },
        "south": { "uv": [ 12, 0, 13, 16 ], "texture": "#texture" },
        "east":  { "uv": [ 13, 0, 15, 16 ], "texture": "#texture" }
    }
},
{
    "__comment": "Mid",
    "from": [ 7, 0, 14 ],
    "to": [ 9, 16, 15 ],
    "faces": {
        "down":  { "uv": [ 1, 16, 3, 15 ], "texture": "#texture" },
        "up":    { "uv": [ 1, 0, 3, 1 ], "texture": "#texture" },
        "north": { "uv": [ 1, 0, 3, 16 ], "texture": "#texture" },
        "west":  { "uv": [ 3, 0, 4, 16 ], "texture": "#texture" },
        "east":  { "uv": [ 0, 0, 1, 16 ], "texture": "#texture" }
    }
}
],
"display": {
    "thirdperson": {
        "rotation": [ 180, 0, 0 ],
        "translation": [ 0, 3.5, -0.7 ],
        "scale": [ 0.75, 0.75, 0.75 ]
    },
    "head": {
        "rotation": [ 0, 90, 0 ],
        "translation": [ 0, 0, -4 ],
        "scale": [ 1, 1, 1 ]
    },
    "firstperson": {
        "rotation": [ 35, -45, 0 ],
        "translation": [ -5, 0, 1 ],
        "scale": [ 1, 1, 1 ]
    },
    "gui": {
        "rotation": [ 0, 45, 15 ],
        "translation": [ 0, 0, 0 ],
        "scale": [ 1, 1, 1 ]
    }
}
}