{
"__comment": "Sibsib92 3D Models for Default Resourcepack",
"ambientocclusion": false,
"textures": {
    "particle": "blocks/leaves_jungle",
    "yellow": "blocks/double_plant_sunflower_front",
    "brown": "blocks/log_jungle"
},
"elements": [ 
{
    "from": [ -0.5, 13.375, 7.375 ],
    "to": [ 0, 14.375, 7.875 ],
    "rotation": { "origin": [ -0.5, 14.375, 7.375 ], "axis": "x", "angle": 45 },
    "faces": {
        "down":  { "uv": [ 6, 6, 7, 7 ], "texture": "#brown" },
        "up":    { "uv": [ 6, 6, 7, 7 ], "texture": "#brown" },
        "north": { "uv": [ 6, 6, 7, 7 ], "texture": "#brown" },
        "south": { "uv": [ 6, 6, 7, 7 ], "texture": "#brown" },
        "west":  { "uv": [ 6, 6, 7, 7 ], "texture": "#brown" },
        "east":  { "uv": [ 6, 6, 7, 7 ], "texture": "#brown" }
    }
},
{
    "from": [ -0.75, 8.5625, 9.5 ],
    "to": [ 0.25, 9.5625, 11 ],
    "rotation": { "origin": [ -0.75, 9.5625, 9.5 ], "axis": "x", "angle": -22.5 },
    "faces": {
        "down":  { "uv": [ 6, 6, 7, 7 ], "texture": "#yellow" },
        "up":    { "uv": [ 6, 6, 7, 7 ], "texture": "#yellow" },
        "north": { "uv": [ 6, 6, 7, 7 ], "texture": "#yellow" },
        "south": { "uv": [ 6, 6, 7, 7 ], "texture": "#yellow" },
        "west":  { "uv": [ 6, 6, 7, 7 ], "texture": "#yellow" },
        "east":  { "uv": [ 6, 6, 7, 7 ], "texture": "#yellow" }
    }
},
{
    "from": [ -1, 10.625, 5.875 ],
    "to": [ 0.5, 12.625, 7.375 ],
    "faces": {
        "down":  { "uv": [ 6, 6, 7, 7 ], "texture": "#yellow" },
        "up":    { "uv": [ 6, 6, 7, 7 ], "texture": "#yellow" },
        "north": { "uv": [ 6, 6, 7, 7 ], "texture": "#yellow" },
        "south": { "uv": [ 6, 6, 7, 7 ], "texture": "#yellow" },
        "west":  { "uv": [ 6, 6, 7, 7 ], "texture": "#yellow" },
        "east":  { "uv": [ 6, 6, 7, 7 ], "texture": "#yellow" }
    }
},
{
    "from": [ -0.75, 12.375, 6.5625 ],
    "to": [ 0.25, 13.875, 7.5625 ],
    "rotation": { "origin": [ -0.75, 13.875, 6.5625 ], "axis": "x", "angle": 22.5 },
    "faces": {
        "down":  { "uv": [ 6, 6, 7, 7 ], "texture": "#yellow" },
        "up":    { "uv": [ 6, 6, 7, 7 ], "texture": "#yellow" },
        "north": { "uv": [ 6, 6, 7, 7 ], "texture": "#yellow" },
        "south": { "uv": [ 6, 6, 7, 7 ], "texture": "#yellow" },
        "west":  { "uv": [ 6, 6, 7, 7 ], "texture": "#yellow" },
        "east":  { "uv": [ 6, 6, 7, 7 ], "texture": "#yellow" }
    }
},
{
    "from": [ -1, 8.5, 8 ],
    "to": [ 0.5, 10, 10 ],
    "faces": {
        "down":  { "uv": [ 6, 6, 7, 7 ], "texture": "#yellow" },
        "up":    { "uv": [ 6, 6, 7, 7 ], "texture": "#yellow" },
        "north": { "uv": [ 6, 6, 7, 7 ], "texture": "#yellow" },
        "south": { "uv": [ 6, 6, 7, 7 ], "texture": "#yellow" },
        "west":  { "uv": [ 6, 6, 7, 7 ], "texture": "#yellow" },
        "east":  { "uv": [ 6, 6, 7, 7 ], "texture": "#yellow" }
    }
},
{
    "from": [ -1, 7.625, 5.875 ],
    "to": [ 0.5, 10.625, 7.375 ],
    "rotation": { "origin": [ -1, 10.625, 5.875 ], "axis": "x", "angle": -45 },
    "faces": {
        "down":  { "uv": [ 6, 6, 7, 7 ], "texture": "#yellow" },
        "up":    { "uv": [ 6, 6, 7, 7 ], "texture": "#yellow" },
        "north": { "uv": [ 6, 6, 7, 7 ], "texture": "#yellow" },
        "south": { "uv": [ 6, 6, 7, 7 ], "texture": "#yellow" },
        "west":  { "uv": [ 6, 6, 7, 7 ], "texture": "#yellow" },
        "east":  { "uv": [ 6, 6, 7, 7 ], "texture": "#yellow" }
    }
},
{
    "__comment": "MID",
    "from": [ 0, 0, 0 ],
    "to": [ 16, 16, 16 ],
    "faces": {
        "down":  { "uv": [ 0, 16, 16, 0 ], "texture": "#particle", "tintindex": 0 },
        "up":    { "uv": [ 0, 0, 16, 16 ], "texture": "#particle", "tintindex": 0 },
        "north": { "uv": [ 0, 0, 16, 16 ], "texture": "#particle", "tintindex": 0 },
        "south": { "uv": [ 0, 0, 16, 16 ], "texture": "#particle", "tintindex": 0 },
        "west":  { "uv": [ 0, 0, 16, 16 ], "texture": "#particle", "tintindex": 0 },
        "east":  { "uv": [ 0, 0, 16, 16 ], "texture": "#particle", "tintindex": 0 }
    }
}
]
}