{
"__comment": "3D Models by Sibsib92 with BDcraft Cubik PRO 0.87 Beta - http://bdcraft.net",
"ambientocclusion": false,
"textures": {
    "particle": "blocks/door_jungle_lower",
    "texture": "blocks/planks_jungle"
},
"elements": [ 
{
    "__comment": "Bot Diag Horiz",
    "from": [ 0, 0.5, 6 ],
    "to": [ 1.5, 2, 10 ],
    "rotation": { "origin": [ 0, 2, 6 ], "axis": "z", "angle": 45 },
    "faces": {
        "up":    { "uv": [ 6, 13, 10, 14 ], "rotation": 90, "texture": "#texture" }
    }
},
{
    "__comment": "Bot Diag Horiz",
    "from": [ 0.875, 0.5, 6 ],
    "to": [ 2.375, 2, 10 ],
    "rotation": { "origin": [ 0.875, 2, 6 ], "axis": "z", "angle": 45 },
    "faces": {
        "east":  { "uv": [ 6, 13, 10, 14 ], "texture": "#texture" }
    }
},
{
    "__comment": "Top Diag Horiz",
    "from": [ 0, 14.5, 6 ],
    "to": [ 1.5, 16, 10 ],
    "rotation": { "origin": [ 0, 16, 6 ], "axis": "z", "angle": 45 },
    "faces": {
        "west":  { "uv": [ 6, 2, 10, 3 ], "texture": "#texture" }
    }
},
{
    "__comment": "Top Diag Horiz",
    "from": [ 0.875, 14.5, 6 ],
    "to": [ 2.375, 16, 10 ],
    "rotation": { "origin": [ 0.875, 16, 6 ], "axis": "z", "angle": 45 },
    "faces": {
        "down":  { "uv": [ 6, 2, 10, 3 ], "rotation": 90, "texture": "#texture" }
    }
},
{
    "__comment": "Door Bot",
    "from": [ 0, 2, 10 ],
    "to": [ 3, 16, 16 ],
    "faces": {
        "north": { "uv": [ 13, 0, 16, 14 ], "texture": "#texture" },
        "south": { "uv": [ 0, 0, 3, 14 ], "texture": "#texture" },
        "west":  { "uv": [ 10, 0, 16, 14 ], "texture": "#texture" },
        "east":  { "uv": [ 0, 0, 6, 14 ], "texture": "#texture" }
    }
},
{
    "__comment": "Door Bot",
    "from": [ 0, 2, 0 ],
    "to": [ 3, 16, 6 ],
    "faces": {
        "north": { "uv": [ 13, 0, 16, 14 ], "texture": "#texture" },
        "south": { "uv": [ 0, 0, 3, 14 ], "texture": "#texture" },
        "west":  { "uv": [ 0, 0, 6, 14 ], "texture": "#texture" },
        "east":  { "uv": [ 10, 0, 16, 14 ], "texture": "#texture" }
    }
},
{
    "__comment": "Door Bot",
    "from": [ 0, 0, 0 ],
    "to": [ 3, 2, 16 ],
    "faces": {
        "down":  { "uv": [ 16, 15, 0, 12 ], "rotation": 90, "texture": "#texture" },
        "up":    { "uv": [ 0, 4, 16, 7 ], "rotation": 90, "texture": "#texture" },
        "north": { "uv": [ 13, 14, 16, 16 ], "texture": "#texture" },
        "south": { "uv": [ 0, 14, 3, 16 ], "texture": "#texture" },
        "west":  { "uv": [ 0, 14, 16, 16 ], "texture": "#texture" },
        "east":  { "uv": [ 0, 14, 16, 16 ], "texture": "#texture" }
    }
},
{
    "__comment": "Door Top",
    "from": [ 0, 16, 13 ],
    "to": [ 3, 30, 16 ],
    "faces": {
        "north": { "uv": [ 13, 2, 16, 16 ], "texture": "#texture" },
        "south": { "uv": [ 0, 2, 3, 16 ], "texture": "#texture" },
        "west":  { "uv": [ 13, 2, 16, 16 ], "texture": "#texture" },
        "east":  { "uv": [ 0, 2, 3, 16 ], "texture": "#texture" }
    }
},
{
    "__comment": "Door Top",
    "from": [ 0, 16, 0 ],
    "to": [ 3, 30, 3 ],
    "faces": {
        "north": { "uv": [ 13, 2, 16, 16 ], "texture": "#texture" },
        "south": { "uv": [ 0, 2, 3, 16 ], "texture": "#texture" },
        "west":  { "uv": [ 0, 2, 3, 16 ], "texture": "#texture" },
        "east":  { "uv": [ 13, 2, 16, 16 ], "texture": "#texture" }
    }
},
{
    "__comment": "Door Top",
    "from": [ 0, 30, 0 ],
    "to": [ 3, 32, 16 ],
    "faces": {
        "down":  { "uv": [ 16, 15, 0, 12 ], "rotation": 90, "texture": "#texture" },
        "up":    { "uv": [ 0, 0, 16, 3 ], "rotation": 90, "texture": "#texture" },
        "north": { "uv": [ 13, 0, 16, 2 ], "texture": "#texture" },
        "south": { "uv": [ 0, 0, 3, 2 ], "texture": "#texture" },
        "west":  { "uv": [ 0, 0, 16, 2 ], "texture": "#texture" },
        "east":  { "uv": [ 0, 0, 16, 2 ], "texture": "#texture" }
    }
},
{
    "__comment": "Bot Diag Vert",
    "from": [ 0, 2, 10 ],
    "to": [ 1.5, 16, 11.5 ],
    "rotation": { "origin": [ 0, 2, 10 ], "axis": "y", "angle": 45 },
    "faces": {
        "north": { "uv": [ 9, 0, 10, 14 ], "texture": "#texture" }
    }
},
{
    "__comment": "Bot Diag Vert",
    "from": [ 0.875, 2, 10 ],
    "to": [ 2.375, 16, 11.5 ],
    "rotation": { "origin": [ 0.875, 2, 10 ], "axis": "y", "angle": 45 },
    "faces": {
        "east":  { "uv": [ 6, 0, 7, 14 ], "texture": "#texture" }
    }
},
{
    "__comment": "Bot Diag Vert",
    "from": [ 0, 2, 6 ],
    "to": [ 1.5, 16, 7.5 ],
    "rotation": { "origin": [ 0, 2, 6 ], "axis": "y", "angle": 45 },
    "faces": {
        "west":  { "uv": [ 5, 0, 6, 14 ], "texture": "#texture" }
    }
},
{
    "__comment": "Bot Diag Vert",
    "from": [ 0.875, 2, 6 ],
    "to": [ 2.375, 16, 7.5 ],
    "rotation": { "origin": [ 0.875, 2, 6 ], "axis": "y", "angle": 45 },
    "faces": {
        "south": { "uv": [ 9, 0, 10, 14 ], "texture": "#texture" }
    }
},
{
    "__comment": "Door Bot",
    "from": [ 1, 3, 9 ],
    "to": [ 2, 15, 10 ],
    "faces": {
        "north": { "uv": [ 14, 1, 15, 13 ], "texture": "#texture" },
        "west":  { "uv": [ 9, 1, 10, 13 ], "texture": "#texture" },
        "east":  { "uv": [ 6, 1, 7, 13 ], "texture": "#texture" }
    }
},
{
    "__comment": "Door Bot",
    "from": [ 1, 2, 6 ],
    "to": [ 2, 3, 10 ],
    "faces": {
        "up":    { "uv": [ 1, 7, 2, 11 ], "texture": "#texture" },
        "west":  { "uv": [ 6, 13, 10, 14 ], "texture": "#texture" },
        "east":  { "uv": [ 6, 13, 10, 14 ], "texture": "#texture" }
    }
},
{
    "__comment": "Door Bot",
    "from": [ 1, 3, 6 ],
    "to": [ 2, 15, 7 ],
    "faces": {
        "south": { "uv": [ 1, 1, 2, 13 ], "texture": "#texture" },
        "west":  { "uv": [ 6, 1, 7, 13 ], "texture": "#texture" },
        "east":  { "uv": [ 9, 1, 10, 13 ], "texture": "#texture" }
    }
},
{
    "__comment": "Door Bot",
    "from": [ 1, 15, 6 ],
    "to": [ 2, 16, 10 ],
    "faces": {
        "down":  { "uv": [ 15, 10, 14, 6 ], "texture": "#texture" },
        "west":  { "uv": [ 6, 13, 10, 14 ], "texture": "#texture" },
        "east":  { "uv": [ 6, 13, 10, 14 ], "texture": "#texture" }
    }
},
{
    "__comment": "Door Top*",
    "from": [ 0, 16, 3 ],
    "to": [ 3, 21, 13 ],
    "faces": {
        "down":  { "uv": [ 16, 13, 13, 3 ], "texture": "#texture" },
        "up":    { "uv": [ 0, 3, 3, 13 ], "texture": "#texture" },
        "west":  { "uv": [ 3, 11, 13, 16 ], "texture": "#texture" },
        "east":  { "uv": [ 3, 11, 13, 16 ], "texture": "#texture" }
    }
},
{
    "from": [ 1, 21, 3 ],
    "to": [ 2, 22, 13 ],
    "faces": {
        "up":    { "uv": [ 3, 10, 13, 11 ], "rotation": 90, "texture": "#texture" },
        "west":  { "uv": [ 3, 0, 13, 0 ], "texture": "#texture" },
        "east":  { "uv": [ 3, 0, 13, 0 ], "texture": "#texture" }
    }
},
{
    "__comment": "Bot Diag Horiz*",
    "from": [ 0, 19.5, 3 ],
    "to": [ 1.5, 21, 13 ],
    "rotation": { "origin": [ 0, 21, 3 ], "axis": "z", "angle": 45 },
    "faces": {
        "up":    { "uv": [ 3, 10, 13, 11 ], "rotation": 90, "texture": "#texture" }
    }
},
{
    "__comment": "Bot Diag Horiz*",
    "from": [ 0.875, 19.5, 3 ],
    "to": [ 2.375, 21, 13 ],
    "rotation": { "origin": [ 0.875, 21, 3 ], "axis": "z", "angle": 45 },
    "faces": {
        "east":  { "uv": [ 3, 10, 13, 11 ], "texture": "#texture" }
    }
},
{
    "__comment": "Top Diag Horiz*",
    "from": [ 0, 28.5, 6 ],
    "to": [ 1.5, 30, 10 ],
    "rotation": { "origin": [ 0, 30, 6 ], "axis": "z", "angle": 45 },
    "faces": {
        "west":  { "uv": [ 6, 2, 10, 3 ], "texture": "#texture" }
    }
},
{
    "__comment": "Top Diag Horiz*",
    "from": [ 0.875, 28.5, 6 ],
    "to": [ 2.375, 30, 10 ],
    "rotation": { "origin": [ 0.875, 30, 6 ], "axis": "z", "angle": 45 },
    "faces": {
        "down":  { "uv": [ 6, 2, 10, 3 ], "rotation": 90, "texture": "#texture" }
    }
},
{
    "__comment": "Door Top",
    "from": [ 1, 29, 6 ],
    "to": [ 2, 30, 10 ],
    "faces": {
        "down":  { "uv": [ 15, 10, 14, 6 ], "texture": "#texture" },
        "west":  { "uv": [ 6, 13, 10, 14 ], "texture": "#texture" },
        "east":  { "uv": [ 6, 13, 10, 14 ], "texture": "#texture" }
    }
},
{
    "__comment": "Door Top",
    "from": [ 0, 29, 3 ],
    "to": [ 3, 30, 6 ],
    "faces": {
        "down":  { "uv": [ 16, 6, 13, 3 ], "texture": "#texture" },
        "south": { "uv": [ 0, 2, 3, 3 ], "texture": "#texture" },
        "west":  { "uv": [ 3, 2, 6, 3 ], "texture": "#texture" },
        "east":  { "uv": [ 10, 2, 13, 3 ], "texture": "#texture" }
    }
},
{
    "__comment": "Door Top",
    "from": [ 0, 28, 11 ],
    "to": [ 3, 29, 13 ],
    "faces": {
        "down":  { "uv": [ 16, 13, 13, 11 ], "texture": "#texture" },
        "north": { "uv": [ 13, 3, 16, 4 ], "texture": "#texture" },
        "west":  { "uv": [ 11, 3, 13, 4 ], "texture": "#texture" },
        "east":  { "uv": [ 3, 3, 5, 4 ], "texture": "#texture" }
    }
},
{
    "__comment": "Door Top",
    "from": [ 0, 28, 3 ],
    "to": [ 3, 29, 5 ],
    "faces": {
        "down":  { "uv": [ 16, 4, 13, 2 ], "texture": "#texture" },
        "south": { "uv": [ 0, 3, 3, 4 ], "texture": "#texture" },
        "west":  { "uv": [ 3, 3, 5, 4 ], "texture": "#texture" },
        "east":  { "uv": [ 11, 3, 13, 4 ], "texture": "#texture" }
    }
},
{
    "__comment": "Door Top",
    "from": [ 0, 29, 10 ],
    "to": [ 3, 30, 13 ],
    "faces": {
        "down":  { "uv": [ 16, 13, 13, 10 ], "texture": "#texture" },
        "north": { "uv": [ 13, 2, 16, 3 ], "texture": "#texture" },
        "west":  { "uv": [ 10, 2, 13, 3 ], "texture": "#texture" },
        "east":  { "uv": [ 3, 2, 6, 3 ], "texture": "#texture" }
    }
},
{
    "__comment": "Door Top",
    "from": [ 0, 26, 3 ],
    "to": [ 3, 28, 4 ],
    "faces": {
        "down":  { "uv": [ 16, 4, 13, 3 ], "texture": "#texture" },
        "south": { "uv": [ 0, 4, 3, 6 ], "texture": "#texture" },
        "west":  { "uv": [ 3, 4, 4, 6 ], "texture": "#texture" },
        "east":  { "uv": [ 12, 4, 13, 6 ], "texture": "#texture" }
    }
},
{
    "__comment": "Door Top",
    "from": [ 0, 26, 12 ],
    "to": [ 3, 28, 13 ],
    "faces": {
        "down":  { "uv": [ 16, 4, 13, 3 ], "texture": "#texture" },
        "north": { "uv": [ 13, 4, 16, 6 ], "texture": "#texture" },
        "west":  { "uv": [ 3, 4, 4, 6 ], "texture": "#texture" },
        "east":  { "uv": [ 12, 4, 13, 6 ], "texture": "#texture" }
    }
},
{
    "__comment": "Door Top",
    "from": [ 1, 22, 12 ],
    "to": [ 2, 26, 13 ],
    "faces": {
        "north": { "uv": [ 14, 6, 15, 10 ], "texture": "#texture" },
        "west":  { "uv": [ 12, 6, 13, 10 ], "texture": "#texture" },
        "east":  { "uv": [ 3, 6, 4, 10 ], "texture": "#texture" }
    }
},
{
    "__comment": "Door Top",
    "from": [ 1, 22, 3 ],
    "to": [ 2, 26, 4 ],
    "faces": {
        "south": { "uv": [ 1, 6, 2, 10 ], "texture": "#texture" },
        "west":  { "uv": [ 3, 6, 4, 10 ], "texture": "#texture" },
        "east":  { "uv": [ 12, 6, 13, 10 ], "texture": "#texture" }
    }
},
{
    "__comment": "Door Top",
    "from": [ 1, 26, 11 ],
    "to": [ 2, 28, 12 ],
    "faces": {
        "down":  { "uv": [ 15, 12, 14, 11 ], "texture": "#texture" },
        "north": { "uv": [ 14, 4, 15, 6 ], "texture": "#texture" },
        "west":  { "uv": [ 11, 4, 12, 6 ], "texture": "#texture" },
        "east":  { "uv": [ 4, 4, 5, 6 ], "texture": "#texture" }
    }
},
{
    "__comment": "Door Top",
    "from": [ 1, 26, 4 ],
    "to": [ 2, 28, 5 ],
    "faces": {
        "down":  { "uv": [ 15, 5, 14, 4 ], "texture": "#texture" },
        "south": { "uv": [ 1, 4, 2, 6 ], "texture": "#texture" },
        "west":  { "uv": [ 4, 4, 5, 6 ], "texture": "#texture" },
        "east":  { "uv": [ 11, 4, 12, 6 ], "texture": "#texture" }
    }
},
{
    "__comment": "Door Top",
    "from": [ 1, 28, 10 ],
    "to": [ 2, 29, 11 ],
    "faces": {
        "down":  { "uv": [ 15, 11, 14, 10 ], "texture": "#texture" },
        "north": { "uv": [ 14, 3, 15, 4 ], "texture": "#texture" },
        "west":  { "uv": [ 10, 3, 11, 4 ], "texture": "#texture" },
        "east":  { "uv": [ 5, 3, 6, 4 ], "texture": "#texture" }
    }
},
{
    "__comment": "Door Top",
    "from": [ 1, 28, 5 ],
    "to": [ 2, 29, 6 ],
    "faces": {
        "down":  { "uv": [ 15, 6, 14, 5 ], "texture": "#texture" },
        "south": { "uv": [ 1, 3, 2, 4 ], "texture": "#texture" },
        "west":  { "uv": [ 5, 3, 6, 4 ], "texture": "#texture" },
        "east":  { "uv": [ 10, 3, 11, 4 ], "texture": "#texture" }
    }
}
]
}