{
"__comment": "Sibsib92 3D Models for Default Resourcepack",
"ambientocclusion": false,
"textures": {
    "texture": "blocks/planks_oak",
    "particle": "blocks/ladder",
    "big_oak": "blocks/planks_big_oak"
},
"elements": [ 
{
    "__comment": "hor side dots",
    "from": [ 14.5, 5.5, 14 ],
    "to": [ 15, 6.5, 15 ],
    "faces": {
        "down":  { "uv": [ 14.5, 11, 15, 10 ], "texture": "#texture" },
        "up":    { "uv": [ 14.5, 9, 15, 10 ], "texture": "#texture" },
        "north": { "uv": [ 14.5, 9.5, 15, 10.5 ], "texture": "#texture" },
        "south": { "uv": [ 1, 9.5, 1.5, 10.5 ], "texture": "#texture" },
        "east":  { "uv": [ 1, 9.5, 2, 10.5 ], "texture": "#texture" }
    }
},
{
    "__comment": "hor side dots",
    "from": [ 14.5, 13.5, 14 ],
    "to": [ 15, 14.5, 15 ],
    "faces": {
        "down":  { "uv": [ 14.5, 15, 15, 14 ], "texture": "#texture" },
        "up":    { "uv": [ 14.5, 14, 15, 15 ], "texture": "#texture" },
        "north": { "uv": [ 1, 1.5, 1.5, 2.5 ], "texture": "#texture" },
        "south": { "uv": [ 14.5, 1.5, 15, 2.5 ], "texture": "#texture" },
        "east":  { "uv": [ 1, 1.5, 2, 2.5 ], "texture": "#texture" }
    }
},
{
    "__comment": "hor side dots",
    "from": [ 1, 5.5, 14 ],
    "to": [ 1.5, 6.5, 15 ],
    "faces": {
        "down":  { "uv": [ 14.5, 11, 15, 10 ], "texture": "#texture" },
        "up":    { "uv": [ 14.5, 9, 15, 10 ], "texture": "#texture" },
        "north": { "uv": [ 14.5, 9.5, 15, 10.5 ], "texture": "#texture" },
        "south": { "uv": [ 1, 9.5, 1.5, 10.5 ], "texture": "#texture" },
        "west":  { "uv": [ 14, 9.5, 15, 10.5 ], "texture": "#texture" }
    }
},
{
    "__comment": "hor side dots",
    "from": [ 1, 13.5, 14 ],
    "to": [ 1.5, 14.5, 15 ],
    "faces": {
        "down":  { "uv": [ 1, 15, 1.5, 14 ], "texture": "#texture" },
        "up":    { "uv": [ 1, 14, 1.5, 15 ], "texture": "#texture" },
        "north": { "uv": [ 14.5, 1.5, 15, 2.5 ], "texture": "#texture" },
        "south": { "uv": [ 1, 1.5, 1.5, 2.5 ], "texture": "#texture" },
        "west":  { "uv": [ 14, 1.5, 15, 2.5 ], "texture": "#texture" }
    }
},
{
    "__comment": "horizontal",
    "from": [ 1.5, 13.5, 13.5 ],
    "to": [ 14.5, 14.5, 15.5 ],
    "faces": {
        "down":  { "uv": [ 14.5, 2, 1.5, 3 ], "texture": "#big_oak" },
        "up":    { "uv": [ 14.5, 1, 1.5, 2 ], "texture": "#big_oak" },
        "north": { "uv": [ 1.5, 1, 14.5, 3 ], "texture": "#big_oak" },
        "south": { "uv": [ 14.5, 1, 1.5, 3 ], "texture": "#big_oak" },
        "west":  { "uv": [ 1, 1, 2, 3 ], "texture": "#big_oak" },
        "east":  { "uv": [ 14, 1, 15, 3 ], "texture": "#big_oak" }
    }
},
{
    "__comment": "horizontal",
    "from": [ 1.5, 13, 14 ],
    "to": [ 14.5, 15, 15 ],
    "faces": {
        "down":  { "uv": [ 14.5, 2, 1.5, 3 ], "texture": "#big_oak" },
        "up":    { "uv": [ 14.5, 1, 1.5, 2 ], "texture": "#big_oak" },
        "north": { "uv": [ 1.5, 1, 14.5, 3 ], "texture": "#big_oak" },
        "south": { "uv": [ 14.5, 1, 1.5, 3 ], "texture": "#big_oak" },
        "west":  { "uv": [ 1, 1, 2, 3 ], "texture": "#big_oak" },
        "east":  { "uv": [ 14, 1, 15, 3 ], "texture": "#big_oak" }
    }
},
{
    "__comment": "horizontal",
    "from": [ 1.5, 5.5, 13.5 ],
    "to": [ 14.5, 6.5, 15.5 ],
    "faces": {
        "down":  { "uv": [ 14.5, 10, 1.5, 11 ], "texture": "#big_oak" },
        "up":    { "uv": [ 14.5, 9, 1.5, 10 ], "texture": "#big_oak" },
        "north": { "uv": [ 1.5, 9, 14.5, 11 ], "texture": "#big_oak" },
        "south": { "uv": [ 14.5, 9, 1.5, 11 ], "texture": "#big_oak" },
        "west":  { "uv": [ 1, 9, 2, 11 ], "texture": "#big_oak" },
        "east":  { "uv": [ 14, 9, 15, 11 ], "texture": "#big_oak" }
    }
},
{
    "__comment": "horizontal",
    "from": [ 1.5, 5, 14 ],
    "to": [ 14.5, 7, 15 ],
    "faces": {
        "down":  { "uv": [ 14.5, 10, 1.5, 11 ], "texture": "#big_oak" },
        "up":    { "uv": [ 14.5, 9, 1.5, 10 ], "texture": "#big_oak" },
        "north": { "uv": [ 1.5, 9, 14.5, 11 ], "texture": "#big_oak" },
        "south": { "uv": [ 14.5, 9, 1.5, 11 ], "texture": "#big_oak" },
        "west":  { "uv": [ 1, 9, 2, 11 ], "texture": "#big_oak" },
        "east":  { "uv": [ 14, 9, 15, 11 ], "texture": "#big_oak" }
    }
},
{
    "__comment": "vertical",
    "from": [ 12.5, 0, 14.5 ],
    "to": [ 13.5, 16, 15 ],
    "faces": {
        "down":  { "uv": [ 3.5, 15, 2.5, 15.5 ], "texture": "#big_oak" },
        "up":    { "uv": [ 2.5, 0.5, 3.5, 1 ], "texture": "#big_oak" },
        "north": { "uv": [ 2.5, 0, 3.5, 16 ], "texture": "#big_oak" },
        "west":  { "uv": [ 3, 0, 3.5, 16 ], "texture": "#big_oak" },
        "east":  { "uv": [ 2.5, 0, 3, 16 ], "texture": "#big_oak" }
    }
},
{
    "__comment": "vertical",
    "from": [ 2.5, 0, 14.5 ],
    "to": [ 3.5, 16, 15 ],
    "faces": {
        "down":  { "uv": [ 13.5, 15, 12.5, 15.5 ], "texture": "#big_oak" },
        "up":    { "uv": [ 13, 0.5, 14, 1 ], "texture": "#big_oak" },
        "north": { "uv": [ 12.5, 0, 13.5, 16 ], "texture": "#big_oak" },
        "west":  { "uv": [ 13, 0, 13.5, 16 ], "texture": "#big_oak" },
        "east":  { "uv": [ 12.5, 0, 13, 16 ], "texture": "#big_oak" }
    }
},
{
    "__comment": "vertical",
    "from": [ 12, 0, 15 ],
    "to": [ 14, 16, 16 ],
    "faces": {
        "down":  { "uv": [ 4, 15, 2, 16 ], "texture": "#texture" },
        "up":    { "uv": [ 2, 0, 4, 1 ], "texture": "#texture" },
        "north": { "uv": [ 2, 0, 4, 16 ], "texture": "#texture" },
        "south": { "uv": [ 4, 0, 2, 16 ], "texture": "#texture" },
        "west":  { "uv": [ 3, 0, 4, 16 ], "texture": "#texture" },
        "east":  { "uv": [ 2, 0, 3, 16 ], "texture": "#texture" }
    }
},
{
    "__comment": "vertical",
    "from": [ 2, 0, 15 ],
    "to": [ 4, 16, 16 ],
    "faces": {
        "down":  { "uv": [ 14, 15, 12, 16 ], "texture": "#texture" },
        "up":    { "uv": [ 12, 0, 14, 1 ], "texture": "#texture" },
        "north": { "uv": [ 12, 0, 14, 16 ], "texture": "#texture" },
        "south": { "uv": [ 14, 0, 12, 16 ], "texture": "#texture" },
        "west":  { "uv": [ 13, 0, 14, 16 ], "texture": "#texture" },
        "east":  { "uv": [ 12, 0, 13, 16 ], "texture": "#texture" }
    }
}
]
}