{
"__comment": "3D Models by Sibsib92 with BDcraft Cubik PRO 0.87 Beta - http://bdcraft.net",
"textures": {
    "particle": "blocks/pumpkin_face_on",
    "texture": "blocks/pumpkin_side",
    "torch": "blocks/planks_oak",
    "top": "blocks/pumpkin_top",
    "fire": "blocks/fire_layer_1"
},
"elements": [ 
{
    "__comment": "FaceN",
    "from": [ 3, 3, 0 ],
    "to": [ 4, 4, 1 ],
    "faces": {
        "up":    { "uv": [ 3, 0, 4, 1 ], "texture": "#texture" },
        "north": { "uv": [ 12, 12, 13, 13 ], "texture": "#texture" },
        "west":  { "uv": [ 0, 12, 1, 13 ], "texture": "#texture" },
        "east":  { "uv": [ 15, 12, 16, 13 ], "texture": "#texture" }
    }
},
{
    "__comment": "FaceN",
    "from": [ 1, 2, 0 ],
    "to": [ 4, 3, 1 ],
    "faces": {
        "up":    { "uv": [ 1, 0, 4, 1 ], "texture": "#texture" },
        "north": { "uv": [ 12, 13, 15, 14 ], "texture": "#texture" },
        "east":  { "uv": [ 15, 13, 16, 14 ], "texture": "#texture" }
    }
},
{
    "__comment": "FaceN",
    "from": [ 7, 3, 0 ],
    "to": [ 8, 4, 1 ],
    "faces": {
        "up":    { "uv": [ 7, 0, 8, 1 ], "texture": "#texture" },
        "north": { "uv": [ 8, 12, 9, 13 ], "texture": "#texture" },
        "west":  { "uv": [ 0, 12, 1, 13 ], "texture": "#texture" },
        "east":  { "uv": [ 15, 12, 16, 13 ], "texture": "#texture" }
    }
},
{
    "__comment": "FaceN",
    "from": [ 5, 2, 0 ],
    "to": [ 9, 3, 1 ],
    "faces": {
        "up":    { "uv": [ 5, 0, 9, 1 ], "texture": "#texture" },
        "north": { "uv": [ 7, 13, 11, 14 ], "texture": "#texture" },
        "west":  { "uv": [ 0, 13, 1, 14 ], "texture": "#texture" },
        "east":  { "uv": [ 15, 13, 16, 14 ], "texture": "#texture" }
    }
},
{
    "__comment": "FaceN",
    "from": [ 11, 2, 0 ],
    "to": [ 12, 3, 1 ],
    "faces": {
        "up":    { "uv": [ 11, 0, 12, 1 ], "texture": "#texture" },
        "north": { "uv": [ 4, 13, 5, 14 ], "texture": "#texture" },
        "east":  { "uv": [ 15, 13, 16, 14 ], "texture": "#texture" }
    }
},
{
    "__comment": "FaceN",
    "from": [ 10, 2, 0 ],
    "to": [ 11, 4, 1 ],
    "faces": {
        "up":    { "uv": [ 10, 0, 11, 1 ], "texture": "#texture" },
        "north": { "uv": [ 5, 12, 6, 14 ], "texture": "#texture" },
        "west":  { "uv": [ 0, 12, 1, 14 ], "texture": "#texture" },
        "east":  { "uv": [ 15, 12, 16, 14 ], "texture": "#texture" }
    }
},
{
    "__comment": "FaceN",
    "from": [ 13, 2, 0 ],
    "to": [ 14, 4, 1 ],
    "faces": {
        "up":    { "uv": [ 13, 0, 14, 1 ], "texture": "#texture" },
        "north": { "uv": [ 2, 12, 3, 14 ], "texture": "#texture" },
        "west":  { "uv": [ 0, 12, 1, 14 ], "texture": "#texture" }
    }
},
{
    "__comment": "FaceN",
    "from": [ 14, 2, 0 ],
    "to": [ 15, 7, 1 ],
    "faces": {
        "north": { "uv": [ 1, 9, 2, 14 ], "texture": "#texture" },
        "west":  { "uv": [ 0, 9, 1, 14 ], "texture": "#texture" }
    }
},
{
    "__comment": "FaceN",
    "from": [ 13, 6, 0 ],
    "to": [ 14, 7, 1 ],
    "faces": {
        "down":  { "uv": [ 13, 1, 14, 0 ], "texture": "#texture" },
        "north": { "uv": [ 2, 9, 3, 10 ], "texture": "#texture" },
        "west":  { "uv": [ 0, 9, 1, 10 ], "texture": "#texture" }
    }
},
{
    "__comment": "FaceN",
    "from": [ 11, 6, 0 ],
    "to": [ 12, 7, 1 ],
    "faces": {
        "down":  { "uv": [ 11, 1, 12, 0 ], "texture": "#texture" },
        "north": { "uv": [ 4, 9, 5, 10 ], "texture": "#texture" },
        "west":  { "uv": [ 0, 9, 1, 10 ], "texture": "#texture" },
        "east":  { "uv": [ 15, 9, 16, 10 ], "texture": "#texture" }
    }
},
{
    "__comment": "FaceN",
    "from": [ 8, 6, 0 ],
    "to": [ 10, 7, 1 ],
    "faces": {
        "down":  { "uv": [ 8, 1, 10, 0 ], "texture": "#texture" },
        "north": { "uv": [ 6, 9, 8, 10 ], "texture": "#texture" },
        "west":  { "uv": [ 0, 9, 1, 10 ], "texture": "#texture" },
        "east":  { "uv": [ 15, 9, 16, 10 ], "texture": "#texture" }
    }
},
{
    "__comment": "FaceN",
    "from": [ 5, 6, 0 ],
    "to": [ 7, 7, 1 ],
    "faces": {
        "down":  { "uv": [ 5, 1, 7, 0 ], "texture": "#texture" },
        "north": { "uv": [ 9, 9, 11, 10 ], "texture": "#texture" },
        "west":  { "uv": [ 0, 9, 1, 10 ], "texture": "#texture" },
        "east":  { "uv": [ 15, 9, 16, 10 ], "texture": "#texture" }
    }
},
{
    "__comment": "FaceN",
    "from": [ 3, 6, 0 ],
    "to": [ 4, 7, 1 ],
    "faces": {
        "down":  { "uv": [ 3, 1, 4, 0 ], "texture": "#texture" },
        "north": { "uv": [ 12, 9, 13, 10 ], "texture": "#texture" },
        "west":  { "uv": [ 0, 9, 1, 10 ], "texture": "#texture" },
        "east":  { "uv": [ 15, 9, 16, 10 ], "texture": "#texture" }
    }
},
{
    "__comment": "FaceN",
    "from": [ 1, 5, 0 ],
    "to": [ 2, 7, 1 ],
    "faces": {
        "down":  { "uv": [ 1, 1, 2, 0 ], "texture": "#texture" },
        "north": { "uv": [ 14, 9, 15, 11 ], "texture": "#texture" },
        "east":  { "uv": [ 15, 9, 16, 11 ], "texture": "#texture" }
    }
},
{
    "__comment": "FaceN",
    "from": [ 9, 13, 0 ],
    "to": [ 10, 14, 1 ],
    "faces": {
        "down":  { "uv": [ 9, 1, 10, 0 ], "texture": "#texture" },
        "north": { "uv": [ 6, 2, 7, 3 ], "texture": "#texture" },
        "east":  { "uv": [ 15, 2, 16, 3 ], "texture": "#texture" }
    }
},
{
    "__comment": "FaceN",
    "from": [ 6, 13, 0 ],
    "to": [ 7, 14, 1 ],
    "faces": {
        "down":  { "uv": [ 6, 1, 7, 0 ], "texture": "#texture" },
        "north": { "uv": [ 9, 2, 10, 3 ], "texture": "#texture" },
        "west":  { "uv": [ 0, 2, 1, 3 ], "texture": "#texture" }
    }
},
{
    "__comment": "FaceN",
    "from": [ 4, 13, 0 ],
    "to": [ 5, 14, 1 ],
    "faces": {
        "down":  { "uv": [ 4, 1, 5, 0 ], "texture": "#texture" },
        "north": { "uv": [ 11, 2, 12, 3 ], "texture": "#texture" },
        "east":  { "uv": [ 15, 2, 16, 3 ], "texture": "#texture" }
    }
},
{
    "__comment": "FaceN",
    "from": [ 6, 8, 0 ],
    "to": [ 7, 9, 1 ],
    "faces": {
        "up":    { "uv": [ 6, 0, 7, 1 ], "texture": "#texture" },
        "north": { "uv": [ 9, 7, 10, 8 ], "texture": "#texture" },
        "west":  { "uv": [ 0, 7, 1, 8 ], "texture": "#texture" }
    }
},
{
    "__comment": "FaceN",
    "from": [ 12, 8, 0 ],
    "to": [ 13, 9, 1 ],
    "faces": {
        "up":    { "uv": [ 12, 0, 13, 1 ], "texture": "#texture" },
        "north": { "uv": [ 3, 7, 4, 8 ], "texture": "#texture" },
        "west":  { "uv": [ 0, 7, 1, 8 ], "texture": "#texture" }
    }
},
{
    "__comment": "FaceN",
    "from": [ 3, 12, 0 ],
    "to": [ 4, 14, 1 ],
    "faces": {
        "down":  { "uv": [ 3, 1, 4, 0 ], "texture": "#texture" },
        "north": { "uv": [ 12, 2, 13, 4 ], "texture": "#texture" },
        "east":  { "uv": [ 15, 2, 16, 4 ], "texture": "#texture" }
    }
},
{
    "__comment": "FaceN",
    "from": [ 2, 10, 0 ],
    "to": [ 3, 14, 1 ],
    "faces": {
        "down":  { "uv": [ 2, 1, 3, 0 ], "texture": "#texture" },
        "north": { "uv": [ 13, 2, 14, 6 ], "texture": "#texture" },
        "east":  { "uv": [ 15, 2, 16, 6 ], "texture": "#texture" }
    }
},
{
    "__comment": "FaceN",
    "from": [ 9, 8, 0 ],
    "to": [ 10, 9, 1 ],
    "faces": {
        "up":    { "uv": [ 9, 0, 10, 1 ], "texture": "#texture" },
        "north": { "uv": [ 6, 7, 7, 8 ], "texture": "#texture" },
        "east":  { "uv": [ 15, 7, 16, 8 ], "texture": "#texture" }
    }
},
{
    "__comment": "FaceN",
    "from": [ 13, 8, 0 ],
    "to": [ 15, 14, 1 ],
    "faces": {
        "north": { "uv": [ 1, 2, 3, 8 ], "texture": "#texture" },
        "west":  { "uv": [ 0, 2, 1, 8 ], "texture": "#texture" }
    }
},
{
    "__comment": "FaceN",
    "from": [ 1, 7, 0 ],
    "to": [ 15, 8, 1 ],
    "faces": {
        "down":  { "uv": [ 1, 1, 15, 0 ], "texture": "#texture" },
        "up":    { "uv": [ 1, 0, 15, 1 ], "texture": "#texture" },
        "north": { "uv": [ 1, 8, 15, 9 ], "texture": "#texture" }
    }
},
{
    "__comment": "FaceN",
    "from": [ 12, 12, 0 ],
    "to": [ 13, 14, 1 ],
    "faces": {
        "down":  { "uv": [ 12, 1, 13, 0 ], "texture": "#texture" },
        "north": { "uv": [ 3, 2, 4, 4 ], "texture": "#texture" },
        "west":  { "uv": [ 0, 2, 1, 4 ], "texture": "#texture" }
    }
},
{
    "__comment": "FaceN",
    "from": [ 1, 8, 0 ],
    "to": [ 2, 14, 1 ],
    "faces": {
        "north": { "uv": [ 14, 2, 15, 8 ], "texture": "#texture" },
        "east":  { "uv": [ 15, 2, 16, 8 ], "texture": "#texture" }
    }
},
{
    "__comment": "FaceN",
    "from": [ 7, 8, 0 ],
    "to": [ 9, 14, 1 ],
    "faces": {
        "north": { "uv": [ 7, 2, 9, 8 ], "texture": "#texture" },
        "west":  { "uv": [ 0, 2, 1, 8 ], "texture": "#texture" },
        "east":  { "uv": [ 15, 2, 16, 8 ], "texture": "#texture" }
    }
},
{
    "__comment": "FaceN",
    "from": [ 1, 1, 0 ],
    "to": [ 15, 2, 1 ],
    "faces": {
        "up":    { "uv": [ 1, 0, 15, 1 ], "texture": "#texture" },
        "north": { "uv": [ 1, 14, 15, 15 ], "texture": "#texture" }
    }
},
{
    "__comment": "FaceN",
    "from": [ 1, 14, 0 ],
    "to": [ 15, 15, 1 ],
    "faces": {
        "down":  { "uv": [ 1, 1, 15, 0 ], "texture": "#texture" },
        "north": { "uv": [ 1, 1, 15, 2 ], "texture": "#texture" }
    }
},
{
    "__comment": "Frame",
    "from": [ 0, 1, 0 ],
    "to": [ 1, 15, 16 ],
    "faces": {
        "north": { "uv": [ 15, 1, 16, 15 ], "texture": "#texture" },
        "south": { "uv": [ 0, 1, 1, 15 ], "texture": "#texture" },
        "west":  { "uv": [ 0, 1, 16, 15 ], "texture": "#texture" },
        "east":  { "uv": [ 0, 1, 16, 15 ], "texture": "#texture" }
    }
},
{
    "__comment": "Frame",
    "from": [ 15, 1, 0 ],
    "to": [ 16, 15, 16 ],
    "faces": {
        "north": { "uv": [ 0, 1, 1, 15 ], "texture": "#texture" },
        "south": { "uv": [ 15, 1, 16, 15 ], "texture": "#texture" },
        "west":  { "uv": [ 0, 1, 16, 15 ], "texture": "#texture" },
        "east":  { "uv": [ 0, 1, 16, 15 ], "texture": "#texture" }
    }
},
{
    "__comment": "Frame",
    "from": [ 1, 1, 15 ],
    "to": [ 15, 15, 16 ],
    "faces": {
        "north": { "uv": [ 1, 1, 15, 15 ], "texture": "#texture" },
        "south": { "uv": [ 1, 1, 15, 15 ], "texture": "#texture" }
    }
},
{
    "__comment": "Frame",
    "from": [ 0, 15, 0 ],
    "to": [ 16, 16, 16 ],
    "faces": {
        "down":  { "uv": [ 0, 16, 16, 0 ], "texture": "#texture" },
        "up":    { "uv": [ 0, 0, 16, 16 ], "texture": "#top" },
        "north": { "uv": [ 0, 0, 16, 1 ], "texture": "#texture" },
        "south": { "uv": [ 0, 0, 16, 1 ], "texture": "#texture" },
        "west":  { "uv": [ 0, 0, 16, 1 ], "texture": "#texture" },
        "east":  { "uv": [ 0, 0, 16, 1 ], "texture": "#texture" }
    }
},
{
    "__comment": "Frame",
    "from": [ 0, 0, 0 ],
    "to": [ 16, 1, 16 ],
    "faces": {
        "down":  { "uv": [ 0, 16, 16, 0 ], "texture": "#texture" },
        "up":    { "uv": [ 0, 0, 16, 16 ], "texture": "#texture" },
        "north": { "uv": [ 0, 15, 16, 16 ], "texture": "#texture" },
        "south": { "uv": [ 0, 15, 16, 16 ], "texture": "#texture" },
        "west":  { "uv": [ 0, 15, 16, 16 ], "texture": "#texture" },
        "east":  { "uv": [ 0, 15, 16, 16 ], "texture": "#texture" }
    }
},
{
    "__comment": "Wood",
    "from": [ 7.75, 7, 6.6875 ],
    "to": [ 8.25, 8.5, 9.25 ],
    "faces": {
        "down":  { "uv": [ 7.75, 9.75, 8.25, 8.25 ], "texture": "#torch" },
        "north": { "uv": [ 7.75, 12, 8.25, 13.5 ], "texture": "#torch" },
        "south": { "uv": [ 7.75, 12, 8.25, 13.5 ], "texture": "#torch" },
        "west":  { "uv": [ 7.25, 12, 8.75, 13.5 ], "texture": "#torch" },
        "east":  { "uv": [ 7.25, 12, 8.75, 13.5 ], "texture": "#torch" }
    }
},
{
    "__comment": "Wood",
    "from": [ 6.6875, 7, 7.75 ],
    "to": [ 9.25, 8.5, 8.25 ],
    "faces": {
        "down":  { "uv": [ 7.25, 9.25, 8.75, 8.75 ], "texture": "#torch" },
        "north": { "uv": [ 7.25, 12, 8.75, 13.5 ], "texture": "#torch" },
        "south": { "uv": [ 7.25, 12, 8.75, 13.5 ], "texture": "#torch" },
        "west":  { "uv": [ 7.75, 12, 8.25, 13.5 ], "texture": "#torch" },
        "east":  { "uv": [ 7.75, 12, 8.25, 13.5 ], "texture": "#torch" }
    }
},
{
    "__comment": "Wood",
    "from": [ 7.5, 4, 7 ],
    "to": [ 8.5, 8, 9 ],
    "faces": {
        "down":  { "uv": [ 10, 8, 11, 6 ], "texture": "#torch" },
        "north": { "uv": [ 7.5, 8, 8.5, 12 ], "texture": "#torch" },
        "south": { "uv": [ 7.5, 8, 8.5, 12 ], "texture": "#torch" },
        "west":  { "uv": [ 7, 8, 9, 12 ], "texture": "#torch" },
        "east":  { "uv": [ 7, 8, 9, 12 ], "texture": "#torch" }
    }
},
{
    "__comment": "Wood",
    "from": [ 7, 4, 7.5 ],
    "to": [ 9, 8, 8.5 ],
    "faces": {
        "down":  { "uv": [ 10, 8, 12, 7 ], "texture": "#torch" },
        "north": { "uv": [ 7, 8, 9, 12 ], "texture": "#torch" },
        "south": { "uv": [ 7, 8, 9, 12 ], "texture": "#torch" },
        "west":  { "uv": [ 7.5, 8, 8.5, 12 ], "texture": "#torch" },
        "east":  { "uv": [ 7.5, 8, 8.5, 12 ], "texture": "#torch" }
    }
},
{
    "__comment": "Wood",
    "from": [ 7.5, 1, 7.5 ],
    "to": [ 8.5, 4, 8.5 ],
    "faces": {
        "north": { "uv": [ 7.5, 12, 8.5, 15 ], "texture": "#torch" },
        "south": { "uv": [ 7.5, 12, 8.5, 15 ], "texture": "#torch" },
        "west":  { "uv": [ 7.5, 12, 8.5, 15 ], "texture": "#torch" },
        "east":  { "uv": [ 7.5, 12, 8.5, 15 ], "texture": "#torch" }
    }
},
{
    "__comment": "Wood",
    "from": [ 7.75, 2.5, 7.25 ],
    "to": [ 8.25, 4, 8.75 ],
    "faces": {
        "down":  { "uv": [ 7.75, 9.75, 8.25, 8.25 ], "texture": "#torch" },
        "north": { "uv": [ 7.75, 12, 8.25, 13.5 ], "texture": "#torch" },
        "south": { "uv": [ 7.75, 12, 8.25, 13.5 ], "texture": "#torch" },
        "west":  { "uv": [ 7.25, 12, 8.75, 13.5 ], "texture": "#torch" },
        "east":  { "uv": [ 7.25, 12, 8.75, 13.5 ], "texture": "#torch" }
    }
},
{
    "__comment": "Wood",
    "from": [ 7.25, 2.5, 7.75 ],
    "to": [ 8.75, 4, 8.25 ],
    "faces": {
        "down":  { "uv": [ 7.25, 9.25, 8.75, 8.75 ], "texture": "#torch" },
        "north": { "uv": [ 7.25, 12, 8.75, 13.5 ], "texture": "#torch" },
        "south": { "uv": [ 7.25, 12, 8.75, 13.5 ], "texture": "#torch" },
        "west":  { "uv": [ 7.75, 12, 8.25, 13.5 ], "texture": "#torch" },
        "east":  { "uv": [ 7.75, 12, 8.25, 13.5 ], "texture": "#torch" }
    }
},
{
    "__comment": "Fire",
    "from": [ 7, 8, 7 ],
    "to": [ 9, 10, 9 ],
    "faces": {
        "down":  { "uv": [ 7, 16, 9, 14 ], "texture": "#fire" },
        "up":    { "uv": [ 7, 14, 9, 16 ], "texture": "#fire" },
        "north": { "uv": [ 7, 14, 9, 16 ], "texture": "#fire" },
        "south": { "uv": [ 7, 14, 9, 16 ], "texture": "#fire" },
        "west":  { "uv": [ 7, 14, 9, 16 ], "texture": "#fire" },
        "east":  { "uv": [ 7, 14, 9, 16 ], "texture": "#fire" }
    }
},
{
    "__comment": "Fire",
    "from": [ 6.6875, 8.5, 7.5 ],
    "to": [ 9.25, 9.5, 8.5625 ],
    "faces": {
        "down":  { "uv": [ 7, 16, 9, 14 ], "texture": "#fire" },
        "up":    { "uv": [ 7, 14, 9, 16 ], "texture": "#fire" },
        "north": { "uv": [ 7, 14, 9, 16 ], "texture": "#fire" },
        "south": { "uv": [ 7, 14, 9, 16 ], "texture": "#fire" },
        "west":  { "uv": [ 7, 14, 9, 16 ], "texture": "#fire" },
        "east":  { "uv": [ 7, 14, 9, 16 ], "texture": "#fire" }
    }
},
{
    "__comment": "Fire",
    "from": [ 7.5, 8.5, 6.6875 ],
    "to": [ 8.5, 9.5, 9.25 ],
    "faces": {
        "down":  { "uv": [ 7, 16, 9, 14 ], "texture": "#fire" },
        "up":    { "uv": [ 7, 14, 9, 16 ], "texture": "#fire" },
        "north": { "uv": [ 7, 14, 9, 16 ], "texture": "#fire" },
        "south": { "uv": [ 7, 14, 9, 16 ], "texture": "#fire" },
        "west":  { "uv": [ 7, 14, 9, 16 ], "texture": "#fire" },
        "east":  { "uv": [ 7, 14, 9, 16 ], "texture": "#fire" }
    }
},
{
    "__comment": "Fire",
    "from": [ 7.5, 9.9375, 7.5 ],
    "to": [ 8.5, 10.25, 8.5 ],
    "faces": {
        "down":  { "uv": [ 7, 8, 9, 6 ], "texture": "#fire" },
        "up":    { "uv": [ 7, 14, 9, 16 ], "texture": "#fire" },
        "north": { "uv": [ 7, 15, 9, 16 ], "texture": "#fire" },
        "south": { "uv": [ 7, 15, 9, 16 ], "texture": "#fire" },
        "west":  { "uv": [ 7, 15, 9, 16 ], "texture": "#fire" },
        "east":  { "uv": [ 7, 15, 9, 16 ], "texture": "#fire" }
    }
}
],
"display": {
    "thirdperson": {
        "rotation": [ 15, 0, 180 ],
        "translation": [ 0, 3, -3 ],
        "scale": [ 0.5, 0.5, 0.5 ]
    },
    "head": {
        "rotation": [ 0, 0, 0 ],
        "translation": [ 0, 0, 0 ],
        "scale": [ 1.1, 1.1, 1.1 ]
    },
    "firstperson": {
        "rotation": [ 0, 0, 0 ],
        "translation": [ 0, 0, 0 ],
        "scale": [ 1, 1, 1 ]
    },
    "gui": {
        "rotation": [ 0, 0, 0 ],
        "translation": [ 0, 0, 0 ],
        "scale": [ 1, 1, 1 ]
    }
}
}