{
"__comment": "Designed by Sibsib92 with BDcraft Cubik PRO 0.76 Beta - http://bdcraft.net",
"textures": {
    "particle": "blocks/nether_brick",
    "texture": "blocks/nether_brick"
},
"elements": [ 
{
    "from": [ 9, 4, 7 ],
    "to": [ 12, 5, 9 ],
    "faces": {
        "down":  { "uv": [ 9, 9, 12, 7 ], "texture": "#texture" },
        "up":    { "uv": [ 9, 7, 12, 9 ], "texture": "#texture" },
        "north": { "uv": [ 4, 11, 7, 12 ], "texture": "#texture" },
        "south": { "uv": [ 9, 11, 12, 12 ], "texture": "#texture" },
        "west":  { "uv": [ 7, 11, 9, 12 ], "texture": "#texture" },
        "east":  { "uv": [ 7, 11, 9, 12 ], "texture": "#texture" }
    }
},
{
    "from": [ 9, 2, 7 ],
    "to": [ 12, 3, 9 ],
    "faces": {
        "down":  { "uv": [ 9, 9, 12, 7 ], "texture": "#texture" },
        "up":    { "uv": [ 9, 7, 12, 9 ], "texture": "#texture" },
        "north": { "uv": [ 4, 13, 7, 14 ], "texture": "#texture" },
        "south": { "uv": [ 9, 13, 12, 14 ], "texture": "#texture" },
        "west":  { "uv": [ 7, 13, 9, 14 ], "texture": "#texture" },
        "east":  { "uv": [ 7, 13, 9, 14 ], "texture": "#texture" }
    }
},
{
    "from": [ 9, 6, 7 ],
    "to": [ 12, 7, 9 ],
    "faces": {
        "down":  { "uv": [ 9, 9, 12, 7 ], "texture": "#texture" },
        "up":    { "uv": [ 9, 7, 12, 9 ], "texture": "#texture" },
        "north": { "uv": [ 4, 9, 7, 10 ], "texture": "#texture" },
        "south": { "uv": [ 9, 9, 12, 10 ], "texture": "#texture" },
        "west":  { "uv": [ 7, 9, 9, 10 ], "texture": "#texture" },
        "east":  { "uv": [ 7, 9, 9, 10 ], "texture": "#texture" }
    }
},
{
    "from": [ 12, 10, 6 ],
    "to": [ 16, 14, 10 ],
    "faces": {
        "down":  { "uv": [ 12, 10, 16, 6 ], "texture": "#texture" },
        "up":    { "uv": [ 12, 6, 16, 10 ], "texture": "#texture" },
        "north": { "uv": [ 0, 2, 4, 6 ], "texture": "#texture" },
        "south": { "uv": [ 12, 2, 16, 6 ], "texture": "#texture" },
        "west":  { "uv": [ 6, 2, 10, 6 ], "texture": "#texture" },
        "east":  { "uv": [ 6, 2, 10, 6 ], "texture": "#texture" }
    }
},
{
    "from": [ 9, 8, 7 ],
    "to": [ 14, 10, 9 ],
    "faces": {
        "down":  { "uv": [ 9, 9, 14, 7 ], "texture": "#texture" },
        "up":    { "uv": [ 9, 7, 14, 9 ], "texture": "#texture" },
        "north": { "uv": [ 2, 6, 7, 8 ], "texture": "#texture" },
        "south": { "uv": [ 9, 6, 14, 8 ], "texture": "#texture" },
        "west":  { "uv": [ 7, 6, 9, 8 ], "texture": "#texture" },
        "east":  { "uv": [ 7, 6, 9, 8 ], "texture": "#texture" }
    }
},
{
    "from": [ 7, 4, 4 ],
    "to": [ 9, 5, 7 ],
    "faces": {
        "down":  { "uv": [ 7, 7, 9, 4 ], "texture": "#texture" },
        "up":    { "uv": [ 7, 4, 9, 7 ], "texture": "#texture" },
        "north": { "uv": [ 7, 11, 9, 12 ], "texture": "#texture" },
        "south": { "uv": [ 7, 11, 9, 12 ], "texture": "#texture" },
        "west":  { "uv": [ 4, 11, 7, 12 ], "texture": "#texture" },
        "east":  { "uv": [ 9, 11, 12, 12 ], "texture": "#texture" }
    }
},
{
    "from": [ 7, 2, 4 ],
    "to": [ 9, 3, 7 ],
    "faces": {
        "down":  { "uv": [ 7, 7, 9, 4 ], "texture": "#texture" },
        "up":    { "uv": [ 7, 4, 9, 7 ], "texture": "#texture" },
        "north": { "uv": [ 7, 13, 9, 14 ], "texture": "#texture" },
        "south": { "uv": [ 7, 13, 9, 14 ], "texture": "#texture" },
        "west":  { "uv": [ 4, 13, 7, 14 ], "texture": "#texture" },
        "east":  { "uv": [ 9, 13, 12, 14 ], "texture": "#texture" }
    }
},
{
    "from": [ 7, 6, 4 ],
    "to": [ 9, 7, 7 ],
    "faces": {
        "down":  { "uv": [ 7, 7, 9, 4 ], "texture": "#texture" },
        "up":    { "uv": [ 7, 4, 9, 7 ], "texture": "#texture" },
        "north": { "uv": [ 7, 9, 9, 10 ], "texture": "#texture" },
        "south": { "uv": [ 7, 9, 9, 10 ], "texture": "#texture" },
        "west":  { "uv": [ 4, 9, 7, 10 ], "texture": "#texture" },
        "east":  { "uv": [ 9, 9, 12, 10 ], "texture": "#texture" }
    }
},
{
    "from": [ 6, 10, 0 ],
    "to": [ 10, 14, 4 ],
    "faces": {
        "down":  { "uv": [ 6, 4, 10, 0 ], "texture": "#texture" },
        "up":    { "uv": [ 6, 0, 10, 4 ], "texture": "#texture" },
        "north": { "uv": [ 6, 2, 10, 6 ], "texture": "#texture" },
        "south": { "uv": [ 6, 2, 10, 6 ], "texture": "#texture" },
        "west":  { "uv": [ 0, 2, 4, 6 ], "texture": "#texture" },
        "east":  { "uv": [ 12, 2, 16, 6 ], "texture": "#texture" }
    }
},
{
    "from": [ 7, 8, 2 ],
    "to": [ 9, 10, 7 ],
    "faces": {
        "down":  { "uv": [ 7, 7, 9, 2 ], "texture": "#texture" },
        "up":    { "uv": [ 7, 2, 9, 7 ], "texture": "#texture" },
        "north": { "uv": [ 7, 6, 9, 8 ], "texture": "#texture" },
        "south": { "uv": [ 7, 6, 9, 8 ], "texture": "#texture" },
        "west":  { "uv": [ 2, 6, 7, 8 ], "texture": "#texture" },
        "east":  { "uv": [ 9, 6, 14, 8 ], "texture": "#texture" }
    }
},
{
    "from": [ 7, 0, 7 ],
    "to": [ 9, 10, 9 ],
    "faces": {
        "down":  { "uv": [ 7, 9, 9, 7 ], "texture": "#texture" },
        "north": { "uv": [ 7, 6, 9, 16 ], "texture": "#texture" },
        "south": { "uv": [ 7, 6, 9, 16 ], "texture": "#texture" },
        "west":  { "uv": [ 7, 6, 9, 16 ], "texture": "#texture" },
        "east":  { "uv": [ 7, 6, 9, 16 ], "texture": "#texture" }
    }
},
{
    "from": [ 5, 10, 5 ],
    "to": [ 11, 16, 11 ],
    "faces": {
        "down":  { "uv": [ 5, 11, 11, 5 ], "texture": "#texture" },
        "up":    { "uv": [ 5, 5, 11, 11 ], "texture": "#texture" },
        "north": { "uv": [ 5, 0, 11, 6 ], "texture": "#texture" },
        "south": { "uv": [ 5, 0, 11, 6 ], "texture": "#texture" },
        "west":  { "uv": [ 5, 0, 11, 6 ], "texture": "#texture" },
        "east":  { "uv": [ 5, 0, 11, 6 ], "texture": "#texture" }
    }
}
]
}