{
"__comment": "Designed by Sibsib92 with BDcraft Cubik PRO 0.85 Beta - http://bdcraft.net",
"textures": {
    "particle": "blocks/torch_on",
    "texture": "blocks/planks_oak",
    "fire": "blocks/fire_layer_0"
},
"elements": [ 
{
    "__comment": "Wood Holder",
    "from": [ 0.1875, 7, 7 ],
    "to": [ 5.6875, 7.4375, 9 ],
    "rotation": { "origin": [ 0.1875, 7.4375, 7 ], "axis": "z", "angle": -22.5 },
    "faces": {
        "down":  { "uv": [ 0, 7, 2, 0 ], "rotation": 90, "texture": "#texture" },
        "up":    { "uv": [ 0, 0, 2, 7 ], "rotation": 90, "texture": "#texture" },
        "north": { "uv": [ 0, 0, 0.5, 7 ], "rotation": 90, "texture": "#texture" },
        "south": { "uv": [ 0, 0, 0.5, 7 ], "rotation": 90, "texture": "#texture" },
        "west":  { "uv": [ 7, 9, 9, 9.5 ], "texture": "#texture" },
        "east":  { "uv": [ 7, 9, 9, 9.5 ], "texture": "#texture" }
    }
},
{
    "__comment": "Wood Holder",
    "from": [ 0, 7, 7 ],
    "to": [ 0.5, 12, 9 ],
    "faces": {
        "down":  { "uv": [ 0, 10, 0.5, 8 ], "texture": "#texture" },
        "up":    { "uv": [ 0, 8, 0.5, 10 ], "texture": "#texture" },
        "north": { "uv": [ 15.5, 5, 16, 10 ], "texture": "#texture" },
        "south": { "uv": [ 0, 5, 0.5, 10 ], "texture": "#texture" },
        "west":  { "uv": [ 7, 5, 9, 10 ], "texture": "#texture" },
        "east":  { "uv": [ 7, 5, 9, 10 ], "texture": "#texture" }
    }
},
{
    "__comment": "Fire",
    "from": [ 3.5, 13, 7.5 ],
    "to": [ 4.5, 13.25, 8.5 ],
    "faces": {
        "down":  { "uv": [ 7, 8, 9, 6 ], "texture": "#fire" },
        "up":    { "uv": [ 7, 14, 9, 16 ], "texture": "#fire" },
        "north": { "uv": [ 7, 15, 9, 16 ], "texture": "#fire" },
        "south": { "uv": [ 7, 15, 9, 16 ], "texture": "#fire" },
        "west":  { "uv": [ 7, 15, 9, 16 ], "texture": "#fire" },
        "east":  { "uv": [ 7, 15, 9, 16 ], "texture": "#fire" }
    }
},
{
    "__comment": "Fire",
    "from": [ 3.5, 11.5, 6.6875 ],
    "to": [ 4.5, 12.5, 9.25 ],
    "faces": {
        "down":  { "uv": [ 7, 16, 9, 14 ], "texture": "#fire" },
        "up":    { "uv": [ 7, 14, 9, 16 ], "texture": "#fire" },
        "north": { "uv": [ 7, 14, 9, 16 ], "texture": "#fire" },
        "south": { "uv": [ 7, 14, 9, 16 ], "texture": "#fire" },
        "west":  { "uv": [ 7, 14, 9, 16 ], "texture": "#fire" },
        "east":  { "uv": [ 7, 14, 9, 16 ], "texture": "#fire" }
    }
},
{
    "__comment": "Fire",
    "from": [ 2.6875, 11.5, 7.5 ],
    "to": [ 5.25, 12.5, 8.5625 ],
    "faces": {
        "down":  { "uv": [ 7, 16, 9, 14 ], "texture": "#fire" },
        "up":    { "uv": [ 7, 14, 9, 16 ], "texture": "#fire" },
        "north": { "uv": [ 7, 14, 9, 16 ], "texture": "#fire" },
        "south": { "uv": [ 7, 14, 9, 16 ], "texture": "#fire" },
        "west":  { "uv": [ 7, 14, 9, 16 ], "texture": "#fire" },
        "east":  { "uv": [ 7, 14, 9, 16 ], "texture": "#fire" }
    }
},
{
    "__comment": "Fire",
    "from": [ 3, 11, 7 ],
    "to": [ 5, 13, 9 ],
    "faces": {
        "down":  { "uv": [ 7, 16, 9, 14 ], "texture": "#fire" },
        "up":    { "uv": [ 7, 14, 9, 16 ], "texture": "#fire" },
        "north": { "uv": [ 7, 14, 9, 16 ], "texture": "#fire" },
        "south": { "uv": [ 7, 14, 9, 16 ], "texture": "#fire" },
        "west":  { "uv": [ 7, 14, 9, 16 ], "texture": "#fire" },
        "east":  { "uv": [ 7, 14, 9, 16 ], "texture": "#fire" }
    }
},
{
    "__comment": "Wood",
    "from": [ 3.25, 5.5, 7.75 ],
    "to": [ 4.75, 7, 8.25 ],
    "faces": {
        "down":  { "uv": [ 7.25, 9.25, 8.75, 8.75 ], "texture": "#texture" },
        "north": { "uv": [ 7.25, 12, 8.75, 13.5 ], "texture": "#texture" },
        "south": { "uv": [ 7.25, 12, 8.75, 13.5 ], "texture": "#texture" },
        "west":  { "uv": [ 7.75, 12, 8.25, 13.5 ], "texture": "#texture" },
        "east":  { "uv": [ 7.75, 12, 8.25, 13.5 ], "texture": "#texture" }
    }
},
{
    "__comment": "Wood",
    "from": [ 3.75, 5.5, 7.25 ],
    "to": [ 4.25, 7, 8.75 ],
    "faces": {
        "down":  { "uv": [ 7.75, 9.75, 8.25, 8.25 ], "texture": "#texture" },
        "north": { "uv": [ 7.75, 12, 8.25, 13.5 ], "texture": "#texture" },
        "south": { "uv": [ 7.75, 12, 8.25, 13.5 ], "texture": "#texture" },
        "west":  { "uv": [ 7.25, 12, 8.75, 13.5 ], "texture": "#texture" },
        "east":  { "uv": [ 7.25, 12, 8.75, 13.5 ], "texture": "#texture" }
    }
},
{
    "__comment": "Wood",
    "from": [ 3.5, 3, 7.5 ],
    "to": [ 4.5, 7, 8.5 ],
    "faces": {
        "down":  { "uv": [ 10, 8, 11, 7 ], "texture": "#texture" },
        "north": { "uv": [ 7.5, 12, 8.5, 16 ], "texture": "#texture" },
        "south": { "uv": [ 7.5, 12, 8.5, 16 ], "texture": "#texture" },
        "west":  { "uv": [ 7.5, 12, 8.5, 16 ], "texture": "#texture" },
        "east":  { "uv": [ 7.5, 12, 8.5, 16 ], "texture": "#texture" }
    }
},
{
    "__comment": "Wood",
    "from": [ 3, 7, 7.5 ],
    "to": [ 5, 11, 8.5 ],
    "faces": {
        "down":  { "uv": [ 10, 8, 12, 7 ], "texture": "#texture" },
        "north": { "uv": [ 7, 8, 9, 12 ], "texture": "#texture" },
        "south": { "uv": [ 7, 8, 9, 12 ], "texture": "#texture" },
        "west":  { "uv": [ 7.5, 8, 8.5, 12 ], "texture": "#texture" },
        "east":  { "uv": [ 7.5, 8, 8.5, 12 ], "texture": "#texture" }
    }
},
{
    "__comment": "Wood",
    "from": [ 3.5, 7, 7 ],
    "to": [ 4.5, 11, 9 ],
    "faces": {
        "down":  { "uv": [ 10, 8, 11, 6 ], "texture": "#texture" },
        "north": { "uv": [ 7.5, 8, 8.5, 12 ], "texture": "#texture" },
        "south": { "uv": [ 7.5, 8, 8.5, 12 ], "texture": "#texture" },
        "west":  { "uv": [ 7, 8, 9, 12 ], "texture": "#texture" },
        "east":  { "uv": [ 7, 8, 9, 12 ], "texture": "#texture" }
    }
},
{
    "__comment": "Wood",
    "from": [ 2.6875, 10, 7.75 ],
    "to": [ 5.25, 11.5, 8.25 ],
    "faces": {
        "down":  { "uv": [ 7.25, 9.25, 8.75, 8.75 ], "texture": "#texture" },
        "north": { "uv": [ 7.25, 12, 8.75, 13.5 ], "texture": "#texture" },
        "south": { "uv": [ 7.25, 12, 8.75, 13.5 ], "texture": "#texture" },
        "west":  { "uv": [ 7.75, 12, 8.25, 13.5 ], "texture": "#texture" },
        "east":  { "uv": [ 7.75, 12, 8.25, 13.5 ], "texture": "#texture" }
    }
},
{
    "__comment": "Wood",
    "from": [ 3.75, 10, 6.6875 ],
    "to": [ 4.25, 11.5, 9.25 ],
    "faces": {
        "down":  { "uv": [ 7.75, 9.75, 8.25, 8.25 ], "texture": "#texture" },
        "north": { "uv": [ 7.75, 12, 8.25, 13.5 ], "texture": "#texture" },
        "south": { "uv": [ 7.75, 12, 8.25, 13.5 ], "texture": "#texture" },
        "west":  { "uv": [ 7.25, 12, 8.75, 13.5 ], "texture": "#texture" },
        "east":  { "uv": [ 7.25, 12, 8.75, 13.5 ], "texture": "#texture" }
    }
}
],
"display": {
    "thirdperson": {
        "rotation": [ -105, 0, 0 ],
        "translation": [ 0, 0, -5 ],
        "scale": [ 1, 1, 1 ]
    },
    "head": {
        "rotation": [ 0, 0, 0 ],
        "translation": [ 0, 6.5, 0 ],
        "scale": [ 1, 1, 1 ]
    },
    "firstperson": {
        "rotation": [ 0, 0, 0 ],
        "translation": [ -2, 6, 0 ],
        "scale": [ 1.5, 1.5, 1.5 ]
    },
    "gui": {
        "rotation": [ 0, 0, 0 ],
        "translation": [ 0, 0, 0 ],
        "scale": [ 1, 1, 1 ]
    }
}
}