{
"__comment": "3D Models by Sibsib92 with BDcraft Cubik PRO 0.87 Beta - http://bdcraft.net",
"ambientocclusion": false,
"textures": {
    "particle": "blocks/rail_normal",
    "texture": "blocks/planks_oak",
    "inner": "blocks/anvil_base",
    "outer": "blocks/iron_block",
    "redstone": "blocks/redstone_block"
},
"elements": [ 
{
    "__comment": "Wood",
    "from": [ 1, 15.0625, 0.625 ],
    "to": [ 15, 16.0625, 2.625 ],
    "rotation": { "origin": [ 1, 16.0625, 0.625 ], "axis": "x", "angle": 45 },
    "faces": {
        "down":  { "uv": [ 1, 3, 15, 1 ], "texture": "#texture" },
        "up":    { "uv": [ 1, 1, 15, 3 ], "texture": "#texture" },
        "north": { "uv": [ 15, 1, 1, 2 ], "texture": "#texture" },
        "south": { "uv": [ 1, 2, 15, 3 ], "texture": "#texture" },
        "west":  { "uv": [ 1, 3, 2, 1 ], "rotation": 90, "texture": "#texture" },
        "east":  { "uv": [ 14, 1, 15, 3 ], "rotation": 90, "texture": "#texture" }
    }
},
{
    "__comment": "Wood",
    "from": [ 1, 3.0625, 12.625 ],
    "to": [ 15, 4.0625, 14.625 ],
    "rotation": { "origin": [ 1, 4.0625, 12.625 ], "axis": "x", "angle": 45 },
    "faces": {
        "down":  { "uv": [ 1, 15, 15, 13 ], "texture": "#texture" },
        "up":    { "uv": [ 1, 13, 15, 15 ], "texture": "#texture" },
        "north": { "uv": [ 15, 13, 1, 14 ], "texture": "#texture" },
        "south": { "uv": [ 1, 14, 15, 15 ], "texture": "#texture" },
        "west":  { "uv": [ 1, 15, 2, 13 ], "rotation": 90, "texture": "#texture" },
        "east":  { "uv": [ 14, 13, 15, 15 ], "rotation": 90, "texture": "#texture" }
    }
},
{
    "__comment": "Inner",
    "from": [ 3, 17, 0 ],
    "to": [ 4, 18, 22.625 ],
    "rotation": { "origin": [ 3, 18, 0 ], "axis": "x", "angle": 45 },
    "faces": {
        "down":  { "uv": [ 1, 16, 0, 0 ], "texture": "#inner" },
        "up":    { "uv": [ 0, 0, 1, 16 ], "texture": "#inner" },
        "north": { "uv": [ 0, 0, 1, 1 ], "texture": "#inner" },
        "south": { "uv": [ 0, 15, 1, 16 ], "texture": "#inner" },
        "west":  { "uv": [ 0, 16, 1, 0 ], "rotation": 90, "texture": "#inner" },
        "east":  { "uv": [ 0, 0, 1, 16 ], "rotation": 90, "texture": "#inner" }
    }
},
{
    "__comment": "Inner",
    "from": [ 12, 17, 0 ],
    "to": [ 13, 18, 22.625 ],
    "rotation": { "origin": [ 12, 18, 0 ], "axis": "x", "angle": 45 },
    "faces": {
        "down":  { "uv": [ 1, 16, 0, 0 ], "texture": "#inner" },
        "up":    { "uv": [ 0, 0, 1, 16 ], "texture": "#inner" },
        "north": { "uv": [ 0, 0, 1, 1 ], "texture": "#inner" },
        "south": { "uv": [ 0, 15, 1, 16 ], "texture": "#inner" },
        "west":  { "uv": [ 0, 16, 1, 0 ], "rotation": 90, "texture": "#inner" },
        "east":  { "uv": [ 0, 0, 1, 16 ], "rotation": 90, "texture": "#inner" }
    }
},
{
    "__comment": "Outer",
    "from": [ 2, 17, 0 ],
    "to": [ 3, 18.5, 22.625 ],
    "rotation": { "origin": [ 2, 18.5, 0 ], "axis": "x", "angle": 45 },
    "faces": {
        "down":  { "uv": [ 16, 0, 0, 1 ], "rotation": 90, "texture": "#outer" },
        "up":    { "uv": [ 0, 0, 16, 1 ], "rotation": 90, "texture": "#outer" },
        "north": { "uv": [ 15, 0, 16, 1 ], "texture": "#outer" },
        "south": { "uv": [ 0, 0, 1, 1 ], "texture": "#outer" },
        "west":  { "uv": [ 0, 0, 16, 1 ], "texture": "#outer" },
        "east":  { "uv": [ 16, 0, 0, 1 ], "texture": "#outer" }
    }
},
{
    "__comment": "Outer",
    "from": [ 13, 17, 0 ],
    "to": [ 14, 18.5, 22.625 ],
    "rotation": { "origin": [ 13, 18.5, 0 ], "axis": "x", "angle": 45 },
    "faces": {
        "down":  { "uv": [ 16, 0, 0, 1 ], "rotation": 90, "texture": "#outer" },
        "up":    { "uv": [ 0, 0, 16, 1 ], "rotation": 90, "texture": "#outer" },
        "north": { "uv": [ 15, 0, 16, 1 ], "texture": "#outer" },
        "south": { "uv": [ 0, 0, 1, 1 ], "texture": "#outer" },
        "west":  { "uv": [ 0, 0, 16, 1 ], "texture": "#outer" },
        "east":  { "uv": [ 16, 0, 0, 1 ], "texture": "#outer" }
    }
}
]
}