{
"__comment": "3D Models by Sibsib92 with BDcraft Cubik PRO 0.87 Beta - http://bdcraft.net",
"ambientocclusion": false,
"textures": {
    "particle": "blocks/piston_top_normal",
    "texture": "blocks/piston_bottom",
    "side": "blocks/piston_side",
    "inner": "blocks/piston_inner",
    "off": "blocks/redstone_block"
},
"elements": [ 
{
    "__comment": "Redstone",
    "from": [ 7, 7, 15.5 ],
    "to": [ 9, 9, 16 ],
    "faces": {
        "down":  { "uv": [ 7, 14, 9, 13.5 ], "texture": "#off" },
        "up":    { "uv": [ 7, 13.5, 9, 14 ], "texture": "#off" },
        "south": { "uv": [ 7, 12, 9, 14 ], "texture": "#off" },
        "west":  { "uv": [ 7, 12, 7.5, 14 ], "texture": "#off" },
        "east":  { "uv": [ 7, 12, 7.5, 14 ], "texture": "#off" }
    }
},
{
    "__comment": "Redstone",
    "from": [ 7, 0, 9 ],
    "to": [ 9, 16, 11 ],
    "faces": {
        "down":  { "uv": [ 7, 14, 9, 12 ], "texture": "#off" },
        "up":    { "uv": [ 7, 12, 9, 14 ], "texture": "#off" },
        "north": { "uv": [ 7, 12, 9, 14 ], "texture": "#off" },
        "south": { "uv": [ 7, 12, 9, 14 ], "texture": "#off" },
        "west":  { "uv": [ 7, 12, 9, 14 ], "texture": "#off" },
        "east":  { "uv": [ 7, 12, 9, 14 ], "texture": "#off" }
    }
},
{
    "__comment": "Redstone",
    "from": [ 0, 7, 9 ],
    "to": [ 16, 9, 11 ],
    "faces": {
        "down":  { "uv": [ 7, 14, 9, 12 ], "texture": "#off" },
        "up":    { "uv": [ 7, 12, 9, 14 ], "texture": "#off" },
        "north": { "uv": [ 7, 12, 9, 14 ], "texture": "#off" },
        "south": { "uv": [ 7, 12, 9, 14 ], "texture": "#off" },
        "west":  { "uv": [ 7, 12, 9, 14 ], "texture": "#off" },
        "east":  { "uv": [ 7, 12, 9, 14 ], "texture": "#off" }
    }
},
{
    "__comment": "Mid",
    "from": [ 0.5, 0.5, 4.5 ],
    "to": [ 15.5, 15.5, 15.5 ],
    "faces": {
        "down":  { "uv": [ 0.5, 15.5, 15.5, 4.5 ], "texture": "#texture" },
        "up":    { "uv": [ 0.5, 4.5, 15.5, 15.5 ], "texture": "#texture" },
        "north": { "uv": [ 0.5, 0.5, 15.5, 15.5 ], "texture": "#inner" },
        "south": { "uv": [ 0.5, 0.5, 15.5, 15.5 ], "texture": "#texture" },
        "west":  { "uv": [ 4.5, 0.5, 15.5, 15.5 ], "texture": "#texture" },
        "east":  { "uv": [ 0.5, 0.5, 11.5, 15.5 ], "texture": "#texture" }
    }
},
{
    "__comment": "Frame",
    "from": [ 15, 0, 5 ],
    "to": [ 16, 1, 15 ],
    "faces": {
        "down":  { "uv": [ 11, 0, 1, 1 ], "rotation": 90, "texture": "#texture" },
        "up":    { "uv": [ 1, 0, 11, 1 ], "rotation": 90, "texture": "#texture" },
        "west":  { "uv": [ 1, 0, 11, 1 ], "texture": "#texture" },
        "east":  { "uv": [ 11, 0, 1, 1 ], "texture": "#texture" }
    }
},
{
    "__comment": "Frame",
    "from": [ 0, 0, 5 ],
    "to": [ 1, 1, 15 ],
    "faces": {
        "down":  { "uv": [ 11, 0, 1, 1 ], "rotation": 90, "texture": "#texture" },
        "up":    { "uv": [ 1, 0, 11, 1 ], "rotation": 90, "texture": "#texture" },
        "west":  { "uv": [ 1, 0, 11, 1 ], "texture": "#texture" },
        "east":  { "uv": [ 11, 0, 1, 1 ], "texture": "#texture" }
    }
},
{
    "__comment": "Frame",
    "from": [ 15, 15, 5 ],
    "to": [ 16, 16, 15 ],
    "faces": {
        "down":  { "uv": [ 11, 0, 1, 1 ], "rotation": 90, "texture": "#texture" },
        "up":    { "uv": [ 1, 0, 11, 1 ], "rotation": 90, "texture": "#texture" },
        "west":  { "uv": [ 1, 0, 11, 1 ], "texture": "#texture" },
        "east":  { "uv": [ 11, 0, 1, 1 ], "texture": "#texture" }
    }
},
{
    "__comment": "Frame",
    "from": [ 0, 15, 5 ],
    "to": [ 1, 16, 15 ],
    "faces": {
        "down":  { "uv": [ 11, 0, 1, 1 ], "rotation": 90, "texture": "#texture" },
        "up":    { "uv": [ 1, 0, 11, 1 ], "rotation": 90, "texture": "#texture" },
        "west":  { "uv": [ 1, 0, 11, 1 ], "texture": "#texture" },
        "east":  { "uv": [ 11, 0, 1, 1 ], "texture": "#texture" }
    }
},
{
    "__comment": "Frame",
    "from": [ 15, 1, 4 ],
    "to": [ 16, 15, 5 ],
    "faces": {
        "north": { "uv": [ 15, 1, 16, 15 ], "texture": "#texture" },
        "south": { "uv": [ 15, 1, 16, 15 ], "texture": "#texture" },
        "west":  { "uv": [ 15, 1, 16, 15 ], "texture": "#texture" },
        "east":  { "uv": [ 15, 1, 16, 15 ], "texture": "#texture" }
    }
},
{
    "__comment": "Frame",
    "from": [ 0, 1, 4 ],
    "to": [ 1, 15, 5 ],
    "faces": {
        "north": { "uv": [ 0, 1, 1, 15 ], "texture": "#texture" },
        "south": { "uv": [ 0, 1, 1, 15 ], "texture": "#texture" },
        "west":  { "uv": [ 0, 1, 1, 15 ], "texture": "#texture" },
        "east":  { "uv": [ 0, 1, 1, 15 ], "texture": "#texture" }
    }
},
{
    "__comment": "Frame",
    "from": [ 0, 0, 4 ],
    "to": [ 16, 1, 5 ],
    "faces": {
        "down":  { "uv": [ 0, 16, 16, 15 ], "texture": "#texture" },
        "up":    { "uv": [ 0, 15, 16, 16 ], "texture": "#texture" },
        "north": { "uv": [ 16, 15, 0, 16 ], "texture": "#texture" },
        "south": { "uv": [ 0, 15, 16, 16 ], "texture": "#texture" },
        "west":  { "uv": [ 15, 15, 16, 16 ], "texture": "#texture" },
        "east":  { "uv": [ 0, 15, 1, 16 ], "texture": "#texture" }
    }
},
{
    "__comment": "Frame",
    "from": [ 0, 15, 4 ],
    "to": [ 16, 16, 5 ],
    "faces": {
        "down":  { "uv": [ 0, 1, 16, 0 ], "texture": "#texture" },
        "up":    { "uv": [ 0, 0, 16, 1 ], "texture": "#texture" },
        "north": { "uv": [ 16, 0, 0, 1 ], "texture": "#texture" },
        "south": { "uv": [ 0, 0, 16, 1 ], "texture": "#texture" },
        "west":  { "uv": [ 15, 0, 16, 1 ], "texture": "#texture" },
        "east":  { "uv": [ 0, 0, 1, 1 ], "texture": "#texture" }
    }
},
{
    "__comment": "Frame",
    "from": [ 15, 1, 15 ],
    "to": [ 16, 15, 16 ],
    "faces": {
        "north": { "uv": [ 15, 1, 16, 15 ], "texture": "#texture" },
        "south": { "uv": [ 15, 1, 16, 15 ], "texture": "#texture" },
        "west":  { "uv": [ 15, 1, 16, 15 ], "texture": "#texture" },
        "east":  { "uv": [ 15, 1, 16, 15 ], "texture": "#texture" }
    }
},
{
    "__comment": "Frame",
    "from": [ 0, 1, 15 ],
    "to": [ 1, 15, 16 ],
    "faces": {
        "north": { "uv": [ 0, 1, 1, 15 ], "texture": "#texture" },
        "south": { "uv": [ 0, 1, 1, 15 ], "texture": "#texture" },
        "west":  { "uv": [ 0, 1, 1, 15 ], "texture": "#texture" },
        "east":  { "uv": [ 0, 1, 1, 15 ], "texture": "#texture" }
    }
},
{
    "__comment": "Frame",
    "from": [ 0, 0, 15 ],
    "to": [ 16, 1, 16 ],
    "faces": {
        "down":  { "uv": [ 0, 16, 16, 15 ], "texture": "#texture" },
        "up":    { "uv": [ 0, 15, 16, 16 ], "texture": "#texture" },
        "north": { "uv": [ 16, 15, 0, 16 ], "texture": "#texture" },
        "south": { "uv": [ 0, 15, 16, 16 ], "texture": "#texture" },
        "west":  { "uv": [ 15, 15, 16, 16 ], "texture": "#texture" },
        "east":  { "uv": [ 0, 15, 1, 16 ], "texture": "#texture" }
    }
},
{
    "__comment": "Frame",
    "from": [ 0, 15, 15 ],
    "to": [ 16, 16, 16 ],
    "faces": {
        "down":  { "uv": [ 0, 1, 16, 0 ], "texture": "#texture" },
        "up":    { "uv": [ 0, 0, 16, 1 ], "texture": "#texture" },
        "north": { "uv": [ 16, 0, 0, 1 ], "texture": "#texture" },
        "south": { "uv": [ 0, 0, 16, 1 ], "texture": "#texture" },
        "west":  { "uv": [ 15, 0, 16, 1 ], "texture": "#texture" },
        "east":  { "uv": [ 0, 0, 1, 1 ], "texture": "#texture" }
    }
}
]
}