{
"__comment": "Sibsib92 3D Models for Default Resourcepack",
"ambientocclusion": false,
"textures": {
    "particle": "blocks/leaves_spruce"
},
"elements": [ 
{
    "__comment": "MID",
    "from": [ 0, 0, 0 ],
    "to": [ 16, 16, 16 ],
    "faces": {
        "down":  { "uv": [ 0, 16, 16, 0 ], "texture": "#particle", "tintindex": 0 },
        "up":    { "uv": [ 0, 0, 16, 16 ], "texture": "#particle", "tintindex": 0 },
        "north": { "uv": [ 0, 0, 16, 16 ], "texture": "#particle", "tintindex": 0 },
        "south": { "uv": [ 0, 0, 16, 16 ], "texture": "#particle", "tintindex": 0 },
        "west":  { "uv": [ 0, 0, 16, 16 ], "texture": "#particle", "tintindex": 0 },
        "east":  { "uv": [ 0, 0, 16, 16 ], "texture": "#particle", "tintindex": 0 }
    }
}
]
}