{
"__comment": "Designed by Sibsib92 with BDcraft Cubik PRO 0.91 Beta - http://bdcraft.net",
"ambientocclusion": false,
"textures": {
    "particle": "blocks/stone"
},
"elements": [ 
{
    "from": [ 6, 1, 5 ],
    "to": [ 10, 2, 11 ],
    "faces": {
        "up":    { "uv": [ 6, 5, 10, 11 ], "texture": "#particle" },
        "north": { "uv": [ 6, 14, 10, 15 ], "texture": "#particle" },
        "south": { "uv": [ 6, 14, 10, 15 ], "texture": "#particle" },
        "west":  { "uv": [ 5, 14, 11, 15 ], "texture": "#particle" },
        "east":  { "uv": [ 5, 14, 11, 15 ], "texture": "#particle" }
    }
},
{
    "from": [ 5, 1, 6 ],
    "to": [ 11, 2, 10 ],
    "faces": {
        "up":    { "uv": [ 5, 6, 11, 10 ], "texture": "#particle" },
        "north": { "uv": [ 5, 14, 11, 15 ], "texture": "#particle" },
        "south": { "uv": [ 5, 14, 11, 15 ], "texture": "#particle" },
        "west":  { "uv": [ 6, 14, 10, 15 ], "texture": "#particle" },
        "east":  { "uv": [ 6, 14, 10, 15 ], "texture": "#particle" }
    }
},
{
    "from": [ 5, 0, 4 ],
    "to": [ 11, 1, 12 ],
    "faces": {
        "down":  { "uv": [ 11, 12, 5, 4 ], "texture": "#particle" },
        "up":    { "uv": [ 5, 4, 11, 12 ], "texture": "#particle" },
        "north": { "uv": [ 5, 15, 11, 16 ], "texture": "#particle" },
        "south": { "uv": [ 5, 15, 11, 16 ], "texture": "#particle" },
        "west":  { "uv": [ 4, 15, 12, 16 ], "texture": "#particle" },
        "east":  { "uv": [ 4, 15, 12, 16 ], "texture": "#particle" }
    }
},
{
    "from": [ 4, 0, 5 ],
    "to": [ 12, 1, 11 ],
    "faces": {
        "down":  { "uv": [ 12, 11, 4, 5 ], "texture": "#particle" },
        "up":    { "uv": [ 4, 5, 12, 11 ], "texture": "#particle" },
        "north": { "uv": [ 4, 15, 12, 16 ], "texture": "#particle" },
        "south": { "uv": [ 4, 15, 12, 16 ], "texture": "#particle" },
        "west":  { "uv": [ 5, 15, 11, 16 ], "texture": "#particle" },
        "east":  { "uv": [ 5, 15, 11, 16 ], "texture": "#particle" }
    }
}
]
}