{"__comment":"Designed by Sibsib92 with BDcraft Cubik PRO 0.85 Beta - http://bdcraft.net","textures":{"particle":"blocks/tnt_side","texture":"blocks/planks_oak"},"elements":[{"__comment":"Z Label","from":[4,6,0.875],"to":[13,10,2.375],"faces":{"north":{"uv":[1,5,15,11],"texture":"#particle"}}},{"__comment":"X Label","from":[0.875,6,4],"to":[15.125,10,12],"faces":{"west":{"uv":[1,5,15,11],"texture":"#particle"},"east":{"uv":[1,5,15,11],"texture":"#particle"}}},{"__comment":"Wood","from":[0,0,0],"to":[2,16,2],"faces":{"down":{"uv":[0,2,2,0],"texture":"#texture"},"up":{"uv":[0,0,2,2],"texture":"#texture"},"north":{"uv":[14,0,16,16],"texture":"#texture"},"south":{"uv":[0,0,2,16],"texture":"#texture"},"west":{"uv":[0,0,2,16],"texture":"#texture"},"east":{"uv":[14,0,16,16],"texture":"#texture"}}},{"__comment":"Wood","from":[14,0,0],"to":[16,16,2],"faces":{"down":{"uv":[14,2,16,0],"texture":"#texture"},"up":{"uv":[14,0,16,2],"texture":"#texture"},"north":{"uv":[0,0,2,16],"texture":"#texture"},"south":{"uv":[14,0,16,16],"texture":"#texture"},"west":{"uv":[0,0,2,16],"texture":"#texture"},"east":{"uv":[14,0,16,16],"texture":"#texture"}}},{"__comment":"Wood","from":[0,0,14],"to":[2,16,16],"faces":{"down":{"uv":[0,16,2,14],"texture":"#texture"},"up":{"uv":[0,14,2,16],"texture":"#texture"},"north":{"uv":[14,0,16,16],"texture":"#texture"},"south":{"uv":[0,0,2,16],"texture":"#texture"},"west":{"uv":[14,0,16,16],"texture":"#texture"},"east":{"uv":[0,0,2,16],"texture":"#texture"}}},{"__comment":"Wood","from":[14,0,14],"to":[16,16,16],"faces":{"down":{"uv":[14,16,16,14],"texture":"#texture"},"up":{"uv":[14,14,16,16],"texture":"#texture"},"north":{"uv":[0,0,2,16],"texture":"#texture"},"south":{"uv":[14,0,16,16],"texture":"#texture"},"west":{"uv":[14,0,16,16],"texture":"#texture"},"east":{"uv":[0,0,2,16],"texture":"#texture"}}},{"__comment":"Wood","from":[0,14,2],"to":[2,16,14],"faces":{"down":{"uv":[0,14,2,2],"texture":"#texture"},"up":{"uv":[0,2,2,14],"texture":"#texture"},"west":{"uv":[2,0,14,2],"texture":"#texture"},"east":{"uv":[2,0,14,2],"texture":"#texture"}}},{"__comment":"Wood","from":[2,14,0],"to":[14,16,2],"faces":{"down":{"uv":[2,2,14,0],"texture":"#texture"},"up":{"uv":[2,0,14,2],"texture":"#texture"},"north":{"uv":[2,0,14,2],"texture":"#texture"},"south":{"uv":[2,0,14,2],"texture":"#texture"}}},{"__comment":"Wood","from":[2,14,14],"to":[14,16,16],"faces":{"down":{"uv":[2,16,14,14],"texture":"#texture"},"up":{"uv":[2,14,14,16],"texture":"#texture"},"north":{"uv":[2,0,14,2],"texture":"#texture"},"south":{"uv":[2,0,14,2],"texture":"#texture"}}},{"__comment":"Wood","from":[14,14,2],"to":[16,16,14],"faces":{"down":{"uv":[14,14,16,2],"texture":"#texture"},"up":{"uv":[14,2,16,14],"texture":"#texture"},"west":{"uv":[2,0,14,2],"texture":"#texture"},"east":{"uv":[2,0,14,2],"texture":"#texture"}}},{"__comment":"Wood","from":[0,0,2],"to":[2,2,14],"faces":{"down":{"uv":[0,14,2,2],"texture":"#texture"},"up":{"uv":[0,2,2,14],"texture":"#texture"},"west":{"uv":[2,14,14,16],"texture":"#texture"},"east":{"uv":[2,14,14,16],"texture":"#texture"}}},{"__comment":"Wood","from":[2,0,0],"to":[14,2,2],"faces":{"down":{"uv":[2,2,14,0],"texture":"#texture"},"up":{"uv":[2,0,14,2],"texture":"#texture"},"north":{"uv":[2,14,14,16],"texture":"#texture"},"south":{"uv":[2,14,14,16],"texture":"#texture"}}},{"__comment":"Wood","from":[2,0,14],"to":[14,2,16],"faces":{"down":{"uv":[2,16,14,14],"texture":"#texture"},"up":{"uv":[2,14,14,16],"texture":"#texture"},"north":{"uv":[2,14,14,16],"texture":"#texture"},"south":{"uv":[2,14,14,16],"texture":"#texture"}}},{"__comment":"Wood","from":[14,0,2],"to":[16,2,14],"faces":{"down":{"uv":[14,14,16,2],"texture":"#texture"},"up":{"uv":[14,2,16,14],"texture":"#texture"},"west":{"uv":[2,14,14,16],"texture":"#texture"},"east":{"uv":[2,14,14,16],"texture":"#texture"}}},{"__comment":"Wood","from":[2,1,2],"to":[14,2,14],"faces":{"down":{"uv":[2,14,14,2],"texture":"#texture"},"up":{"uv":[2,2,14,14],"texture":"#texture"}}},{"__comment":"Wood","from":[2,14,2],"to":[14,15,14],"faces":{"down":{"uv":[2,14,14,2],"texture":"#texture"},"up":{"uv":[2,2,14,14],"texture":"#texture"}}},{"__comment":"Wood","from":[1,2,2],"to":[2,14,14],"faces":{"west":{"uv":[2,2,14,14],"texture":"#texture"},"east":{"uv":[2,2,14,14],"texture":"#texture"}}},{"__comment":"Wood","from":[14,2,2],"to":[15,14,14],"faces":{"west":{"uv":[2,2,14,14],"texture":"#texture"},"east":{"uv":[2,2,14,14],"texture":"#texture"}}},{"__comment":"Wood","from":[2,2,1],"to":[14,14,2],"faces":{"north":{"uv":[2,2,14,14],"texture":"#texture"},"south":{"uv":[2,2,14,14],"texture":"#texture"}}},{"__comment":"TNT","from":[2.5,2,2.5],"to":[4.5,4,14.5],"faces":{"up":{"uv":[0,2,2,14],"texture":"#particle"},"north":{"uv":[0,12,2,14],"texture":"#particle"},"south":{"uv":[0,13,2,15],"texture":"#particle"},"west":{"uv":[0,2,2,14],"rotation":90,"texture":"#particle"},"east":{"uv":[0,2,2,14],"rotation":90,"texture":"#particle"}}},{"__comment":"TNT","from":[8.5,2,1.5],"to":[10.5,4,13.5],"faces":{"up":{"uv":[0,2,2,14],"texture":"#particle"},"north":{"uv":[0,12,2,14],"texture":"#particle"},"south":{"uv":[0,13,2,15],"texture":"#particle"},"west":{"uv":[0,2,2,14],"rotation":90,"texture":"#particle"},"east":{"uv":[0,2,2,14],"rotation":90,"texture":"#particle"}}},{"__comment":"TNT","from":[11.5,2,2.75],"to":[13.5,4,14.75],"faces":{"up":{"uv":[0,2,2,14],"texture":"#particle"},"north":{"uv":[0,12,2,14],"texture":"#particle"},"south":{"uv":[0,13,2,15],"texture":"#particle"},"west":{"uv":[0,2,2,14],"rotation":90,"texture":"#particle"},"east":{"uv":[0,2,2,14],"rotation":90,"texture":"#particle"}}},{"__comment":"TNT","from":[5.5,2,1.5],"to":[7.5,4,13.5],"faces":{"up":{"uv":[0,2,2,14],"texture":"#particle"},"north":{"uv":[0,12,2,14],"texture":"#particle"},"south":{"uv":[0,13,2,15],"texture":"#particle"},"west":{"uv":[0,2,2,14],"rotation":90,"texture":"#particle"},"east":{"uv":[0,2,2,14],"rotation":90,"texture":"#particle"}}},{"__comment":"TNT","from":[4,4,2],"to":[6,6,14],"faces":{"down":{"uv":[0,14,2,2],"texture":"#particle"},"up":{"uv":[0,2,2,14],"texture":"#particle"},"south":{"uv":[0,13,2,15],"texture":"#particle"},"west":{"uv":[0,2,2,14],"rotation":90,"texture":"#particle"},"east":{"uv":[0,2,2,14],"rotation":90,"texture":"#particle"}}},{"__comment":"TNT","from":[10,4,2],"to":[12,6,14],"faces":{"down":{"uv":[0,14,2,2],"texture":"#particle"},"up":{"uv":[0,2,2,14],"texture":"#particle"},"south":{"uv":[0,13,2,15],"texture":"#particle"},"west":{"uv":[0,2,2,14],"rotation":90,"texture":"#particle"},"east":{"uv":[0,2,2,14],"rotation":90,"texture":"#particle"}}},{"__comment":"TNT","from":[9.5,6,2.5],"to":[11.5,8,14.5],"rotation":{"origin":[9.5,6,2.5],"axis":"y","angle":-22.5 },"faces":{"down":{"uv":[0,14,2,2],"texture":"#particle"},"up":{"uv":[0,2,2,14],"texture":"#particle"},"north":{"uv":[0,12,2,14],"texture":"#particle"},"south":{"uv":[0,13,2,15],"texture":"#particle"},"west":{"uv":[0,2,2,14],"rotation":90,"texture":"#particle"},"east":{"uv":[0,2,2,14],"rotation":90,"texture":"#particle"}}},{"__comment":"TNT","from":[3.5,15,11],"to":[15.5,17,13],"rotation":{"origin":[3.5,15,11],"axis":"y","angle":45 },"faces":{"down":{"uv":[0,14,2,2],"rotation":270,"texture":"#particle"},"up":{"uv":[0,2,2,14],"rotation":90,"texture":"#particle"},"north":{"uv":[0,2,2,14],"rotation":90,"texture":"#particle"},"south":{"uv":[0,2,2,14],"rotation":90,"texture":"#particle"},"west":{"uv":[0,13,2,15],"texture":"#particle"},"east":{"uv":[0,12,2,14],"texture":"#particle"}}},{"__comment":"TNT","from":[12.125,6,5],"to":[14.125,8,17],"rotation":{"origin":[12.125,8,5],"axis":"z","angle":-22.5 },"faces":{"down":{"uv":[0,14,2,2],"texture":"#particle"},"up":{"uv":[0,2,2,14],"texture":"#particle"},"north":{"uv":[0,12,2,14],"texture":"#particle"},"south":{"uv":[0,13,2,15],"texture":"#particle"},"west":{"uv":[0,2,2,14],"rotation":90,"texture":"#particle"},"east":{"uv":[0,2,2,14],"rotation":90,"texture":"#particle"}}},{"__comment":"Fuse","from":[4,16,11.5],"to":[4.5,16.5,13],"rotation":{"origin":[4,16,11.5],"axis":"y","angle":-45 },"faces":{"down":{"uv":[7.5,10,8,8.5],"texture":"#particle"},"up":{"uv":[7.5,8.5,8,10],"texture":"#particle"},"north":{"uv":[7,5,7.5,5.5],"texture":"#particle"},"south":{"uv":[7.5,5,8,5.5],"texture":"#particle"},"west":{"uv":[1.5,5,3,5.5],"texture":"#particle"},"east":{"uv":[1.5,5,3,5.5],"texture":"#particle"}}},{"__comment":"Fuse","from":[3,2.5,14.5],"to":[3.5,3,16],"faces":{"down":{"uv":[7.5,10,8,8.5],"texture":"#particle"},"up":{"uv":[7.5,8.5,8,10],"texture":"#particle"},"south":{"uv":[7.5,5,8,5.5],"texture":"#particle"},"west":{"uv":[1.5,5,3,5.5],"texture":"#particle"},"east":{"uv":[1.5,5,3,5.5],"texture":"#particle"}}},{"__comment":"Fuse","from":[11,5,14],"to":[11.5,5.5,15.5],"faces":{"down":{"uv":[7.5,10,8,8.5],"texture":"#particle"},"up":{"uv":[7.5,8.5,8,10],"texture":"#particle"},"south":{"uv":[7.5,5,8,5.5],"texture":"#particle"},"west":{"uv":[1.5,5,3,5.5],"texture":"#particle"},"east":{"uv":[1.5,5,3,5.5],"texture":"#particle"}}},{"__comment":"Fuse","from":[5,4.5,14.5],"to":[5.5,5,16],"faces":{"down":{"uv":[7.5,10,8,8.5],"texture":"#particle"},"up":{"uv":[7.5,8.5,8,10],"texture":"#particle"},"north":{"uv":[7,5,7.5,5.5],"texture":"#particle"},"south":{"uv":[7.5,5,8,5.5],"texture":"#particle"},"west":{"uv":[1.5,5,3,5.5],"texture":"#particle"},"east":{"uv":[1.5,5,3,5.5],"texture":"#particle"}}},{"__comment":"Fuse","from":[12,2.5,14.5],"to":[12.5,3,16],"faces":{"down":{"uv":[7.5,10,8,8.5],"texture":"#particle"},"up":{"uv":[7.5,8.5,8,10],"texture":"#particle"},"north":{"uv":[7,5,7.5,5.5],"texture":"#particle"},"south":{"uv":[7.5,5,8,5.5],"texture":"#particle"},"west":{"uv":[1.5,5,3,5.5],"texture":"#particle"},"east":{"uv":[1.5,5,3,5.5],"texture":"#particle"}}},{"__comment":"Fuse","from":[9.5,2.5,13.5],"to":[10,3,15],"faces":{"down":{"uv":[7.5,10,8,8.5],"texture":"#particle"},"up":{"uv":[7.5,8.5,8,10],"texture":"#particle"},"south":{"uv":[7.5,5,8,5.5],"texture":"#particle"},"west":{"uv":[1.5,5,3,5.5],"texture":"#particle"},"east":{"uv":[1.5,5,3,5.5],"texture":"#particle"}}},{"__comment":"Fuse","from":[6,3,13.5],"to":[6.5,3.5,15],"faces":{"down":{"uv":[7.5,10,8,8.5],"texture":"#particle"},"up":{"uv":[7.5,8.5,8,10],"texture":"#particle"},"south":{"uv":[7.5,5,8,5.5],"texture":"#particle"},"west":{"uv":[1.5,5,3,5.5],"texture":"#particle"},"east":{"uv":[1.5,5,3,5.5],"texture":"#particle"}}},{"__comment":"Fuse","from":[5.5,6.5,13.5],"to":[6,7,15],"rotation":{"origin":[5.5,6.5,13.5],"axis":"y","angle":-22.5 },"faces":{"down":{"uv":[7.5,10,8,8.5],"texture":"#particle"},"up":{"uv":[7.5,8.5,8,10],"texture":"#particle"},"north":{"uv":[7,5,7.5,5.5],"texture":"#particle"},"south":{"uv":[7.5,5,8,5.5],"texture":"#particle"},"west":{"uv":[1.5,5,3,5.5],"texture":"#particle"},"east":{"uv":[1.5,5,3,5.5],"texture":"#particle"}}},{"__comment":"Fuse","from":[12.5,6.5,17],"to":[13,7,18.5],"rotation":{"origin":[12.5,7,17],"axis":"z","angle":-22.5 },"faces":{"down":{"uv":[7.5,10,8,8.5],"texture":"#particle"},"up":{"uv":[7.5,8.5,8,10],"texture":"#particle"},"south":{"uv":[7.5,5,8,5.5],"texture":"#particle"},"west":{"uv":[1.5,5,3,5.5],"texture":"#particle"},"east":{"uv":[1.5,5,3,5.5],"texture":"#particle"}}}]}