{
    "variants": {
        "facing=east,half=lower,hinge=left,open=false":  { "model": "birch_door" },
        "facing=south,half=lower,hinge=left,open=false": { "model": "birch_door", "y": 90 },
        "facing=west,half=lower,hinge=left,open=false":  { "model": "birch_door", "y": 180 },
        "facing=north,half=lower,hinge=left,open=false": { "model": "birch_door", "y": 270 },
        "facing=east,half=lower,hinge=right,open=false":  { "model": "birch_door_rh" },
        "facing=south,half=lower,hinge=right,open=false": { "model": "birch_door_rh", "y": 90 },
        "facing=west,half=lower,hinge=right,open=false":  { "model": "birch_door_rh", "y": 180 },
        "facing=north,half=lower,hinge=right,open=false": { "model": "birch_door_rh", "y": 270 },
        "facing=east,half=lower,hinge=left,open=true":  { "model": "birch_door_rh", "y": 90 },
        "facing=south,half=lower,hinge=left,open=true": { "model": "birch_door_rh", "y": 180 },
        "facing=west,half=lower,hinge=left,open=true":  { "model": "birch_door_rh", "y": 270 },
        "facing=north,half=lower,hinge=left,open=true": { "model": "birch_door_rh" },
        "facing=east,half=lower,hinge=right,open=true":  { "model": "birch_door", "y": 270 },
        "facing=south,half=lower,hinge=right,open=true": { "model": "birch_door" },
        "facing=west,half=lower,hinge=right,open=true":  { "model": "birch_door", "y": 90 },
        "facing=north,half=lower,hinge=right,open=true": { "model": "birch_door", "y": 180 },
        "facing=east,half=upper,hinge=left,open=false":  { "model": "birch_door_handle" },
        "facing=south,half=upper,hinge=left,open=false": { "model": "birch_door_handle", "y": 90 },
        "facing=west,half=upper,hinge=left,open=false":  { "model": "birch_door_handle", "y": 180 },
        "facing=north,half=upper,hinge=left,open=false": { "model": "birch_door_handle", "y": 270 },
        "facing=east,half=upper,hinge=right,open=false":  { "model": "birch_door_handle_rh" },
        "facing=south,half=upper,hinge=right,open=false": { "model": "birch_door_handle_rh", "y": 90 },
        "facing=west,half=upper,hinge=right,open=false":  { "model": "birch_door_handle_rh", "y": 180 },
        "facing=north,half=upper,hinge=right,open=false": { "model": "birch_door_handle_rh", "y": 270 },
        "facing=east,half=upper,hinge=left,open=true":  { "model": "birch_door_handle_rh", "y": 90 },
        "facing=south,half=upper,hinge=left,open=true": { "model": "birch_door_handle_rh", "y": 180 },
        "facing=west,half=upper,hinge=left,open=true":  { "model": "birch_door_handle_rh", "y": 270 },
        "facing=north,half=upper,hinge=left,open=true": { "model": "birch_door_handle_rh" },
        "facing=east,half=upper,hinge=right,open=true":  { "model": "birch_door_handle", "y": 270 },
        "facing=south,half=upper,hinge=right,open=true": { "model": "birch_door_handle" },
        "facing=west,half=upper,hinge=right,open=true":  { "model": "birch_door_handle", "y": 90 },
        "facing=north,half=upper,hinge=right,open=true": { "model": "birch_door_handle", "y": 180 }
    }
}
