{
    "variants": {
"power=0": { "model": "daylight_detector_inverted_0" },
"power=1": { "model": "daylight_detector_inverted_1" },
"power=2": { "model": "daylight_detector_inverted_2" },
"power=3": { "model": "daylight_detector_inverted_3" },
"power=4": { "model": "daylight_detector_inverted_4" },
"power=5": { "model": "daylight_detector_inverted_5" },
"power=6": { "model": "daylight_detector_inverted_6" },
"power=7": { "model": "daylight_detector_inverted_7" },
"power=8": { "model": "daylight_detector_inverted_8" },
"power=9": { "model": "daylight_detector_inverted_9" },
"power=10": { "model": "daylight_detector_inverted_10" },
"power=11": { "model": "daylight_detector_inverted_11" },
"power=12": { "model": "daylight_detector_inverted_12" },
"power=13": { "model": "daylight_detector_inverted_13" },
"power=14": { "model": "daylight_detector_inverted_14" },
"power=15": { "model": "daylight_detector_inverted_15" }
    }
}
