{
    "variants": {
        "normal": [
            { "model": "waterlily", "weight": 26 },
            { "model": "waterlily", "y": 90, "weight": 25 },
            { "model": "waterlily", "y": 180, "weight": 25 },
            { "model": "waterlily", "y": 270, "weight": 25 },
            { "model": "waterlily_1", "weight": 25 },
            { "model": "waterlily_1", "y": 90, "weight": 25 },
            { "model": "waterlily_1", "y": 180, "weight": 25 },
            { "model": "waterlily_1", "y": 270, "weight": 25 }
        ]
    }
}
